{
  "model_type": "effnet_ts",
  "day": 30,
  "best_val_acc": 0.9444444179534912,
  "optimal_threshold": 0.33999999999999997,
  "val_at_optimal": {
    "threshold": 0.33999999999999997,
    "accuracy": 0.9444444444444444,
    "precision": 0.9333333333333333,
    "recall": 1.0,
    "f1": 0.9655172413793104,
    "TNR": 0.75,
    "TPR": 1.0,
    "sensitivity": 1.0,
    "specificity": 0.75,
    "balanced_acc": 0.875,
    "TN": 3,
    "FP": 1,
    "FN": 0,
    "TP": 14,
    "confusion_matrix": [
      [
        3,
        1
      ],
      [
        0,
        14
      ]
    ]
  },
  "test_at_optimal": {
    "threshold": 0.33999999999999997,
    "accuracy": 0.9090909090909091,
    "precision": 0.918918918918919,
    "recall": 0.9714285714285714,
    "f1": 0.9444444444444444,
    "TNR": 0.6666666666666666,
    "TPR": 0.9714285714285714,
    "sensitivity": 0.9714285714285714,
    "specificity": 0.6666666666666666,
    "balanced_acc": 0.819047619047619,
    "TN": 6,
    "FP": 3,
    "FN": 1,
    "TP": 34,
    "confusion_matrix": [
      [
        6,
        3
      ],
      [
        1,
        34
      ]
    ]
  },
  "val_at_0.5": {
    "threshold": 0.5,
    "accuracy": 0.9444444444444444,
    "precision": 0.9333333333333333,
    "recall": 1.0,
    "f1": 0.9655172413793104,
    "TNR": 0.75,
    "TPR": 1.0,
    "sensitivity": 1.0,
    "specificity": 0.75,
    "balanced_acc": 0.875,
    "TN": 3,
    "FP": 1,
    "FN": 0,
    "TP": 14,
    "confusion_matrix": [
      [
        3,
        1
      ],
      [
        0,
        14
      ]
    ]
  },
  "test_at_0.5": {
    "threshold": 0.5,
    "accuracy": 0.8863636363636364,
    "precision": 0.9166666666666666,
    "recall": 0.9428571428571428,
    "f1": 0.9295774647887324,
    "TNR": 0.6666666666666666,
    "TPR": 0.9428571428571428,
    "sensitivity": 0.9428571428571428,
    "specificity": 0.6666666666666666,
    "balanced_acc": 0.8047619047619048,
    "TN": 6,
    "FP": 3,
    "FN": 2,
    "TP": 33,
    "confusion_matrix": [
      [
        6,
        3
      ],
      [
        2,
        33
      ]
    ]
  },
  "threshold_results": [
    {
      "threshold": "fixed",
      "threshold_value": 0.5,
      "val": {
        "threshold": 0.5,
        "accuracy": 0.9444444444444444,
        "precision": 0.9333333333333333,
        "recall": 1.0,
        "f1": 0.9655172413793104,
        "TNR": 0.75,
        "TPR": 1.0,
        "sensitivity": 1.0,
        "specificity": 0.75,
        "balanced_acc": 0.875,
        "TN": 3,
        "FP": 1,
        "FN": 0,
        "TP": 14,
        "confusion_matrix": [
          [
            3,
            1
          ],
          [
            0,
            14
          ]
        ]
      },
      "test": {
        "threshold": 0.5,
        "accuracy": 0.8863636363636364,
        "precision": 0.9166666666666666,
        "recall": 0.9428571428571428,
        "f1": 0.9295774647887324,
        "TNR": 0.6666666666666666,
        "TPR": 0.9428571428571428,
        "sensitivity": 0.9428571428571428,
        "specificity": 0.6666666666666666,
        "balanced_acc": 0.8047619047619048,
        "TN": 6,
        "FP": 3,
        "FN": 2,
        "TP": 33,
        "confusion_matrix": [
          [
            6,
            3
          ],
          [
            2,
            33
          ]
        ]
      }
    },
    {
      "threshold": "fixed",
      "threshold_value": 0.6,
      "val": {
        "threshold": 0.6,
        "accuracy": 0.9444444444444444,
        "precision": 0.9333333333333333,
        "recall": 1.0,
        "f1": 0.9655172413793104,
        "TNR": 0.75,
        "TPR": 1.0,
        "sensitivity": 1.0,
        "specificity": 0.75,
        "balanced_acc": 0.875,
        "TN": 3,
        "FP": 1,
        "FN": 0,
        "TP": 14,
        "confusion_matrix": [
          [
            3,
            1
          ],
          [
            0,
            14
          ]
        ]
      },
      "test": {
        "threshold": 0.6,
        "accuracy": 0.8636363636363636,
        "precision": 0.9142857142857143,
        "recall": 0.9142857142857143,
        "f1": 0.9142857142857143,
        "TNR": 0.6666666666666666,
        "TPR": 0.9142857142857143,
        "sensitivity": 0.9142857142857143,
        "specificity": 0.6666666666666666,
        "balanced_acc": 0.7904761904761904,
        "TN": 6,
        "FP": 3,
        "FN": 3,
        "TP": 32,
        "confusion_matrix": [
          [
            6,
            3
          ],
          [
            3,
            32
          ]
        ]
      }
    },
    {
      "threshold": "fixed",
      "threshold_value": 0.7,
      "val": {
        "threshold": 0.7,
        "accuracy": 0.9444444444444444,
        "precision": 0.9333333333333333,
        "recall": 1.0,
        "f1": 0.9655172413793104,
        "TNR": 0.75,
        "TPR": 1.0,
        "sensitivity": 1.0,
        "specificity": 0.75,
        "balanced_acc": 0.875,
        "TN": 3,
        "FP": 1,
        "FN": 0,
        "TP": 14,
        "confusion_matrix": [
          [
            3,
            1
          ],
          [
            0,
            14
          ]
        ]
      },
      "test": {
        "threshold": 0.7,
        "accuracy": 0.8409090909090909,
        "precision": 0.9117647058823529,
        "recall": 0.8857142857142857,
        "f1": 0.8985507246376812,
        "TNR": 0.6666666666666666,
        "TPR": 0.8857142857142857,
        "sensitivity": 0.8857142857142857,
        "specificity": 0.6666666666666666,
        "balanced_acc": 0.7761904761904761,
        "TN": 6,
        "FP": 3,
        "FN": 4,
        "TP": 31,
        "confusion_matrix": [
          [
            6,
            3
          ],
          [
            4,
            31
          ]
        ]
      }
    },
    {
      "threshold": "fixed",
      "threshold_value": 0.8,
      "val": {
        "threshold": 0.8,
        "accuracy": 0.9444444444444444,
        "precision": 0.9333333333333333,
        "recall": 1.0,
        "f1": 0.9655172413793104,
        "TNR": 0.75,
        "TPR": 1.0,
        "sensitivity": 1.0,
        "specificity": 0.75,
        "balanced_acc": 0.875,
        "TN": 3,
        "FP": 1,
        "FN": 0,
        "TP": 14,
        "confusion_matrix": [
          [
            3,
            1
          ],
          [
            0,
            14
          ]
        ]
      },
      "test": {
        "threshold": 0.8,
        "accuracy": 0.8409090909090909,
        "precision": 0.9117647058823529,
        "recall": 0.8857142857142857,
        "f1": 0.8985507246376812,
        "TNR": 0.6666666666666666,
        "TPR": 0.8857142857142857,
        "sensitivity": 0.8857142857142857,
        "specificity": 0.6666666666666666,
        "balanced_acc": 0.7761904761904761,
        "TN": 6,
        "FP": 3,
        "FN": 4,
        "TP": 31,
        "confusion_matrix": [
          [
            6,
            3
          ],
          [
            4,
            31
          ]
        ]
      }
    },
    {
      "threshold": "fixed",
      "threshold_value": 0.9,
      "val": {
        "threshold": 0.9,
        "accuracy": 0.9444444444444444,
        "precision": 0.9333333333333333,
        "recall": 1.0,
        "f1": 0.9655172413793104,
        "TNR": 0.75,
        "TPR": 1.0,
        "sensitivity": 1.0,
        "specificity": 0.75,
        "balanced_acc": 0.875,
        "TN": 3,
        "FP": 1,
        "FN": 0,
        "TP": 14,
        "confusion_matrix": [
          [
            3,
            1
          ],
          [
            0,
            14
          ]
        ]
      },
      "test": {
        "threshold": 0.9,
        "accuracy": 0.8409090909090909,
        "precision": 0.9117647058823529,
        "recall": 0.8857142857142857,
        "f1": 0.8985507246376812,
        "TNR": 0.6666666666666666,
        "TPR": 0.8857142857142857,
        "sensitivity": 0.8857142857142857,
        "specificity": 0.6666666666666666,