{
  "day": "Dy20_5",
  "day_no": 20,
  "split": "test",
  "accuracy": 0.7931034482758621,
  "f1": 0.8695652173913043,
  "roc_auc": 0.7440476190476191,
  "pr_auc": 0.8633692305268945,
  "val_accuracy_for_selection": 0.8620689655172413,
  "val_n": 29,
  "test_n": 29,
  "actual_good": 21,
  "predicted_good": 25,
  "batch_size_train": 16,
  "batch_size_valtest": 16,
  "backbone_key": "resnet",
  "input_key": "overlay_path",
  "use_mask": true
}