{
  "day": "Dy20_5",
  "split": "val",
  "accuracy": 0.8620689655172413,
  "f1": 0.9130434782608695,
  "roc_auc": 0.7440476190476191,
  "pr_auc": 0.8195740761939827,
  "n": 29,
  "batch_size": 16,
  "input_key": "overlay_path",
  "use_mask": true
}