{
  "per_model": {
    "vit": {
      "per_day": {
        "Dy3": {
          "day_no": 3,
          "test_accuracy": 0.7586206896551724,
          "test_f1": 0.8444444444444444,
          "test_roc_auc": 0.7916666666666667,
          "val_accuracy": 0.7586206896551724,
          "val_roc_auc": 0.7444444444444445,
          "test_num": 29
        },
        "Dy6": {
          "day_no": 6,
          "test_accuracy": 0.7241379310344828,
          "test_f1": 0.8,
          "test_roc_auc": 0.7559523809523809,
          "val_accuracy": 0.7241379310344828,
          "val_roc_auc": 0.6833333333333333,
          "test_num": 29
        },
        "Dy8": {
          "day_no": 8,
          "test_accuracy": 0.7241379310344828,
          "test_f1": 0.84,
          "test_roc_auc": 0.5297619047619048,
          "val_accuracy": 0.6896551724137931,
          "val_roc_auc": 0.6666666666666667,
          "test_num": 29
        },
        "Dy10": {
          "day_no": 10,
          "test_accuracy": 0.6896551724137931,
          "test_f1": 0.7692307692307693,
          "test_roc_auc": 0.6607142857142857,
          "val_accuracy": 0.7931034482758621,
          "val_roc_auc": 0.7333333333333334,
          "test_num": 29
        },
        "Dy13": {
          "day_no": 13,
          "test_accuracy": 0.5172413793103449,
          "test_f1": 0.6666666666666666,
          "test_roc_auc": 0.38095238095238093,
          "val_accuracy": 0.7586206896551724,
          "val_roc_auc": 0.6944444444444444,
          "test_num": 29
        },
        "Dy15": {
          "day_no": 15,
          "test_accuracy": 0.6206896551724138,
          "test_f1": 0.7317073170731707,
          "test_roc_auc": 0.5416666666666666,
          "val_accuracy": 0.7241379310344828,
          "val_roc_auc": 0.6222222222222222,
          "test_num": 29
        },
        "Dy17": {
          "day_no": 17,
          "test_accuracy": 0.6896551724137931,
          "test_f1": 0.8085106382978723,
          "test_roc_auc": 0.6845238095238095,
          "val_accuracy": 0.7586206896551724,
          "val_roc_auc": 0.6,
          "test_num": 29
        },
        "Dy20_5": {
          "day_no": 20,
          "test_accuracy": 0.8620689655172413,
          "test_f1": 0.9090909090909091,
          "test_roc_auc": 0.8035714285714286,
          "val_accuracy": 0.7931034482758621,
          "val_roc_auc": 0.6547619047619048,
          "test_num": 29
        },
        "Dy24": {
          "day_no": 24,
          "test_accuracy": 0.7586206896551724,
          "test_f1": 0.8372093023255814,
          "test_roc_auc": 0.7166666666666667,
          "val_accuracy": 0.9310344827586207,
          "val_roc_auc": 0.85,
          "test_num": 29
        },
        "Dy28": {
          "day_no": 28,
          "test_accuracy": 0.8,
          "test_f1": 0.8571428571428571,
          "test_roc_auc": 0.91005291005291,
          "val_accuracy": 0.9,
          "val_roc_auc": 0.7830687830687831,
          "test_num": 30
        },
        "Dy30": {
          "day_no": 30,
          "test_accuracy": 0.8333333333333334,
          "test_f1": 0.8837209302325582,
          "test_roc_auc": 0.9047619047619048,
          "val_accuracy": 0.9333333333333333,
          "val_roc_auc": 0.8201058201058201,
          "test_num": 30
        }
      }
    },
    "resnet": {
      "per_day": {
        "Dy3": {
          "day_no": 3,
          "test_accuracy": 0.6551724137931034,
          "test_f1": 0.782608695652174,
          "test_roc_auc": 0.5416666666666666,
          "val_accuracy": 0.7586206896551724,
          "val_roc_auc": 0.7277777777777777,
          "test_num": 29
        },
        "Dy6": {
          "day_no": 6,
          "test_accuracy": 0.7931034482758621,
          "test_f1": 0.8571428571428571,
          "test_roc_auc": 0.7202380952380952,
          "val_accuracy": 0.7931034482758621,
          "val_roc_auc": 0.7444444444444445,
          "test_num": 29
        },
        "Dy8": {
          "day_no": 8,
          "test_accuracy": 0.5517241379310345,
          "test_f1": 0.6976744186046512,
          "test_roc_auc": 0.6071428571428572,
          "val_accuracy": 0.7931034482758621,
          "val_roc_auc": 0.7666666666666667,
          "test_num": 29
        },
        "Dy10": {
          "day_no": 10,
          "test_accuracy": 0.6206896551724138,
          "test_f1": 0.7441860465116279,
          "test_roc_auc": 0.5892857142857143,
          "val_accuracy": 0.7931034482758621,
          "val_roc_auc": 0.7388888888888889,
          "test_num": 29
        },
        "Dy13": {
          "day_no": 13,
          "test_accuracy": 0.6551724137931034,
          "test_f1": 0.782608695652174,
          "test_roc_auc": 0.5595238095238095,
          "val_accuracy": 0.6896551724137931,
          "val_roc_auc": 0.49444444444444446,
          "test_num": 29
        },
        "Dy15": {
          "day_no": 15,
          "test_accuracy": 0.7241379310344828,
          "test_f1": 0.84,
          "test_roc_auc": 0.42857142857142855,
          "val_accuracy": 0.6896551724137931,
          "val_roc_auc": 0.6277777777777778,
          "test_num": 29
        },
        "Dy17": {
          "day_no": 17,
          "test_accuracy": 0.7241379310344828,
          "test_f1": 0.84,
          "test_roc_auc": 0.8452380952380952,
          "val_accuracy": 0.6896551724137931,
          "val_roc_auc": 0.6444444444444444,
          "test_num": 29
        },
        "Dy20_5": {
          "day_no": 20,
          "test_accuracy": 0.7586206896551724,
          "test_f1": 0.8372093023255814,
          "test_roc_auc": 0.7321428571428571,
          "val_accuracy": 0.8620689655172413,
          "val_roc_auc": 0.75,
          "test_num": 29
        },
        "Dy24": {
          "day_no": 24,
          "test_accuracy": 0.7931034482758621,
          "test_f1": 0.8571428571428571,
          "test_roc_auc": 0.7055555555555557,
          "val_accuracy": 0.9310344827586207,
          "val_roc_auc": 0.9111111111111111,
          "test_num": 29
        },
        "Dy28": {
          "day_no": 28,
          "test_accuracy": 0.8333333333333334,
          "test_f1": 0.8888888888888888,
          "test_roc_auc": 0.9100529100529101,
          "val_accuracy": 0.9,
          "val_roc_auc": 0.8253968253968255,
          "test_num": 30
        },
        "Dy30": {
          "day_no": 30,
          "test_accuracy": 0.8666666666666667,
          "test_f1": 0.9130434782608695,
          "test_roc_auc": 0.9312169312169312,
          "val_accuracy": 0.9333333333333333,
          "val_roc_auc": 0.798941798941799,
          "test_num": 30
        }
      }
    },
    "cnn": {
      "per_day": {
        "Dy3": {
          "day_no": 3,
          "test_accuracy": 0.5862068965517241,
          "test_f1": 0.6666666666666666,
          "test_roc_auc": 0.6785714285714286,
          "val_accuracy": 0.6896551724137931,
          "val_roc_auc": 0.6888888888888889,
          "test_num": 29
        },
        "Dy6": {
          "day_no": 6,
          "test_accuracy": 0.7586206896551724,
          "test_f1": 0.8292682926829268,
          "test_roc_auc": 0.7083333333333333,
          "val_accuracy": 0.7241379310344828,
          "val_roc_auc": 0.7111111111111111,
          "test_num": 29
        },
        "Dy8": {
          "day_no": 8,
          "test_accuracy": 0.7241379310344828,
          "test_f1": 0.84,
          "test_roc_auc": 0.4583333333333333,
          "val_accuracy": 0.6896551724137931,
          "val_roc_auc": 0.3111111111111111,
          "test_num": 29
        },
        "Dy10": {
          "day_no": 10,
          "test_accuracy": 0.7586206896551724,
          "test_f1": 0.8444444444444444,
          "test_roc_auc": 0.5714285714285714,
          "val_accuracy": 0.7931034482758621,
          "val_roc_auc": 0.6499999999999999,
          "test_num": 29
        },
        "Dy13": {
          "day_no": 13,
          "test_accuracy": 0.6551724137931034,
          "test_f1": 0.7058823529411765,