{
  "day": "Dy17",
  "split": "val",
  "accuracy": 0.7241379310344828,
  "f1": 0.8181818181818182,
  "roc_auc": 0.6666666666666666,
  "pr_auc": 0.7803915066415067,
  "n": 29,
  "batch_size": 16,
  "input_key": "img_path",
  "use_mask": false
}