{
  "day": "Dy17",
  "day_no": 17,
  "split": "test",
  "accuracy": 0.8275862068965517,
  "f1": 0.8780487804878049,
  "roc_auc": 0.7857142857142857,
  "pr_auc": 0.8977004575191221,
  "val_accuracy_for_selection": 0.7241379310344828,
  "val_n": 29,
  "test_n": 29,
  "actual_good": 21,
  "predicted_good": 20,
  "batch_size_train": 16,
  "batch_size_valtest": 16,
  "backbone_key": "resnet",
  "input_key": "img_path",
  "use_mask": false
}