{
  "day": "Dy20_5",
  "split": "val",
  "accuracy": 0.9259259259259259,
  "f1": 0.9473684210526315,
  "roc_auc": 0.9928571428571429,
  "pr_auc": 0.9976190476190476,
  "n": 27,
  "batch_size": 16
}