{
  "day": "Dy20_5",
  "day_no": 20,
  "split": "test",
  "accuracy": 0.8518518518518519,
  "f1": 0.9,
  "roc_auc": 0.763157894736842,
  "pr_auc": 0.8518294647796032,
  "val_accuracy_for_selection": 0.9259259259259259,
  "val_n": 27,
  "test_n": 27,
  "actual_good": 19,
  "predicted_good": 21,
  "batch_size_train": 16,
  "batch_size_valtest": 16,
  "backbone_key": "vit"
}