{
  "day": "Dy15",
  "split": "val",
  "accuracy": 0.7241379310344828,
  "f1": 0.8333333333333334,
  "roc_auc": 0.55,
  "pr_auc": 0.7536416789022289,
  "n": 29,
  "batch_size": 16,
  "input_key": "img_path",
  "use_mask": false
}