{
  "day": "Dy8",
  "split": "val",
  "brier": 0.08213406801223755,
  "rmse": 0.28659042716026306,
  "acc@0.5": 0.9629629629629629,
  "f1@0.5": 0.9743589743589743,
  "corr": 0.7944308519363403,
  "roc_auc": 0.9276315789473684,
  "pr_auc": 0.959538347201293,
  "chosen_threshold": 0.49,
  "threshold_method": "max_f1",
  "min_precision": null,
  "n": 27,
  "batch_size": 16
}