{
  "model_type": "effnet_ts",
  "day": 24,
  "best_val_acc": 0.6666666865348816,
  "optimal_threshold": 0.16,
  "val_at_optimal": {
    "threshold": 0.16,
    "accuracy": 0.9444444444444444,
    "precision": 0.9333333333333333,
    "recall": 1.0,
    "f1": 0.9655172413793104,
    "TNR": 0.75,
    "TPR": 1.0,
    "sensitivity": 1.0,
    "specificity": 0.75,
    "balanced_acc": 0.875,
    "TN": 3,
    "FP": 1,
    "FN": 0,
    "TP": 14,
    "confusion_matrix": [
      [
        3,
        1
      ],
      [
        0,
        14
      ]
    ]
  },
  "test_at_optimal": {
    "threshold": 0.16,
    "accuracy": 0.6818181818181818,
    "precision": 0.8387096774193549,
    "recall": 0.7428571428571429,
    "f1": 0.7878787878787878,
    "TNR": 0.4444444444444444,
    "TPR": 0.7428571428571429,
    "sensitivity": 0.7428571428571429,
    "specificity": 0.4444444444444444,
    "balanced_acc": 0.5936507936507937,
    "TN": 4,
    "FP": 5,
    "FN": 9,
    "TP": 26,
    "confusion_matrix": [
      [
        4,
        5
      ],
      [
        9,
        26
      ]
    ]
  },
  "val_at_0.5": {
    "threshold": 0.5,
    "accuracy": 0.6666666666666666,
    "precision": 0.9,
    "recall": 0.6428571428571429,
    "f1": 0.75,
    "TNR": 0.75,
    "TPR": 0.6428571428571429,
    "sensitivity": 0.6428571428571429,
    "specificity": 0.75,
    "balanced_acc": 0.6964285714285714,
    "TN": 3,
    "FP": 1,
    "FN": 5,
    "TP": 9,
    "confusion_matrix": [
      [
        3,
        1
      ],
      [
        5,
        9
      ]
    ]
  },
  "test_at_0.5": {
    "threshold": 0.5,
    "accuracy": 0.5227272727272727,
    "precision": 0.8888888888888888,
    "recall": 0.45714285714285713,
    "f1": 0.6037735849056604,
    "TNR": 0.7777777777777778,
    "TPR": 0.45714285714285713,
    "sensitivity": 0.45714285714285713,
    "specificity": 0.7777777777777778,
    "balanced_acc": 0.6174603174603175,
    "TN": 7,
    "FP": 2,
    "FN": 19,
    "TP": 16,
    "confusion_matrix": [
      [
        7,
        2
      ],
      [
        19,
        16
      ]
    ]
  },
  "threshold_results": [
    {
      "threshold": "fixed",
      "threshold_value": 0.5,
      "val": {
        "threshold": 0.5,
        "accuracy": 0.6666666666666666,
        "precision": 0.9,
        "recall": 0.6428571428571429,
        "f1": 0.75,
        "TNR": 0.75,
        "TPR": 0.6428571428571429,
        "sensitivity": 0.6428571428571429,
        "specificity": 0.75,
        "balanced_acc": 0.6964285714285714,
        "TN": 3,
        "FP": 1,
        "FN": 5,
        "TP": 9,
        "confusion_matrix": [
          [
            3,
            1
          ],
          [
            5,
            9
          ]
        ]
      },
      "test": {
        "threshold": 0.5,
        "accuracy": 0.5227272727272727,
        "precision": 0.8888888888888888,
        "recall": 0.45714285714285713,
        "f1": 0.6037735849056604,
        "TNR": 0.7777777777777778,
        "TPR": 0.45714285714285713,
        "sensitivity": 0.45714285714285713,
        "specificity": 0.7777777777777778,
        "balanced_acc": 0.6174603174603175,
        "TN": 7,
        "FP": 2,
        "FN": 19,
        "TP": 16,
        "confusion_matrix": [
          [
            7,
            2
          ],
          [
            19,
            16
          ]
        ]
      }
    },
    {
      "threshold": "fixed",
      "threshold_value": 0.6,
      "val": {
        "threshold": 0.6,
        "accuracy": 0.6111111111111112,
        "precision": 0.8888888888888888,
        "recall": 0.5714285714285714,
        "f1": 0.6956521739130435,
        "TNR": 0.75,
        "TPR": 0.5714285714285714,
        "sensitivity": 0.5714285714285714,
        "specificity": 0.75,
        "balanced_acc": 0.6607142857142857,
        "TN": 3,
        "FP": 1,
        "FN": 6,
        "TP": 8,
        "confusion_matrix": [
          [
            3,
            1
          ],
          [
            6,
            8
          ]
        ]
      },
      "test": {
        "threshold": 0.6,
        "accuracy": 0.45454545454545453,
        "precision": 0.8666666666666667,
        "recall": 0.37142857142857144,
        "f1": 0.52,
        "TNR": 0.7777777777777778,
        "TPR": 0.37142857142857144,
        "sensitivity": 0.37142857142857144,
        "specificity": 0.7777777777777778,
        "balanced_acc": 0.5746031746031746,
        "TN": 7,
        "FP": 2,
        "FN": 22,
        "TP": 13,
        "confusion_matrix": [
          [
            7,
            2
          ],
          [
            22,
            13
          ]
        ]
      }
    },
    {
      "threshold": "fixed",
      "threshold_value": 0.7,
      "val": {
        "threshold": 0.7,
        "accuracy": 0.6111111111111112,
        "precision": 0.8888888888888888,
        "recall": 0.5714285714285714,
        "f1": 0.6956521739130435,
        "TNR": 0.75,
        "TPR": 0.5714285714285714,
        "sensitivity": 0.5714285714285714,
        "specificity": 0.75,
        "balanced_acc": 0.6607142857142857,
        "TN": 3,
        "FP": 1,
        "FN": 6,
        "TP": 8,
        "confusion_matrix": [
          [
            3,
            1
          ],
          [
            6,
            8
          ]
        ]
      },
      "test": {
        "threshold": 0.7,
        "accuracy": 0.4772727272727273,
        "precision": 0.9285714285714286,
        "recall": 0.37142857142857144,
        "f1": 0.5306122448979592,
        "TNR": 0.8888888888888888,
        "TPR": 0.37142857142857144,
        "sensitivity": 0.37142857142857144,
        "specificity": 0.8888888888888888,
        "balanced_acc": 0.6301587301587301,
        "TN": 8,
        "FP": 1,
        "FN": 22,
        "TP": 13,
        "confusion_matrix": [
          [
            8,
            1
          ],
          [
            22,
            13
          ]
        ]
      }
    },
    {
      "threshold": "fixed",
      "threshold_value": 0.8,
      "val": {
        "threshold": 0.8,
        "accuracy": 0.5555555555555556,
        "precision": 0.875,
        "recall": 0.5,
        "f1": 0.6363636363636364,
        "TNR": 0.75,
        "TPR": 0.5,
        "sensitivity": 0.5,
        "specificity": 0.75,
        "balanced_acc": 0.625,
        "TN": 3,
        "FP": 1,
        "FN": 7,
        "TP": 7,
        "confusion_matrix": [
          [
            3,
            1
          ],
          [
            7,
            7
          ]
        ]
      },
      "test": {
        "threshold": 0.8,
        "accuracy": 0.45454545454545453,
        "precision": 0.9230769230769231,
        "recall": 0.34285714285714286,
        "f1": 0.5,
        "TNR": 0.8888888888888888,
        "TPR": 0.34285714285714286,
        "sensitivity": 0.34285714285714286,
        "specificity": 0.8888888888888888,
        "balanced_acc": 0.6158730158730159,
        "TN": 8,
        "FP": 1,
        "FN": 23,
        "TP": 12,
        "confusion_matrix": [
          [
            8,
            1
          ],
          [
            23,
            12
          ]
        ]
      }
    },
    {
      "threshold": "fixed",
      "threshold_value": 0.9,
      "val": {
        "threshold": 0.9,
        "accuracy": 0.5,
        "precision": 1.0,
        "recall": 0.35714285714285715,
        "f1": 0.5263157894736842,
        "TNR": 1.0,
        "TPR": 0.35714285714285715,
        "sensitivity": 0.35714285714285715,
        "specificity": 1.0,
        "balanced_acc": 0.6785714285714286,
        "TN": 4,
        "FP": 0,
        "FN": 9,
        "TP": 5,
        "confusion_matrix": [
          [
            4,
            0
          ],
          [
            9,
            5
          ]
        ]
      },
      "test": {
        "threshold": 0.9,
        "accuracy": 0.29545454545454547,
        "precision": 1.0,
        "recall": 0.11428571428571428,
        "f1": 0.20512820512820512,
        "TNR": 1.0,
        "TPR": 0.11428571428571428,