{
  "day": "Dy24",
  "split": "val",
  "brier": 0.031609587371349335,
  "rmse": 0.17779085040092468,
  "acc@0.5": 0.9259259259259259,
  "f1@0.5": 0.95,
  "corr": 0.9151354432106018,
  "roc_auc": 0.9928571428571429,
  "pr_auc": 0.9976190476190476,
  "chosen_threshold": 0.187,
  "threshold_method": "max_f1",
  "min_precision": null,
  "n": 27,
  "batch_size": 16
}