{
  "day": "Dy24",
  "day_no": 2400,
  "split": "test",
  "brier": 0.1741141974925995,
  "rmse": 0.4172699451446533,
  "corr": 0.5196085572242737,
  "acc@0.5": 0.8148148148148148,
  "f1@0.5": 0.8837209302325582,
  "actual_good@0.5": 19,
  "predicted_good@0.5": 24,
  "acc@t*": 0.8148148148148148,
  "f1@t*": 0.8837209302325582,
  "bal_acc@t*": 0.6875,
  "roc_auc": 0.8355263157894737,
  "pr_auc": 0.9328468201676678,
  "threshold_used": 0.187,
  "threshold_method": "max_f1",
  "min_precision": null,
  "val_brier_for_selection": 0.031609587371349335,
  "val_n": 27,
  "test_n": 27,
  "batch_size_train": 16,
  "batch_size_valtest": 16,
  "backbone_key": "resnet"
}