{
  "day": "Dy15",
  "day_no": 15,
  "split": "test",
  "accuracy": 0.6551724137931034,
  "f1": 0.7916666666666666,
  "roc_auc": 0.49404761904761907,
  "pr_auc": 0.7565555988706865,
  "val_accuracy_for_selection": 0.7241379310344828,
  "val_n": 29,
  "test_n": 29,
  "actual_good": 21,
  "predicted_good": 27,
  "batch_size_train": 16,
  "batch_size_valtest": 16,
  "backbone_key": "cnn",
  "input_key": "overlay_path",
  "use_mask": false
}