{
  "day": "Dy15",
  "split": "val",
  "accuracy": 0.6896551724137931,
  "f1": 0.7692307692307693,
  "roc_auc": 0.5194444444444445,
  "pr_auc": 0.7077660237731498,
  "n": 29,
  "batch_size": 16,
  "input_key": "img_path",
  "use_mask": true
}