{
  "day": "Dy15",
  "day_no": 15,
  "split": "test",
  "accuracy": 0.5172413793103449,
  "f1": 0.631578947368421,
  "roc_auc": 0.5595238095238095,
  "pr_auc": 0.7984099357744114,
  "val_accuracy_for_selection": 0.6896551724137931,
  "val_n": 29,
  "test_n": 29,
  "actual_good": 21,
  "predicted_good": 17,
  "batch_size_train": 16,
  "batch_size_valtest": 16,
  "backbone_key": "cnn",
  "input_key": "img_path",
  "use_mask": true
}