{
  "day": "Dy28",
  "day_no": 28,
  "split": "test",
  "accuracy": 0.8888888888888888,
  "f1": 0.9230769230769231,
  "val_accuracy_for_selection": 0.9629629629629629,
  "val_n": 27,
  "test_n": 27,
  "actual_good": 19,
  "predicted_good": 20,
  "batch_size_train": 16,
  "batch_size_valtest": 16,
  "backbone_key": "vit"
}