{
  "per_day_test_brier": {
    "Dy3": 0.1980976015329361,
    "Dy6": 0.19867312908172607,
    "Dy8": 0.27155357599258423,
    "Dy10": 0.25675126910209656,
    "Dy13": 0.23665139079093933,
    "Dy15": 0.17235104739665985,
    "Dy17": 0.22616612911224365,
    "Dy20_5": 0.18792304396629333,
    "Dy24": 0.12642644345760345,
    "Dy28": 0.14710471034049988,
    "Dy30": 0.1831367164850235
  },
  "overall_best": {
    "day": "Dy24",
    "day_no": 24.0,
    "backbone_key": "resnet",
    "test_brier": 0.12642644345760345,
    "test_rmse": 0.3555649518966675,
    "test_corr": 0.6918361186981201,
    "acc@0.5": 0.8518518518518519,
    "f1@0.5": 0.9047619047619048,
    "acc@t*": 0.8518518518518519,
    "f1@t*": 0.9,
    "bal_acc@t*": 0.7861842105263157,
    "selection_val_brier": 0.07099423557519913,
    "threshold_method": "max_f1",
    "chosen_threshold": 0.935
  },
  "batch_size_train": 16,
  "batch_size_valtest": 16,
  "split_fractions": {
    "train": 0.8,
    "val": 0.1,
    "test": 0.1
  },
  "settings": {
    "min_votes": 1,
    "weight_by_votes": false,
    "lr1": 0.001,
    "lr2": 0.0001,
    "patience1": 20,
    "patience2": 30,
    "threshold_method": "max_f1",
    "min_precision": null
  }
}