{
  "model_type": "per_day",
  "day": 15.0,
  "best_val_acc": 0.8333333134651184,
  "optimal_threshold": 0.56,
  "val_at_optimal": {
    "threshold": 0.56,
    "accuracy": 0.6666666666666666,
    "precision": 0.9,
    "recall": 0.6428571428571429,
    "f1": 0.75,
    "TNR": 0.75,
    "TPR": 0.6428571428571429,
    "balanced_acc": 0.6964285714285714,
    "TN": 3,
    "FP": 1,
    "FN": 5,
    "TP": 9,
    "confusion_matrix": [
      [
        3,
        1
      ],
      [
        5,
        9
      ]
    ]
  },
  "test_at_optimal": {
    "threshold": 0.56,
    "accuracy": 0.5909090909090909,
    "precision": 0.8695652173913043,
    "recall": 0.5714285714285714,
    "f1": 0.6896551724137931,
    "TNR": 0.6666666666666666,
    "TPR": 0.5714285714285714,
    "balanced_acc": 0.6190476190476191,
    "TN": 6,
    "FP": 3,
    "FN": 15,
    "TP": 20,
    "confusion_matrix": [
      [
        6,
        3
      ],
      [
        15,
        20
      ]
    ]
  },
  "val_at_0.5": {
    "threshold": 0.5,
    "accuracy": 0.8333333333333334,
    "precision": 0.8666666666666667,
    "recall": 0.9285714285714286,
    "f1": 0.896551724137931,
    "TNR": 0.5,
    "TPR": 0.9285714285714286,
    "balanced_acc": 0.7142857142857143,
    "TN": 2,
    "FP": 2,
    "FN": 1,
    "TP": 13,
    "confusion_matrix": [
      [
        2,
        2
      ],
      [
        1,
        13
      ]
    ]
  },
  "test_at_0.5": {
    "threshold": 0.5,
    "accuracy": 0.7272727272727273,
    "precision": 0.896551724137931,
    "recall": 0.7428571428571429,
    "f1": 0.8125,
    "TNR": 0.6666666666666666,
    "TPR": 0.7428571428571429,
    "balanced_acc": 0.7047619047619047,
    "TN": 6,
    "FP": 3,
    "FN": 9,
    "TP": 26,
    "confusion_matrix": [
      [
        6,
        3
      ],
      [
        9,
        26
      ]
    ]
  },
  "test_false_positives": [
    "BA2 96_1 A12",
    "BA1 96_1 C7",
    "BA2 96_1 E9"
  ],
  "test_false_negatives": [
    "BA2 96_1 A11",
    "BA2 96_2 E10",
    "BA2 96_2 D7 split_1",
    "BA2 96_1 E7 split_1",
    "BA2 96_1 E2",
    "BA2 96_2 E6",
    "BA2 96_1 E1 split_2",
    "BA2 96_1 F11",
    "BA2 96_2 F11"
  ],
  "model_path": "/home/tonyluo/amanda_temporal/comparison_runs/per_day_study_overlay/per_day/day_15_0/model_day_15.0.pth",
  "threshold_results": [
    {
      "threshold": "fixed",
      "threshold_value": 0.5,
      "val": {
        "threshold": 0.5,
        "accuracy": 0.8333333333333334,
        "precision": 0.8666666666666667,
        "recall": 0.9285714285714286,
        "f1": 0.896551724137931,
        "TNR": 0.5,
        "TPR": 0.9285714285714286,
        "sensitivity": 0.9285714285714286,
        "specificity": 0.5,
        "balanced_acc": 0.7142857142857143,
        "TN": 2,
        "FP": 2,
        "FN": 1,
        "TP": 13,
        "confusion_matrix": [
          [
            2,
            2
          ],
          [
            1,
            13
          ]
        ]
      },
      "test": {
        "threshold": 0.5,
        "accuracy": 0.7045454545454546,
        "precision": 0.8666666666666667,
        "recall": 0.7428571428571429,
        "f1": 0.8,
        "TNR": 0.5555555555555556,
        "TPR": 0.7428571428571429,
        "sensitivity": 0.7428571428571429,
        "specificity": 0.5555555555555556,
        "balanced_acc": 0.6492063492063492,
        "TN": 5,
        "FP": 4,
        "FN": 9,
        "TP": 26,
        "confusion_matrix": [
          [
            5,
            4
          ],
          [
            9,
            26
          ]
        ]
      }
    },
    {
      "threshold": "fixed",
      "threshold_value": 0.6,
      "val": {
        "threshold": 0.6,
        "accuracy": 0.6111111111111112,
        "precision": 0.8888888888888888,
        "recall": 0.5714285714285714,
        "f1": 0.6956521739130435,
        "TNR": 0.75,
        "TPR": 0.5714285714285714,
        "sensitivity": 0.5714285714285714,
        "specificity": 0.75,
        "balanced_acc": 0.6607142857142857,
        "TN": 3,
        "FP": 1,
        "FN": 6,
        "TP": 8,
        "confusion_matrix": [
          [
            3,
            1
          ],
          [
            6,
            8
          ]
        ]
      },
      "test": {
        "threshold": 0.6,
        "accuracy": 0.4318181818181818,
        "precision": 0.8125,
        "recall": 0.37142857142857144,
        "f1": 0.5098039215686274,
        "TNR": 0.6666666666666666,
        "TPR": 0.37142857142857144,
        "sensitivity": 0.37142857142857144,
        "specificity": 0.6666666666666666,
        "balanced_acc": 0.519047619047619,
        "TN": 6,
        "FP": 3,
        "FN": 22,
        "TP": 13,
        "confusion_matrix": [
          [
            6,
            3
          ],
          [
            22,
            13
          ]
        ]
      }
    },
    {
      "threshold": "fixed",
      "threshold_value": 0.7,
      "val": {
        "threshold": 0.7,
        "accuracy": 0.2222222222222222,
        "precision": 0.5,
        "recall": 0.07142857142857142,
        "f1": 0.125,
        "TNR": 0.75,
        "TPR": 0.07142857142857142,
        "sensitivity": 0.07142857142857142,
        "specificity": 0.75,
        "balanced_acc": 0.4107142857142857,
        "TN": 3,
        "FP": 1,
        "FN": 13,
        "TP": 1,
        "confusion_matrix": [
          [
            3,
            1
          ],
          [
            13,
            1
          ]
        ]
      },
      "test": {
        "threshold": 0.7,
        "accuracy": 0.2727272727272727,
        "precision": 0.8,
        "recall": 0.11428571428571428,
        "f1": 0.2,
        "TNR": 0.8888888888888888,
        "TPR": 0.11428571428571428,
        "sensitivity": 0.11428571428571428,
        "specificity": 0.8888888888888888,
        "balanced_acc": 0.5015873015873016,
        "TN": 8,
        "FP": 1,
        "FN": 31,
        "TP": 4,
        "confusion_matrix": [
          [
            8,
            1
          ],
          [
            31,
            4
          ]
        ]
      }
    },
    {
      "threshold": "fixed",
      "threshold_value": 0.8,
      "val": {
        "threshold": 0.8,
        "accuracy": 0.2222222222222222,
        "precision": 0.0,
        "recall": 0.0,
        "f1": 0.0,
        "TNR": 1.0,
        "TPR": 0.0,
        "sensitivity": 0.0,
        "specificity": 1.0,
        "balanced_acc": 0.5,
        "TN": 4,
        "FP": 0,
        "FN": 14,
        "TP": 0,
        "confusion_matrix": [
          [
            4,
            0
          ],
          [
            14,
            0
          ]
        ]
      },
      "test": {
        "threshold": 0.8,
        "accuracy": 0.20454545454545456,
        "precision": 0.0,
        "recall": 0.0,
        "f1": 0.0,
        "TNR": 1.0,
        "TPR": 0.0,
        "sensitivity": 0.0,
        "specificity": 1.0,
        "balanced_acc": 0.5,
        "TN": 9,
        "FP": 0,
        "FN": 35,
        "TP": 0,
        "confusion_matrix": [
          [
            9,
            0
          ],
          [
            35,
            0
          ]
        ]
      }
    },
    {
      "threshold": "fixed",
      "threshold_value": 0.9,
      "val": {
        "threshold": 0.9,
        "accuracy": 0.2222222222222222,
        "precision": 0.0,
        "recall": 0.0,
        "f1": 0.0,
        "TNR": 1.0,
        "TPR": 0.0,
        "sensitivity": 0.0,
        "specificity": 1.0,
        "balanced_acc": 0.5,
        "TN": 4,
        "FP": 0,
        "FN": 14,
        "TP": 0,
        "confusion_matrix": [
          [
            4,
            0
          ],
          [
            14,
            0
          ]
        ]
      },
      "test": {
        "threshold": 0.9,
        "accuracy": 0.20454545454545456,
        "precision": 0.0,
        "recall": 0.0,
        "f1": 0.0,
        "TNR": 1.0,
        "TPR": 0.0,
        "sensitivity": 0.0,
        "specificity": 1.0,
        "balanced_acc": 0.5,
        "TN": 9,