{
  "day": "Dy17",
  "day_no": 1700,
  "split": "test",
  "brier": 0.18242013454437256,
  "rmse": 0.42710670828819275,
  "corr": 0.4669974446296692,
  "acc@0.5": 0.7777777777777778,
  "f1@0.5": 0.85,
  "actual_good@0.5": 19,
  "predicted_good@0.5": 21,
  "acc@t*": 0.7407407407407407,
  "f1@t*": 0.8292682926829268,
  "bal_acc@t*": 0.6348684210526316,
  "roc_auc": 0.6710526315789473,
  "pr_auc": 0.7531829400161719,
  "threshold_used": 0.441,
  "threshold_method": "max_f1",
  "min_precision": null,
  "val_brier_for_selection": 0.07786624878644943,
  "val_n": 27,
  "test_n": 27,
  "batch_size_train": 16,
  "batch_size_valtest": 16,
  "backbone_key": "resnet"
}