{
  "day": "Dy28",
  "split": "val",
  "accuracy": 0.8275862068965517,
  "f1": 0.8888888888888888,
  "n": 29,
  "batch_size": 16
}