{
  "day": "Dy6",
  "split": "val",
  "accuracy": 0.7241379310344828,
  "f1": 0.7777777777777778,
  "n": 29,
  "batch_size": 16
}