{
  "day": "Dy17",
  "day_no": 17,
  "split": "test",
  "accuracy": 0.6206896551724138,
  "f1": 0.7659574468085106,
  "roc_auc": 0.5952380952380952,
  "pr_auc": 0.807582075833696,
  "val_accuracy_for_selection": 0.7931034482758621,
  "val_n": 29,
  "test_n": 29,
  "actual_good": 21,
  "predicted_good": 26,
  "batch_size_train": 16,
  "batch_size_valtest": 16,
  "backbone_key": "vit",
  "input_key": "img_path",
  "use_mask": true
}