{
  "day": "Dy20_5",
  "split": "val",
  "accuracy": 0.8620689655172413,
  "f1": 0.9130434782608695,
  "roc_auc": 0.6964285714285714,
  "pr_auc": 0.7755814487475162,
  "n": 29,
  "batch_size": 16,
  "input_key": "img_path",
  "use_mask": true
}