{
  "day": "Dy17",
  "split": "val",
  "accuracy": 0.9259259259259259,
  "f1": 0.95,
  "roc_auc": 0.9428571428571428,
  "pr_auc": 0.9808161334709324,
  "n": 27,
  "batch_size": 16
}