{
  "n_components": 12,
  "explained_variance_ratio": [
    0.15969254076480865,
    0.08424460142850876,
    0.056341562420129776,
    0.051964908838272095,
    0.040070679038763046,
    0.034253720194101334,
    0.02950967848300934,
    0.025216493755578995,
    0.021339070051908493,
    0.020133357495069504,
    0.01828726939857006,
    0.015209775418043137
  ],
  "total_explained_variance": 0.5562636256217957
}