{
  "n_components": 12,
  "explained_variance_ratio": [
    0.0948108583688736,
    0.07472151517868042,
    0.056352365761995316,
    0.045663438737392426,
    0.04125857725739479,
    0.03149200603365898,
    0.02872399054467678,
    0.023965701460838318,
    0.021281257271766663,
    0.019465070217847824,
    0.018600251525640488,
    0.01729193888604641
  ],
  "total_explained_variance": 0.4736269414424896
}