{
  "model_type": "effnet_ts_grayscale_norm",
  "day": 15.0,
  "best_val_acc": 0.1764705926179886,
  "optimal_threshold": 0.32,
  "test_at_0.5": {
    "threshold": 0.5,
    "accuracy": 0.16216216216216217,
    "precision": 0.0,
    "recall": 0.0,
    "f1": 0.0,
    "TNR": 1.0,
    "TPR": 0.0,
    "balanced_acc": 0.5,
    "TN": 6,
    "FP": 0,
    "FN": 31,
    "TP": 0
  },
  "grayscale_mean": [
    0.6464183926582336,
    0.6464183926582336,
    0.6464183926582336
  ],
  "grayscale_std": [
    0.29684263467788696,
    0.29684263467788696,
    0.29684263467788696
  ]
}