{
  "day": "Dy15",
  "day_no": 15,
  "n_metabolite_features": 12,
  "n_image_features": 12,
  "n_total_features": 24,
  "test_accuracy": 0.8421052631578947,
  "test_f1_acceptable": 0.9090909090909091,
  "test_f1_notacceptable": 0.4,
  "test_recall_acceptable": 0.967741935483871,
  "test_recall_notacceptable": 0.2857142857142857,
  "test_precision_acceptable": 0.8571428571428571,
  "test_precision_notacceptable": 0.6666666666666666,
  "test_specificity": 0.2857142857142857,
  "test_pr_auc": 0.9615276849551796,
  "best_params": {
    "colsample_bytree": 0.8,
    "learning_rate": 0.05,
    "max_depth": 3,
    "min_child_samples": 10,
    "n_estimators": 200,
    "num_leaves": 31,
    "subsample": 0.8
  },
  "cv_score": 0.4405228758169935,
  "pca_explained_variance": 0.46965041756629944,
  "confusion_matrix": {
    "TP": 30,
    "FP": 5,
    "TN": 2,
    "FN": 1
  }
}