{
  "n_components": 12,
  "explained_variance_ratio": [
    0.09140776097774506,
    0.07466092705726624,
    0.056830648332834244,
    0.04598640277981758,
    0.03844822943210602,
    0.03126193583011627,
    0.02844531275331974,
    0.026093749329447746,
    0.0205259770154953,
    0.020155474543571472,
    0.019115261733531952,
    0.01671871356666088
  ],
  "total_explained_variance": 0.46965041756629944
}