{
  "day": "Dy3",
  "split": "val",
  "accuracy": 0.6896551724137931,
  "f1": 0.7692307692307693,
  "roc_auc": 0.6611111111111112,
  "pr_auc": 0.8468114961806914,
  "n": 29,
  "batch_size": 16,
  "input_key": "overlay_path",
  "use_mask": false
}