{
  "day": "Dy3",
  "day_no": 3,
  "split": "test",
  "accuracy": 0.6551724137931034,
  "f1": 0.7916666666666666,
  "roc_auc": 0.7678571428571428,
  "pr_auc": 0.9111175997734435,
  "val_accuracy_for_selection": 0.7931034482758621,
  "val_n": 29,
  "test_n": 29,
  "actual_good": 21,
  "predicted_good": 27,
  "batch_size_train": 16,
  "batch_size_valtest": 16,
  "backbone_key": "vit",
  "input_key": "img_path",
  "use_mask": true
}