{
  "day": "Dy3",
  "split": "val",
  "accuracy": 0.7931034482758621,
  "f1": 0.8695652173913043,
  "roc_auc": 0.7055555555555556,
  "pr_auc": 0.8632754018614164,
  "n": 29,
  "batch_size": 16,
  "input_key": "img_path",
  "use_mask": true
}