{
  "per_model": {
    "vit": {
      "per_day": {
        "Dy3": {
          "day_no": 3,
          "test_accuracy": 0.8275862068965517,
          "test_f1": 0.8936170212765957,
          "test_roc_auc": 0.7678571428571428,
          "val_accuracy": 0.7241379310344828,
          "val_roc_auc": 0.6277777777777778,
          "test_num": 29
        },
        "Dy6": {
          "day_no": 6,
          "test_accuracy": 0.6551724137931034,
          "test_f1": 0.7916666666666666,
          "test_roc_auc": 0.7142857142857143,
          "val_accuracy": 0.7586206896551724,
          "val_roc_auc": 0.538888888888889,
          "test_num": 29
        },
        "Dy8": {
          "day_no": 8,
          "test_accuracy": 0.5862068965517241,
          "test_f1": 0.7,
          "test_roc_auc": 0.7678571428571428,
          "val_accuracy": 0.7586206896551724,
          "val_roc_auc": 0.6888888888888889,
          "test_num": 29
        },
        "Dy10": {
          "day_no": 10,
          "test_accuracy": 0.6896551724137931,
          "test_f1": 0.8163265306122449,
          "test_roc_auc": 0.4880952380952381,
          "val_accuracy": 0.7241379310344828,
          "val_roc_auc": 0.6444444444444444,
          "test_num": 29
        },
        "Dy13": {
          "day_no": 13,
          "test_accuracy": 0.7586206896551724,
          "test_f1": 0.8444444444444444,
          "test_roc_auc": 0.6309523809523809,
          "val_accuracy": 0.6896551724137931,
          "val_roc_auc": 0.5611111111111112,
          "test_num": 29
        },
        "Dy15": {
          "day_no": 15,
          "test_accuracy": 0.5862068965517241,
          "test_f1": 0.7272727272727273,
          "test_roc_auc": 0.6190476190476191,
          "val_accuracy": 0.6896551724137931,
          "val_roc_auc": 0.538888888888889,
          "test_num": 29
        },
        "Dy17": {
          "day_no": 17,
          "test_accuracy": 0.7586206896551724,
          "test_f1": 0.8292682926829268,
          "test_roc_auc": 0.761904761904762,
          "val_accuracy": 0.7586206896551724,
          "val_roc_auc": 0.6444444444444444,
          "test_num": 29
        },
        "Dy20_5": {
          "day_no": 20,
          "test_accuracy": 0.8275862068965517,
          "test_f1": 0.8837209302325582,
          "test_roc_auc": 0.7797619047619047,
          "val_accuracy": 0.8620689655172413,
          "val_roc_auc": 0.7321428571428571,
          "test_num": 29
        },
        "Dy24": {
          "day_no": 24,
          "test_accuracy": 0.7241379310344828,
          "test_f1": 0.7777777777777778,
          "test_roc_auc": 0.8666666666666666,
          "val_accuracy": 0.9655172413793104,
          "val_roc_auc": 0.95,
          "test_num": 29
        },
        "Dy28": {
          "day_no": 28,
          "test_accuracy": 0.9,
          "test_f1": 0.9333333333333333,
          "test_roc_auc": 0.8412698412698413,
          "val_accuracy": 0.9,
          "val_roc_auc": 0.7724867724867726,
          "test_num": 30
        },
        "Dy30": {
          "day_no": 30,
          "test_accuracy": 0.8,
          "test_f1": 0.875,
          "test_roc_auc": 0.8253968253968255,
          "val_accuracy": 0.9,
          "val_roc_auc": 0.8095238095238095,
          "test_num": 30
        }
      }
    },
    "resnet": {
      "per_day": {
        "Dy3": {
          "day_no": 3,
          "test_accuracy": 0.6551724137931034,
          "test_f1": 0.782608695652174,
          "test_roc_auc": 0.44047619047619047,
          "val_accuracy": 0.7586206896551724,
          "val_roc_auc": 0.5666666666666667,
          "test_num": 29
        },
        "Dy6": {
          "day_no": 6,
          "test_accuracy": 0.7241379310344828,
          "test_f1": 0.8,
          "test_roc_auc": 0.6488095238095237,
          "val_accuracy": 0.7586206896551724,
          "val_roc_auc": 0.7444444444444445,
          "test_num": 29
        },
        "Dy8": {
          "day_no": 8,
          "test_accuracy": 0.6896551724137931,
          "test_f1": 0.7804878048780488,
          "test_roc_auc": 0.7440476190476191,
          "val_accuracy": 0.7931034482758621,
          "val_roc_auc": 0.7833333333333332,
          "test_num": 29
        },
        "Dy10": {
          "day_no": 10,
          "test_accuracy": 0.7241379310344828,
          "test_f1": 0.84,
          "test_roc_auc": 0.6488095238095238,
          "val_accuracy": 0.6896551724137931,
          "val_roc_auc": 0.45000000000000007,
          "test_num": 29
        },
        "Dy13": {
          "day_no": 13,
          "test_accuracy": 0.7241379310344828,
          "test_f1": 0.84,
          "test_roc_auc": 0.4642857142857143,
          "val_accuracy": 0.6896551724137931,
          "val_roc_auc": 0.4,
          "test_num": 29
        },
        "Dy15": {
          "day_no": 15,
          "test_accuracy": 0.5517241379310345,
          "test_f1": 0.6829268292682927,
          "test_roc_auc": 0.5595238095238095,
          "val_accuracy": 0.7241379310344828,
          "val_roc_auc": 0.6944444444444444,
          "test_num": 29
        },
        "Dy17": {
          "day_no": 17,
          "test_accuracy": 0.7241379310344828,
          "test_f1": 0.84,
          "test_roc_auc": 0.7619047619047619,
          "val_accuracy": 0.6896551724137931,
          "val_roc_auc": 0.55,
          "test_num": 29
        },
        "Dy20_5": {
          "day_no": 20,
          "test_accuracy": 0.8275862068965517,
          "test_f1": 0.8837209302325582,
          "test_roc_auc": 0.7261904761904763,
          "val_accuracy": 0.8275862068965517,
          "val_roc_auc": 0.7142857142857143,
          "test_num": 29
        },
        "Dy24": {
          "day_no": 24,
          "test_accuracy": 0.8275862068965517,
          "test_f1": 0.8717948717948718,
          "test_roc_auc": 0.8444444444444444,
          "val_accuracy": 0.9655172413793104,
          "val_roc_auc": 0.9888888888888888,
          "test_num": 29
        },
        "Dy28": {
          "day_no": 28,
          "test_accuracy": 0.8333333333333334,
          "test_f1": 0.8837209302325582,
          "test_roc_auc": 0.8518518518518519,
          "val_accuracy": 0.8666666666666667,
          "val_roc_auc": 0.783068783068783,
          "test_num": 30
        },
        "Dy30": {
          "day_no": 30,
          "test_accuracy": 0.8,
          "test_f1": 0.8695652173913043,
          "test_roc_auc": 0.9259259259259259,
          "val_accuracy": 0.9,
          "val_roc_auc": 0.8253968253968255,
          "test_num": 30
        }
      }
    },
    "cnn": {
      "per_day": {
        "Dy3": {
          "day_no": 3,
          "test_accuracy": 0.6206896551724138,
          "test_f1": 0.7027027027027027,
          "test_roc_auc": 0.7083333333333334,
          "val_accuracy": 0.6896551724137931,
          "val_roc_auc": 0.6833333333333333,
          "test_num": 29
        },
        "Dy6": {
          "day_no": 6,
          "test_accuracy": 0.7586206896551724,
          "test_f1": 0.8292682926829268,
          "test_roc_auc": 0.6607142857142857,
          "val_accuracy": 0.7241379310344828,
          "val_roc_auc": 0.6666666666666667,
          "test_num": 29
        },
        "Dy8": {
          "day_no": 8,
          "test_accuracy": 0.6551724137931034,
          "test_f1": 0.75,
          "test_roc_auc": 0.7559523809523809,
          "val_accuracy": 0.7931034482758621,
          "val_roc_auc": 0.6944444444444445,
          "test_num": 29
        },
        "Dy10": {
          "day_no": 10,
          "test_accuracy": 0.6206896551724138,
          "test_f1": 0.7441860465116279,
          "test_roc_auc": 0.5714285714285714,
          "val_accuracy": 0.7931034482758621,
          "val_roc_auc": 0.7222222222222222,
          "test_num": 29
        },
        "Dy13": {
          "day_no": 13,
          "test_accuracy": 0.7241379310344828,
          "test_f1": 0.84,
          "test_roc_auc": 0.5357142857142857,
          "val_accuracy": 0.6896551724137931,