{
  "day": "Dy30",
  "day_no": 30,
  "split": "test",
  "accuracy": 0.7037037037037037,
  "f1": 0.8181818181818182,
  "val_accuracy_for_selection": 0.9629629629629629,
  "val_n": 27,
  "test_n": 27,
  "actual_good": 19,
  "predicted_good": 25,
  "batch_size_train": 16,
  "batch_size_valtest": 16,
  "backbone_key": "vit"
}