{
  "model_type": "per_day",
  "day": 6,
  "best_val_acc": 0.7222222089767456,
  "optimal_threshold": 0.51,
  "val_at_optimal": {
    "threshold": 0.51,
    "accuracy": 0.7222222222222222,
    "precision": 0.8461538461538461,
    "recall": 0.7857142857142857,
    "f1": 0.8148148148148148,
    "TNR": 0.5,
    "TPR": 0.7857142857142857,
    "sensitivity": 0.7857142857142857,
    "specificity": 0.5,
    "balanced_acc": 0.6428571428571428,
    "TN": 2,
    "FP": 2,
    "FN": 3,
    "TP": 11,
    "confusion_matrix": [
      [
        2,
        2
      ],
      [
        3,
        11
      ]
    ]
  },
  "test_at_optimal": {
    "threshold": 0.51,
    "accuracy": 0.7272727272727273,
    "precision": 0.8285714285714286,
    "recall": 0.8285714285714286,
    "f1": 0.8285714285714286,
    "TNR": 0.3333333333333333,
    "TPR": 0.8285714285714286,
    "sensitivity": 0.8285714285714286,
    "specificity": 0.3333333333333333,
    "balanced_acc": 0.580952380952381,
    "TN": 3,
    "FP": 6,
    "FN": 6,
    "TP": 29,
    "confusion_matrix": [
      [
        3,
        6
      ],
      [
        6,
        29
      ]
    ]
  },
  "val_at_0.5": {
    "threshold": 0.5,
    "accuracy": 0.7222222222222222,
    "precision": 0.8,
    "recall": 0.8571428571428571,
    "f1": 0.8275862068965517,
    "TNR": 0.25,
    "TPR": 0.8571428571428571,
    "sensitivity": 0.8571428571428571,
    "specificity": 0.25,
    "balanced_acc": 0.5535714285714286,
    "TN": 1,
    "FP": 3,
    "FN": 2,
    "TP": 12,
    "confusion_matrix": [
      [
        1,
        3
      ],
      [
        2,
        12
      ]
    ]
  },
  "test_at_0.5": {
    "threshold": 0.5,
    "accuracy": 0.75,
    "precision": 0.8333333333333334,
    "recall": 0.8571428571428571,
    "f1": 0.8450704225352113,
    "TNR": 0.3333333333333333,
    "TPR": 0.8571428571428571,
    "sensitivity": 0.8571428571428571,
    "specificity": 0.3333333333333333,
    "balanced_acc": 0.5952380952380952,
    "TN": 3,
    "FP": 6,
    "FN": 5,
    "TP": 30,
    "confusion_matrix": [
      [
        3,
        6
      ],
      [
        5,
        30
      ]
    ]
  },
  "threshold_results": [
    {
      "threshold": "fixed",
      "threshold_value": 0.5,
      "val": {
        "threshold": 0.5,
        "accuracy": 0.7222222222222222,
        "precision": 0.8,
        "recall": 0.8571428571428571,
        "f1": 0.8275862068965517,
        "TNR": 0.25,
        "TPR": 0.8571428571428571,
        "sensitivity": 0.8571428571428571,
        "specificity": 0.25,
        "balanced_acc": 0.5535714285714286,
        "TN": 1,
        "FP": 3,
        "FN": 2,
        "TP": 12,
        "confusion_matrix": [
          [
            1,
            3
          ],
          [
            2,
            12
          ]
        ]
      },
      "test": {
        "threshold": 0.5,
        "accuracy": 0.75,
        "precision": 0.8333333333333334,
        "recall": 0.8571428571428571,
        "f1": 0.8450704225352113,
        "TNR": 0.3333333333333333,
        "TPR": 0.8571428571428571,
        "sensitivity": 0.8571428571428571,
        "specificity": 0.3333333333333333,
        "balanced_acc": 0.5952380952380952,
        "TN": 3,
        "FP": 6,
        "FN": 5,
        "TP": 30,
        "confusion_matrix": [
          [
            3,
            6
          ],
          [
            5,
            30
          ]
        ]
      }
    },
    {
      "threshold": "fixed",
      "threshold_value": 0.6,
      "val": {
        "threshold": 0.6,
        "accuracy": 0.2222222222222222,
        "precision": 0.5,
        "recall": 0.07142857142857142,
        "f1": 0.125,
        "TNR": 0.75,
        "TPR": 0.07142857142857142,
        "sensitivity": 0.07142857142857142,
        "specificity": 0.75,
        "balanced_acc": 0.4107142857142857,
        "TN": 3,
        "FP": 1,
        "FN": 13,
        "TP": 1,
        "confusion_matrix": [
          [
            3,
            1
          ],
          [
            13,
            1
          ]
        ]
      },
      "test": {
        "threshold": 0.6,
        "accuracy": 0.4090909090909091,
        "precision": 1.0,
        "recall": 0.2571428571428571,
        "f1": 0.4090909090909091,
        "TNR": 1.0,
        "TPR": 0.2571428571428571,
        "sensitivity": 0.2571428571428571,
        "specificity": 1.0,
        "balanced_acc": 0.6285714285714286,
        "TN": 9,
        "FP": 0,
        "FN": 26,
        "TP": 9,
        "confusion_matrix": [
          [
            9,
            0
          ],
          [
            26,
            9
          ]
        ]
      }
    },
    {
      "threshold": "fixed",
      "threshold_value": 0.7,
      "val": {
        "threshold": 0.7,
        "accuracy": 0.2222222222222222,
        "precision": 0.0,
        "recall": 0.0,
        "f1": 0.0,
        "TNR": 1.0,
        "TPR": 0.0,
        "sensitivity": 0.0,
        "specificity": 1.0,
        "balanced_acc": 0.5,
        "TN": 4,
        "FP": 0,
        "FN": 14,
        "TP": 0,
        "confusion_matrix": [
          [
            4,
            0
          ],
          [
            14,
            0
          ]
        ]
      },
      "test": {
        "threshold": 0.7,
        "accuracy": 0.20454545454545456,
        "precision": 0.0,
        "recall": 0.0,
        "f1": 0.0,
        "TNR": 1.0,
        "TPR": 0.0,
        "sensitivity": 0.0,
        "specificity": 1.0,
        "balanced_acc": 0.5,
        "TN": 9,
        "FP": 0,
        "FN": 35,
        "TP": 0,
        "confusion_matrix": [
          [
            9,
            0
          ],
          [
            35,
            0
          ]
        ]
      }
    },
    {
      "threshold": "fixed",
      "threshold_value": 0.8,
      "val": {
        "threshold": 0.8,
        "accuracy": 0.2222222222222222,
        "precision": 0.0,
        "recall": 0.0,
        "f1": 0.0,
        "TNR": 1.0,
        "TPR": 0.0,
        "sensitivity": 0.0,
        "specificity": 1.0,
        "balanced_acc": 0.5,
        "TN": 4,
        "FP": 0,
        "FN": 14,
        "TP": 0,
        "confusion_matrix": [
          [
            4,
            0
          ],
          [
            14,
            0
          ]
        ]
      },
      "test": {
        "threshold": 0.8,
        "accuracy": 0.20454545454545456,
        "precision": 0.0,
        "recall": 0.0,
        "f1": 0.0,
        "TNR": 1.0,
        "TPR": 0.0,
        "sensitivity": 0.0,
        "specificity": 1.0,
        "balanced_acc": 0.5,
        "TN": 9,
        "FP": 0,
        "FN": 35,
        "TP": 0,
        "confusion_matrix": [
          [
            9,
            0
          ],
          [
            35,
            0
          ]
        ]
      }
    },
    {
      "threshold": "fixed",
      "threshold_value": 0.9,
      "val": {
        "threshold": 0.9,
        "accuracy": 0.2222222222222222,
        "precision": 0.0,
        "recall": 0.0,
        "f1": 0.0,
        "TNR": 1.0,
        "TPR": 0.0,
        "sensitivity": 0.0,
        "specificity": 1.0,
        "balanced_acc": 0.5,
        "TN": 4,
        "FP": 0,
        "FN": 14,
        "TP": 0,
        "confusion_matrix": [
          [
            4,
            0
          ],
          [
            14,
            0
          ]
        ]
      },
      "test": {
        "threshold": 0.9,
        "accuracy": 0.20454545454545456,
        "precision": 0.0,
        "recall": 0.0,
        "f1": 0.0,
        "TNR": 1.0,
        "TPR": 0.0,
        "sensitivity": 0.0,
        "specificity": 1.0,
        "balanced_acc": 0.5,
        "TN": 9,
        "FP": 0,
        "FN": 35,
        "TP": 0,
        "confusion_matrix": [
          [
            9,
            0
          ],
          [
            35,
            0
          ]
        ]
      }
    },
    {
      "threshold": "optimal",
      "threshold_value": 0.51,
      "val": {
        "threshold": 0.51,
        "accuracy": 0.7222222222222222,