{
  "day": "Dy28",
  "day_no": 28,
  "n_metabolite_features": 12,
  "n_image_features": 12,
  "n_total_features": 24,
  "test_accuracy": 0.8409090909090909,
  "test_f1_acceptable": 0.9066666666666666,
  "test_f1_notacceptable": 0.46153846153846156,
  "test_recall_acceptable": 0.9714285714285714,
  "test_recall_notacceptable": 0.3333333333333333,
  "test_precision_acceptable": 0.85,
  "test_precision_notacceptable": 0.75,
  "test_specificity": 0.3333333333333333,
  "test_pr_auc": 0.9916325196005971,
  "best_params": {
    "colsample_bytree": 0.8,
    "learning_rate": 0.1,
    "max_depth": 3,
    "min_child_samples": 10,
    "n_estimators": 500,
    "num_leaves": 31,
    "subsample": 0.8
  },
  "cv_score": 0.5459300424975482,
  "pca_explained_variance": 0.4624860882759094,
  "confusion_matrix": {
    "TP": 34,
    "FP": 6,
    "TN": 3,
    "FN": 1
  }
}