{
  "n_components": 12,
  "explained_variance_ratio": [
    0.11075103282928467,
    0.06245651841163635,
    0.0528949536383152,
    0.042498983442783356,
    0.0361434631049633,
    0.029053380712866783,
    0.026412388309836388,
    0.024145513772964478,
    0.021958621218800545,
    0.020361267030239105,
    0.018117407336831093,
    0.017692571505904198
  ],
  "total_explained_variance": 0.4624860882759094
}