{
  "day": "Dy10",
  "split": "val",
  "accuracy": 0.7586206896551724,
  "f1": 0.8444444444444444,
  "n": 29,
  "batch_size": 16
}