{
  "day": "Dy20_5",
  "day_no": 20,
  "split": "test",
  "accuracy": 0.7586206896551724,
  "f1": 0.8372093023255814,
  "roc_auc": 0.7321428571428571,
  "pr_auc": 0.8037024047322492,
  "val_accuracy_for_selection": 0.8620689655172413,
  "val_n": 29,
  "test_n": 29,
  "actual_good": 21,
  "predicted_good": 22,
  "batch_size_train": 16,
  "batch_size_valtest": 16,
  "backbone_key": "resnet",
  "input_key": "overlay_path",
  "use_mask": true
}