{
  "day": "Dy20_5",
  "split": "val",
  "accuracy": 0.8620689655172413,
  "f1": 0.9047619047619048,
  "roc_auc": 0.75,
  "pr_auc": 0.8048657686285323,
  "n": 29,
  "batch_size": 16,
  "input_key": "overlay_path",
  "use_mask": true
}