{
  "day": "Dy3",
  "split": "val",
  "accuracy": 0.8275862068965517,
  "f1": 0.8648648648648649,
  "n": 29,
  "batch_size": 16
}