{
  "model_type": "cnn_lstm",
  "day": 15.0,
  "best_val_acc": 0.8235294117647058,
  "optimal_threshold": 0.56,
  "val_at_optimal": {
    "threshold": 0.56,
    "accuracy": 0.29411764705882354,
    "precision": 0.75,
    "recall": 0.21428571428571427,
    "f1": 0.3333333333333333,
    "TNR": 0.6666666666666666,
    "TPR": 0.21428571428571427,
    "balanced_acc": 0.44047619047619047,
    "TN": 2,
    "FP": 1,
    "FN": 11,
    "TP": 3,
    "confusion_matrix": [
      [
        2,
        1
      ],
      [
        11,
        3
      ]
    ]
  },
  "test_at_optimal": {
    "threshold": 0.56,
    "accuracy": 0.2702702702702703,
    "precision": 0.75,
    "recall": 0.1935483870967742,
    "f1": 0.3076923076923077,
    "TNR": 0.6666666666666666,
    "TPR": 0.1935483870967742,
    "balanced_acc": 0.4301075268817204,
    "TN": 4,
    "FP": 2,
    "FN": 25,
    "TP": 6,
    "confusion_matrix": [
      [
        4,
        2
      ],
      [
        25,
        6
      ]
    ]
  },
  "val_at_0.5": {
    "threshold": 0.5,
    "accuracy": 0.8235294117647058,
    "precision": 0.8235294117647058,
    "recall": 1.0,
    "f1": 0.9032258064516129,
    "TNR": 0.0,
    "TPR": 1.0,
    "balanced_acc": 0.5,
    "TN": 0,
    "FP": 3,
    "FN": 0,
    "TP": 14,
    "confusion_matrix": [
      [
        0,
        3
      ],
      [
        0,
        14
      ]
    ]
  },
  "test_at_0.5": {
    "threshold": 0.5,
    "accuracy": 0.8378378378378378,
    "precision": 0.8378378378378378,
    "recall": 1.0,
    "f1": 0.9117647058823529,
    "TNR": 0.0,
    "TPR": 1.0,
    "balanced_acc": 0.5,
    "TN": 0,
    "FP": 6,
    "FN": 0,
    "TP": 31,
    "confusion_matrix": [
      [
        0,
        6
      ],
      [
        0,
        31
      ]
    ]
  },
  "train_history": [
    {
      "epoch": 1,
      "train_loss": 0.6945091154840257,
      "train_acc": 0.795774647887324,
      "val_loss": 0.6688032150268555,
      "val_acc": 0.8235294117647058,
      "val_precision": 0.8235294117647058,
      "val_recall": 1.0,
      "val_f1": 0.9032258064516129
    },
    {
      "epoch": 2,
      "train_loss": 0.660214881102244,
      "train_acc": 0.8450704225352113,
      "val_loss": 0.6708120703697205,
      "val_acc": 0.7647058823529411,
      "val_precision": 0.8125,
      "val_recall": 0.9285714285714286,
      "val_f1": 0.8666666666666667
    },
    {
      "epoch": 3,
      "train_loss": 0.6319863779677285,
      "train_acc": 0.8450704225352113,
      "val_loss": 0.6584612727165222,
      "val_acc": 0.7058823529411765,
      "val_precision": 0.8,
      "val_recall": 0.8571428571428571,
      "val_f1": 0.8275862068965517
    },
    {
      "epoch": 4,
      "train_loss": 0.5926142219040129,
      "train_acc": 0.852112676056338,
      "val_loss": 0.6294731696446737,
      "val_acc": 0.8235294117647058,
      "val_precision": 0.8666666666666667,
      "val_recall": 0.9285714285714286,
      "val_f1": 0.896551724137931
    },
    {
      "epoch": 5,
      "train_loss": 0.4423910826444626,
      "train_acc": 0.9295774647887324,
      "val_loss": 0.6521303057670593,
      "val_acc": 0.5882352941176471,
      "val_precision": 0.8888888888888888,
      "val_recall": 0.5714285714285714,
      "val_f1": 0.6956521739130435
    },
    {
      "epoch": 6,
      "train_loss": 0.3182815789348549,
      "train_acc": 0.9788732394366197,
      "val_loss": 0.6795026163260142,
      "val_acc": 0.7647058823529411,
      "val_precision": 0.8571428571428571,
      "val_recall": 0.8571428571428571,
      "val_f1": 0.8571428571428571
    },
    {
      "epoch": 7,
      "train_loss": 0.19253843929618597,
      "train_acc": 0.9929577464788732,
      "val_loss": 0.5844285587469736,
      "val_acc": 0.6470588235294118,
      "val_precision": 0.9,
      "val_recall": 0.6428571428571429,
      "val_f1": 0.75
    },
    {
      "epoch": 8,
      "train_loss": 0.12445973260845575,
      "train_acc": 0.9929577464788732,
      "val_loss": 0.8719941067198912,
      "val_acc": 0.5294117647058824,
      "val_precision": 0.875,
      "val_recall": 0.5,
      "val_f1": 0.6363636363636364
    },
    {
      "epoch": 9,
      "train_loss": 0.04291427947787775,
      "train_acc": 1.0,
      "val_loss": 0.8827603980898857,
      "val_acc": 0.5882352941176471,
      "val_precision": 0.8888888888888888,
      "val_recall": 0.5714285714285714,
      "val_f1": 0.6956521739130435
    },
    {
      "epoch": 10,
      "train_loss": 0.016090164957050648,
      "train_acc": 1.0,
      "val_loss": 1.1171874205271404,
      "val_acc": 0.29411764705882354,
      "val_precision": 0.75,
      "val_recall": 0.21428571428571427,
      "val_f1": 0.3333333333333333
    },
    {
      "epoch": 11,
      "train_loss": 0.009249683598884277,
      "train_acc": 1.0,
      "val_loss": 1.1061782961090405,
      "val_acc": 0.6470588235294118,
      "val_precision": 0.9,
      "val_recall": 0.6428571428571429,
      "val_f1": 0.75
    },
    {
      "epoch": 12,
      "train_loss": 0.009179041371680796,
      "train_acc": 1.0,
      "val_loss": 1.1669470767180126,
      "val_acc": 0.5882352941176471,
      "val_precision": 0.8888888888888888,
      "val_recall": 0.5714285714285714,
      "val_f1": 0.6956521739130435
    },
    {
      "epoch": 13,
      "train_loss": 0.01165827597853624,
      "train_acc": 0.9929577464788732,
      "val_loss": 1.044334868590037,
      "val_acc": 0.5294117647058824,
      "val_precision": 0.875,
      "val_recall": 0.5,
      "val_f1": 0.6363636363636364
    },
    {
      "epoch": 14,
      "train_loss": 0.0057807296074719895,
      "train_acc": 1.0,
      "val_loss": 1.05154683192571,
      "val_acc": 0.47058823529411764,
      "val_precision": 0.8571428571428571,
      "val_recall": 0.42857142857142855,
      "val_f1": 0.5714285714285714
    },
    {
      "epoch": 15,
      "train_loss": 0.011168107312793532,
      "train_acc": 1.0,
      "val_loss": 1.0313625385363896,
      "val_acc": 0.5882352941176471,
      "val_precision": 0.8888888888888888,
      "val_recall": 0.5714285714285714,
      "val_f1": 0.6956521739130435
    },
    {
      "epoch": 16,
      "train_loss": 0.0021812050415772116,
      "train_acc": 1.0,
      "val_loss": 1.177152822415034,
      "val_acc": 0.4117647058823529,
      "val_precision": 0.8333333333333334,
      "val_recall": 0.35714285714285715,
      "val_f1": 0.5
    },
    {
      "epoch": 17,
      "train_loss": 0.004089470289828669,
      "train_acc": 1.0,
      "val_loss": 1.177643616994222,
      "val_acc": 0.47058823529411764,
      "val_precision": 0.8571428571428571,
      "val_recall": 0.42857142857142855,
      "val_f1": 0.5714285714285714
    },
    {
      "epoch": 18,
      "train_loss": 0.014339024100788973,
      "train_acc": 0.9929577464788732,
      "val_loss": 1.3542611996332805,
      "val_acc": 0.35294117647058826,
      "val_precision": 0.8,
      "val_recall": 0.2857142857142857,
      "val_f1": 0.42105263157894735
    },
    {
      "epoch": 19,
      "train_loss": 0.0020277419599652705,
      "train_acc": 1.0,
      "val_loss": 1.191505474348863,
      "val_acc": 0.47058823529411764,
      "val_precision": 0.8571428571428571,
      "val_recall": 0.42857142857142855,
      "val_f1": 0.5714285714285714
    },
    {
      "epoch": 20,
      "train_loss": 0.006655427931238794,
      "train_acc": 0.9929577464788732,
      "val_loss": 1.0865015437205632,
      "val_acc": 0.47058823529411764,
      "val_precision": 0.8571428571428571,
      "val_recall": 0.42857142857142855,
      "val_f1": 0.5714285714285714
    }
  ],
  "model_path": "/home/tonyluo/amanda_temporal/comparison_runs/per_day_study_overlay/cnn_lstm/day_15_0/best_model.pth"
}