{
  "day": "Dy8",
  "split": "val",
  "accuracy": 0.7931034482758621,
  "f1": 0.85,
  "roc_auc": 0.7555555555555555,
  "pr_auc": 0.8715790521684486,
  "n": 29,
  "batch_size": 16,
  "input_key": "img_path",
  "use_mask": false
}