{
  "day": "Dy17",
  "split": "val",
  "accuracy": 0.7931034482758621,
  "f1": 0.8571428571428571,
  "roc_auc": 0.5888888888888889,
  "pr_auc": 0.7171354043925305,
  "n": 29,
  "batch_size": 16,
  "input_key": "img_path",
  "use_mask": true
}