{
  "day": "Dy8",
  "day_no": 8,
  "split": "test",
  "accuracy": 0.7037037037037037,
  "f1": 0.8260869565217391,
  "roc_auc": 0.513157894736842,
  "pr_auc": 0.7420092557187228,
  "val_accuracy_for_selection": 0.7407407407407407,
  "val_n": 27,
  "test_n": 27,
  "actual_good": 19,
  "predicted_good": 27,
  "batch_size_train": 16,
  "batch_size_valtest": 16,
  "backbone_key": "vit"
}