{
  "day": "Dy8",
  "split": "val",
  "accuracy": 0.7407407407407407,
  "f1": 0.8444444444444444,
  "roc_auc": 0.7039473684210527,
  "pr_auc": 0.8752924801121236,
  "n": 27,
  "batch_size": 16
}