{
  "day": "Dy13",
  "day_no": 13,
  "split": "test",
  "accuracy": 0.4827586206896552,
  "f1": 0.5945945945945946,
  "roc_auc": 0.5476190476190476,
  "pr_auc": 0.7978335174676252,
  "val_accuracy_for_selection": 0.6551724137931034,
  "val_n": 29,
  "test_n": 29,
  "actual_good": 21,
  "predicted_good": 16,
  "batch_size_train": 16,
  "batch_size_valtest": 16,
  "backbone_key": "cnn",
  "input_key": "img_path",
  "use_mask": true
}