{
  "day": "Dy13",
  "split": "val",
  "accuracy": 0.6551724137931034,
  "f1": 0.7368421052631579,
  "roc_auc": 0.47222222222222227,
  "pr_auc": 0.688095702865987,
  "n": 29,
  "batch_size": 16,
  "input_key": "img_path",
  "use_mask": true
}