{
  "day": "Dy8",
  "split": "val",
  "brier": 0.13158001005649567,
  "rmse": 0.36273959279060364,
  "acc@0.5": 0.8148148148148148,
  "f1@0.5": 0.8837209302325582,
  "corr": 0.6923877596855164,
  "roc_auc": 0.9473684210526316,
  "pr_auc": 0.9808479532163741,
  "chosen_threshold": 0.785,
  "threshold_method": "max_f1",
  "min_precision": null,
  "n": 27,
  "batch_size": 16
}