{
  "day": "Dy8",
  "day_no": 800,
  "split": "test",
  "brier": 0.27155357599258423,
  "rmse": 0.5211080312728882,
  "corr": 0.20922693610191345,
  "acc@0.5": 0.7037037037037037,
  "f1@0.5": 0.8260869565217391,
  "actual_good@0.5": 19,
  "predicted_good@0.5": 27,
  "acc@t*": 0.7037037037037037,
  "f1@t*": 0.8260869565217391,
  "bal_acc@t*": 0.5,
  "roc_auc": 0.7236842105263158,
  "pr_auc": 0.8538652672863198,
  "threshold_used": 0.785,
  "threshold_method": "max_f1",
  "min_precision": null,
  "val_brier_for_selection": 0.13158001005649567,
  "val_n": 27,
  "test_n": 27,
  "batch_size_train": 16,
  "batch_size_valtest": 16,
  "backbone_key": "resnet"
}