{
  "model_type": "per_day",
  "day": 15,
  "best_val_acc": 0.9444444179534912,
  "optimal_threshold": 0.49,
  "val_at_optimal": {
    "threshold": 0.49,
    "accuracy": 0.9444444444444444,
    "precision": 0.9333333333333333,
    "recall": 1.0,
    "f1": 0.9655172413793104,
    "TNR": 0.75,
    "TPR": 1.0,
    "sensitivity": 1.0,
    "specificity": 0.75,
    "balanced_acc": 0.875,
    "TN": 3,
    "FP": 1,
    "FN": 0,
    "TP": 14,
    "confusion_matrix": [
      [
        3,
        1
      ],
      [
        0,
        14
      ]
    ]
  },
  "test_at_optimal": {
    "threshold": 0.49,
    "accuracy": 0.7727272727272727,
    "precision": 0.8378378378378378,
    "recall": 0.8857142857142857,
    "f1": 0.8611111111111112,
    "TNR": 0.3333333333333333,
    "TPR": 0.8857142857142857,
    "sensitivity": 0.8857142857142857,
    "specificity": 0.3333333333333333,
    "balanced_acc": 0.6095238095238095,
    "TN": 3,
    "FP": 6,
    "FN": 4,
    "TP": 31,
    "confusion_matrix": [
      [
        3,
        6
      ],
      [
        4,
        31
      ]
    ]
  },
  "val_at_0.5": {
    "threshold": 0.5,
    "accuracy": 0.9444444444444444,
    "precision": 0.9333333333333333,
    "recall": 1.0,
    "f1": 0.9655172413793104,
    "TNR": 0.75,
    "TPR": 1.0,
    "sensitivity": 1.0,
    "specificity": 0.75,
    "balanced_acc": 0.875,
    "TN": 3,
    "FP": 1,
    "FN": 0,
    "TP": 14,
    "confusion_matrix": [
      [
        3,
        1
      ],
      [
        0,
        14
      ]
    ]
  },
  "test_at_0.5": {
    "threshold": 0.5,
    "accuracy": 0.75,
    "precision": 0.8333333333333334,
    "recall": 0.8571428571428571,
    "f1": 0.8450704225352113,
    "TNR": 0.3333333333333333,
    "TPR": 0.8571428571428571,
    "sensitivity": 0.8571428571428571,
    "specificity": 0.3333333333333333,
    "balanced_acc": 0.5952380952380952,
    "TN": 3,
    "FP": 6,
    "FN": 5,
    "TP": 30,
    "confusion_matrix": [
      [
        3,
        6
      ],
      [
        5,
        30
      ]
    ]
  },
  "threshold_results": [
    {
      "threshold": "fixed",
      "threshold_value": 0.5,
      "val": {
        "threshold": 0.5,
        "accuracy": 0.9444444444444444,
        "precision": 0.9333333333333333,
        "recall": 1.0,
        "f1": 0.9655172413793104,
        "TNR": 0.75,
        "TPR": 1.0,
        "sensitivity": 1.0,
        "specificity": 0.75,
        "balanced_acc": 0.875,
        "TN": 3,
        "FP": 1,
        "FN": 0,
        "TP": 14,
        "confusion_matrix": [
          [
            3,
            1
          ],
          [
            0,
            14
          ]
        ]
      },
      "test": {
        "threshold": 0.5,
        "accuracy": 0.75,
        "precision": 0.8333333333333334,
        "recall": 0.8571428571428571,
        "f1": 0.8450704225352113,
        "TNR": 0.3333333333333333,
        "TPR": 0.8571428571428571,
        "sensitivity": 0.8571428571428571,
        "specificity": 0.3333333333333333,
        "balanced_acc": 0.5952380952380952,
        "TN": 3,
        "FP": 6,
        "FN": 5,
        "TP": 30,
        "confusion_matrix": [
          [
            3,
            6
          ],
          [
            5,
            30
          ]
        ]
      }
    },
    {
      "threshold": "fixed",
      "threshold_value": 0.6,
      "val": {
        "threshold": 0.6,
        "accuracy": 0.4444444444444444,
        "precision": 0.8333333333333334,
        "recall": 0.35714285714285715,
        "f1": 0.5,
        "TNR": 0.75,
        "TPR": 0.35714285714285715,
        "sensitivity": 0.35714285714285715,
        "specificity": 0.75,
        "balanced_acc": 0.5535714285714286,
        "TN": 3,
        "FP": 1,
        "FN": 9,
        "TP": 5,
        "confusion_matrix": [
          [
            3,
            1
          ],
          [
            9,
            5
          ]
        ]
      },
      "test": {
        "threshold": 0.6,
        "accuracy": 0.38636363636363635,
        "precision": 1.0,
        "recall": 0.22857142857142856,
        "f1": 0.37209302325581395,
        "TNR": 1.0,
        "TPR": 0.22857142857142856,
        "sensitivity": 0.22857142857142856,
        "specificity": 1.0,
        "balanced_acc": 0.6142857142857143,
        "TN": 9,
        "FP": 0,
        "FN": 27,
        "TP": 8,
        "confusion_matrix": [
          [
            9,
            0
          ],
          [
            27,
            8
          ]
        ]
      }
    },
    {
      "threshold": "fixed",
      "threshold_value": 0.7,
      "val": {
        "threshold": 0.7,
        "accuracy": 0.2222222222222222,
        "precision": 0.0,
        "recall": 0.0,
        "f1": 0.0,
        "TNR": 1.0,
        "TPR": 0.0,
        "sensitivity": 0.0,
        "specificity": 1.0,
        "balanced_acc": 0.5,
        "TN": 4,
        "FP": 0,
        "FN": 14,
        "TP": 0,
        "confusion_matrix": [
          [
            4,
            0
          ],
          [
            14,
            0
          ]
        ]
      },
      "test": {
        "threshold": 0.7,
        "accuracy": 0.20454545454545456,
        "precision": 0.0,
        "recall": 0.0,
        "f1": 0.0,
        "TNR": 1.0,
        "TPR": 0.0,
        "sensitivity": 0.0,
        "specificity": 1.0,
        "balanced_acc": 0.5,
        "TN": 9,
        "FP": 0,
        "FN": 35,
        "TP": 0,
        "confusion_matrix": [
          [
            9,
            0
          ],
          [
            35,
            0
          ]
        ]
      }
    },
    {
      "threshold": "fixed",
      "threshold_value": 0.8,
      "val": {
        "threshold": 0.8,
        "accuracy": 0.2222222222222222,
        "precision": 0.0,
        "recall": 0.0,
        "f1": 0.0,
        "TNR": 1.0,
        "TPR": 0.0,
        "sensitivity": 0.0,
        "specificity": 1.0,
        "balanced_acc": 0.5,
        "TN": 4,
        "FP": 0,
        "FN": 14,
        "TP": 0,
        "confusion_matrix": [
          [
            4,
            0
          ],
          [
            14,
            0
          ]
        ]
      },
      "test": {
        "threshold": 0.8,
        "accuracy": 0.20454545454545456,
        "precision": 0.0,
        "recall": 0.0,
        "f1": 0.0,
        "TNR": 1.0,
        "TPR": 0.0,
        "sensitivity": 0.0,
        "specificity": 1.0,
        "balanced_acc": 0.5,
        "TN": 9,
        "FP": 0,
        "FN": 35,
        "TP": 0,
        "confusion_matrix": [
          [
            9,
            0
          ],
          [
            35,
            0
          ]
        ]
      }
    },
    {
      "threshold": "fixed",
      "threshold_value": 0.9,
      "val": {
        "threshold": 0.9,
        "accuracy": 0.2222222222222222,
        "precision": 0.0,
        "recall": 0.0,
        "f1": 0.0,
        "TNR": 1.0,
        "TPR": 0.0,
        "sensitivity": 0.0,
        "specificity": 1.0,
        "balanced_acc": 0.5,
        "TN": 4,
        "FP": 0,
        "FN": 14,
        "TP": 0,
        "confusion_matrix": [
          [
            4,
            0
          ],
          [
            14,
            0
          ]
        ]
      },
      "test": {
        "threshold": 0.9,
        "accuracy": 0.20454545454545456,
        "precision": 0.0,
        "recall": 0.0,
        "f1": 0.0,
        "TNR": 1.0,
        "TPR": 0.0,
        "sensitivity": 0.0,
        "specificity": 1.0,
        "balanced_acc": 0.5,
        "TN": 9,
        "FP": 0,
        "FN": 35,
        "TP": 0,
        "confusion_matrix": [
          [
            9,
            0
          ],
          [
            35,
            0
          ]
        ]
      }
    },
    {
      "threshold": "optimal",
      "threshold_value": 0.49,
      "val": {
        "threshold": 0.49,
        "accuracy": 0.9444444444444444,
        "precision": 0.9333333333333333,
        "recall": 1.0,
        "f1": 0.9655172413793104,
        "TNR": 0.75,
        "TPR": 1.0,