{
  "day": "Dy30",
  "split": "val",
  "accuracy": 0.9,
  "f1": 0.9333333333333333,
  "roc_auc": 0.7566137566137567,
  "pr_auc": 0.8261410723131681,
  "n": 30,
  "batch_size": 16,
  "input_key": "img_path",
  "use_mask": true
}