{
  "day": "Dy3",
  "split": "val",
  "accuracy": 0.6896551724137931,
  "f1": 0.7567567567567568,
  "roc_auc": 0.6833333333333333,
  "pr_auc": 0.808541777216473,
  "n": 29,
  "batch_size": 16,
  "input_key": "overlay_path",
  "use_mask": false
}