{
  "day": "Dy24",
  "day_no": 2400,
  "split": "test",
  "brier": 0.10853609442710876,
  "rmse": 0.3294481635093689,
  "corr": 0.7336548566818237,
  "acc@0.5": 0.8518518518518519,
  "f1@0.5": 0.9047619047619048,
  "actual_good@0.5": 19,
  "predicted_good@0.5": 23,
  "acc@t*": 0.8518518518518519,
  "f1@t*": 0.9047619047619048,
  "bal_acc@t*": 0.75,
  "roc_auc": 0.868421052631579,
  "pr_auc": 0.930747187652027,
  "threshold_used": 0.20400000000000001,
  "threshold_method": "max_f1",
  "min_precision": null,
  "val_brier_for_selection": 0.010212890803813934,
  "val_n": 27,
  "test_n": 27,
  "batch_size_train": 16,
  "batch_size_valtest": 16,
  "backbone_key": "efficientnet"
}