{
  "day": "Dy24",
  "split": "val",
  "brier": 0.010212890803813934,
  "rmse": 0.10105884820222855,
  "acc@0.5": 1.0,
  "f1@0.5": 1.0,
  "corr": 0.9745202660560608,
  "roc_auc": 1.0,
  "pr_auc": 1.0,
  "chosen_threshold": 0.20400000000000001,
  "threshold_method": "max_f1",
  "min_precision": null,
  "n": 27,
  "batch_size": 16
}