{
  "day": "Dy10",
  "split": "val",
  "accuracy": 0.7777777777777778,
  "f1": 0.8695652173913043,
  "n": 27,
  "batch_size": 16
}