{
  "day": "Dy13",
  "day_no": 13,
  "split": "test",
  "accuracy": 0.7241379310344828,
  "f1": 0.8181818181818182,
  "roc_auc": 0.6607142857142857,
  "pr_auc": 0.8458014404387693,
  "val_accuracy_for_selection": 0.6206896551724138,
  "val_n": 29,
  "test_n": 29,
  "actual_good": 21,
  "predicted_good": 23,
  "batch_size_train": 16,
  "batch_size_valtest": 16,
  "backbone_key": "cnn",
  "input_key": "img_path",
  "use_mask": false
}