{
  "day": "Dy6",
  "day_no": 6,
  "split": "test",
  "accuracy": 0.7586206896551724,
  "f1": 0.8444444444444444,
  "roc_auc": 0.7797619047619047,
  "pr_auc": 0.9118483438032312,
  "val_accuracy_for_selection": 0.7241379310344828,
  "val_n": 29,
  "test_n": 29,
  "actual_good": 21,
  "predicted_good": 24,
  "batch_size_train": 16,
  "batch_size_valtest": 16,
  "backbone_key": "resnet",
  "input_key": "img_path",
  "use_mask": true
}