{
  "day": "Dy15",
  "split": "val",
  "brier": 0.12098260968923569,
  "rmse": 0.3478255569934845,
  "acc@0.5": 0.7407407407407407,
  "f1@0.5": 0.851063829787234,
  "corr": 0.622010350227356,
  "roc_auc": 0.8714285714285714,
  "pr_auc": 0.9536111111111112,
  "chosen_threshold": 0.545,
  "threshold_method": "max_f1",
  "min_precision": null,
  "n": 27,
  "batch_size": 16
}