{
  "day": "Dy15",
  "day_no": 1500,
  "split": "test",
  "brier": 0.22007246315479279,
  "rmse": 0.46911880373954773,
  "corr": 0.22055524587631226,
  "acc@0.5": 0.7037037037037037,
  "f1@0.5": 0.8260869565217391,
  "actual_good@0.5": 19,
  "predicted_good@0.5": 27,
  "acc@t*": 0.7037037037037037,
  "f1@t*": 0.8,
  "bal_acc@t*": 0.6085526315789473,
  "roc_auc": 0.6710526315789473,
  "pr_auc": 0.8403507392085934,
  "threshold_used": 0.545,
  "threshold_method": "max_f1",
  "min_precision": null,
  "val_brier_for_selection": 0.12098260968923569,
  "val_n": 27,
  "test_n": 27,
  "batch_size_train": 16,
  "batch_size_valtest": 16,
  "backbone_key": "vit"
}