{
  "model_type": "per_day",
  "day": 20.5,
  "best_val_acc": 0.7777777910232544,
  "optimal_threshold": 0.5700000000000001,
  "val_at_optimal": {
    "threshold": 0.5700000000000001,
    "accuracy": 0.4444444444444444,
    "precision": 1.0,
    "recall": 0.2857142857142857,
    "f1": 0.4444444444444444,
    "TNR": 1.0,
    "TPR": 0.2857142857142857,
    "sensitivity": 0.2857142857142857,
    "specificity": 1.0,
    "balanced_acc": 0.6428571428571428,
    "TN": 4,
    "FP": 0,
    "FN": 10,
    "TP": 4,
    "confusion_matrix": [
      [
        4,
        0
      ],
      [
        10,
        4
      ]
    ]
  },
  "test_at_optimal": {
    "threshold": 0.5700000000000001,
    "accuracy": 0.45454545454545453,
    "precision": 1.0,
    "recall": 0.3142857142857143,
    "f1": 0.4782608695652174,
    "TNR": 1.0,
    "TPR": 0.3142857142857143,
    "sensitivity": 0.3142857142857143,
    "specificity": 1.0,
    "balanced_acc": 0.6571428571428571,
    "TN": 9,
    "FP": 0,
    "FN": 24,
    "TP": 11,
    "confusion_matrix": [
      [
        9,
        0
      ],
      [
        24,
        11
      ]
    ]
  },
  "val_at_0.5": {
    "threshold": 0.5,
    "accuracy": 0.7777777777777778,
    "precision": 0.8571428571428571,
    "recall": 0.8571428571428571,
    "f1": 0.8571428571428571,
    "TNR": 0.5,
    "TPR": 0.8571428571428571,
    "sensitivity": 0.8571428571428571,
    "specificity": 0.5,
    "balanced_acc": 0.6785714285714286,
    "TN": 2,
    "FP": 2,
    "FN": 2,
    "TP": 12,
    "confusion_matrix": [
      [
        2,
        2
      ],
      [
        2,
        12
      ]
    ]
  },
  "test_at_0.5": {
    "threshold": 0.5,
    "accuracy": 0.7045454545454546,
    "precision": 0.8055555555555556,
    "recall": 0.8285714285714286,
    "f1": 0.8169014084507042,
    "TNR": 0.2222222222222222,
    "TPR": 0.8285714285714286,
    "sensitivity": 0.8285714285714286,
    "specificity": 0.2222222222222222,
    "balanced_acc": 0.5253968253968254,
    "TN": 2,
    "FP": 7,
    "FN": 6,
    "TP": 29,
    "confusion_matrix": [
      [
        2,
        7
      ],
      [
        6,
        29
      ]
    ]
  },
  "threshold_results": [
    {
      "threshold": "fixed",
      "threshold_value": 0.5,
      "val": {
        "threshold": 0.5,
        "accuracy": 0.7777777777777778,
        "precision": 0.8571428571428571,
        "recall": 0.8571428571428571,
        "f1": 0.8571428571428571,
        "TNR": 0.5,
        "TPR": 0.8571428571428571,
        "sensitivity": 0.8571428571428571,
        "specificity": 0.5,
        "balanced_acc": 0.6785714285714286,
        "TN": 2,
        "FP": 2,
        "FN": 2,
        "TP": 12,
        "confusion_matrix": [
          [
            2,
            2
          ],
          [
            2,
            12
          ]
        ]
      },
      "test": {
        "threshold": 0.5,
        "accuracy": 0.7045454545454546,
        "precision": 0.8055555555555556,
        "recall": 0.8285714285714286,
        "f1": 0.8169014084507042,
        "TNR": 0.2222222222222222,
        "TPR": 0.8285714285714286,
        "sensitivity": 0.8285714285714286,
        "specificity": 0.2222222222222222,
        "balanced_acc": 0.5253968253968254,
        "TN": 2,
        "FP": 7,
        "FN": 6,
        "TP": 29,
        "confusion_matrix": [
          [
            2,
            7
          ],
          [
            6,
            29
          ]
        ]
      }
    },
    {
      "threshold": "fixed",
      "threshold_value": 0.6,
      "val": {
        "threshold": 0.6,
        "accuracy": 0.2777777777777778,
        "precision": 1.0,
        "recall": 0.07142857142857142,
        "f1": 0.13333333333333333,
        "TNR": 1.0,
        "TPR": 0.07142857142857142,
        "sensitivity": 0.07142857142857142,
        "specificity": 1.0,
        "balanced_acc": 0.5357142857142857,
        "TN": 4,
        "FP": 0,
        "FN": 13,
        "TP": 1,
        "confusion_matrix": [
          [
            4,
            0
          ],
          [
            13,
            1
          ]
        ]
      },
      "test": {
        "threshold": 0.6,
        "accuracy": 0.25,
        "precision": 1.0,
        "recall": 0.05714285714285714,
        "f1": 0.10810810810810811,
        "TNR": 1.0,
        "TPR": 0.05714285714285714,
        "sensitivity": 0.05714285714285714,
        "specificity": 1.0,
        "balanced_acc": 0.5285714285714286,
        "TN": 9,
        "FP": 0,
        "FN": 33,
        "TP": 2,
        "confusion_matrix": [
          [
            9,
            0
          ],
          [
            33,
            2
          ]
        ]
      }
    },
    {
      "threshold": "fixed",
      "threshold_value": 0.7,
      "val": {
        "threshold": 0.7,
        "accuracy": 0.2222222222222222,
        "precision": 0.0,
        "recall": 0.0,
        "f1": 0.0,
        "TNR": 1.0,
        "TPR": 0.0,
        "sensitivity": 0.0,
        "specificity": 1.0,
        "balanced_acc": 0.5,
        "TN": 4,
        "FP": 0,
        "FN": 14,
        "TP": 0,
        "confusion_matrix": [
          [
            4,
            0
          ],
          [
            14,
            0
          ]
        ]
      },
      "test": {
        "threshold": 0.7,
        "accuracy": 0.20454545454545456,
        "precision": 0.0,
        "recall": 0.0,
        "f1": 0.0,
        "TNR": 1.0,
        "TPR": 0.0,
        "sensitivity": 0.0,
        "specificity": 1.0,
        "balanced_acc": 0.5,
        "TN": 9,
        "FP": 0,
        "FN": 35,
        "TP": 0,
        "confusion_matrix": [
          [
            9,
            0
          ],
          [
            35,
            0
          ]
        ]
      }
    },
    {
      "threshold": "fixed",
      "threshold_value": 0.8,
      "val": {
        "threshold": 0.8,
        "accuracy": 0.2222222222222222,
        "precision": 0.0,
        "recall": 0.0,
        "f1": 0.0,
        "TNR": 1.0,
        "TPR": 0.0,
        "sensitivity": 0.0,
        "specificity": 1.0,
        "balanced_acc": 0.5,
        "TN": 4,
        "FP": 0,
        "FN": 14,
        "TP": 0,
        "confusion_matrix": [
          [
            4,
            0
          ],
          [
            14,
            0
          ]
        ]
      },
      "test": {
        "threshold": 0.8,
        "accuracy": 0.20454545454545456,
        "precision": 0.0,
        "recall": 0.0,
        "f1": 0.0,
        "TNR": 1.0,
        "TPR": 0.0,
        "sensitivity": 0.0,
        "specificity": 1.0,
        "balanced_acc": 0.5,
        "TN": 9,
        "FP": 0,
        "FN": 35,
        "TP": 0,
        "confusion_matrix": [
          [
            9,
            0
          ],
          [
            35,
            0
          ]
        ]
      }
    },
    {
      "threshold": "fixed",
      "threshold_value": 0.9,
      "val": {
        "threshold": 0.9,
        "accuracy": 0.2222222222222222,
        "precision": 0.0,
        "recall": 0.0,
        "f1": 0.0,
        "TNR": 1.0,
        "TPR": 0.0,
        "sensitivity": 0.0,
        "specificity": 1.0,
        "balanced_acc": 0.5,
        "TN": 4,
        "FP": 0,
        "FN": 14,
        "TP": 0,
        "confusion_matrix": [
          [
            4,
            0
          ],
          [
            14,
            0
          ]
        ]
      },
      "test": {
        "threshold": 0.9,
        "accuracy": 0.20454545454545456,
        "precision": 0.0,
        "recall": 0.0,
        "f1": 0.0,
        "TNR": 1.0,
        "TPR": 0.0,
        "sensitivity": 0.0,
        "specificity": 1.0,
        "balanced_acc": 0.5,
        "TN": 9,
        "FP": 0,
        "FN": 35,
        "TP": 0,
        "confusion_matrix": [
          [
            9,
            0
          ],
          [
            35,
            0
          ]
        ]
      }
    },
    {
      "threshold": "optimal",
      "threshold_value": 0.5700000000000001,