{
  "model_type": "per_day",
  "day": 10,
  "best_val_acc": 0.6111111044883728,
  "optimal_threshold": 0.5,
  "val_at_optimal": {
    "threshold": 0.5,
    "accuracy": 0.6111111111111112,
    "precision": 1.0,
    "recall": 0.5,
    "f1": 0.6666666666666666,
    "TNR": 1.0,
    "TPR": 0.5,
    "sensitivity": 0.5,
    "specificity": 1.0,
    "balanced_acc": 0.75,
    "TN": 4,
    "FP": 0,
    "FN": 7,
    "TP": 7,
    "confusion_matrix": [
      [
        4,
        0
      ],
      [
        7,
        7
      ]
    ]
  },
  "test_at_optimal": {
    "threshold": 0.5,
    "accuracy": 0.4772727272727273,
    "precision": 0.9285714285714286,
    "recall": 0.37142857142857144,
    "f1": 0.5306122448979592,
    "TNR": 0.8888888888888888,
    "TPR": 0.37142857142857144,
    "sensitivity": 0.37142857142857144,
    "specificity": 0.8888888888888888,
    "balanced_acc": 0.6301587301587301,
    "TN": 8,
    "FP": 1,
    "FN": 22,
    "TP": 13,
    "confusion_matrix": [
      [
        8,
        1
      ],
      [
        22,
        13
      ]
    ]
  },
  "train_at_0.5": {
    "threshold": 0.5,
    "accuracy": 0.47468354430379744,
    "precision": 0.9777777777777777,
    "recall": 0.3492063492063492,
    "f1": 0.5146198830409356,
    "TNR": 0.96875,
    "TPR": 0.3492063492063492,
    "sensitivity": 0.3492063492063492,
    "specificity": 0.96875,
    "balanced_acc": 0.6589781746031746,
    "TN": 31,
    "FP": 1,
    "FN": 82,
    "TP": 44,
    "confusion_matrix": [
      [
        31,
        1
      ],
      [
        82,
        44
      ]
    ]
  },
  "val_at_0.5": {
    "threshold": 0.5,
    "accuracy": 0.6111111111111112,
    "precision": 1.0,
    "recall": 0.5,
    "f1": 0.6666666666666666,
    "TNR": 1.0,
    "TPR": 0.5,
    "sensitivity": 0.5,
    "specificity": 1.0,
    "balanced_acc": 0.75,
    "TN": 4,
    "FP": 0,
    "FN": 7,
    "TP": 7,
    "confusion_matrix": [
      [
        4,
        0
      ],
      [
        7,
        7
      ]
    ]
  },
  "test_at_0.5": {
    "threshold": 0.5,
    "accuracy": 0.4772727272727273,
    "precision": 0.9285714285714286,
    "recall": 0.37142857142857144,
    "f1": 0.5306122448979592,
    "TNR": 0.8888888888888888,
    "TPR": 0.37142857142857144,
    "sensitivity": 0.37142857142857144,
    "specificity": 0.8888888888888888,
    "balanced_acc": 0.6301587301587301,
    "TN": 8,
    "FP": 1,
    "FN": 22,
    "TP": 13,
    "confusion_matrix": [
      [
        8,
        1
      ],
      [
        22,
        13
      ]
    ]
  },
  "threshold_results": [
    {
      "threshold": "fixed",
      "threshold_value": 0.5,
      "val": {
        "threshold": 0.5,
        "accuracy": 0.6111111111111112,
        "precision": 1.0,
        "recall": 0.5,
        "f1": 0.6666666666666666,
        "TNR": 1.0,
        "TPR": 0.5,
        "sensitivity": 0.5,
        "specificity": 1.0,
        "balanced_acc": 0.75,
        "TN": 4,
        "FP": 0,
        "FN": 7,
        "TP": 7,
        "confusion_matrix": [
          [
            4,
            0
          ],
          [
            7,
            7
          ]
        ]
      },
      "test": {
        "threshold": 0.5,
        "accuracy": 0.4772727272727273,
        "precision": 0.9285714285714286,
        "recall": 0.37142857142857144,
        "f1": 0.5306122448979592,
        "TNR": 0.8888888888888888,
        "TPR": 0.37142857142857144,
        "sensitivity": 0.37142857142857144,
        "specificity": 0.8888888888888888,
        "balanced_acc": 0.6301587301587301,
        "TN": 8,
        "FP": 1,
        "FN": 22,
        "TP": 13,
        "confusion_matrix": [
          [
            8,
            1
          ],
          [
            22,
            13
          ]
        ]
      },
      "train": {
        "threshold": 0.5,
        "accuracy": 0.47468354430379744,
        "precision": 0.9777777777777777,
        "recall": 0.3492063492063492,
        "f1": 0.5146198830409356,
        "TNR": 0.96875,
        "TPR": 0.3492063492063492,
        "sensitivity": 0.3492063492063492,
        "specificity": 0.96875,
        "balanced_acc": 0.6589781746031746,
        "TN": 31,
        "FP": 1,
        "FN": 82,
        "TP": 44,
        "confusion_matrix": [
          [
            31,
            1
          ],
          [
            82,
            44
          ]
        ]
      }
    },
    {
      "threshold": "fixed",
      "threshold_value": 0.6,
      "val": {
        "threshold": 0.6,
        "accuracy": 0.2222222222222222,
        "precision": 0.0,
        "recall": 0.0,
        "f1": 0.0,
        "TNR": 1.0,
        "TPR": 0.0,
        "sensitivity": 0.0,
        "specificity": 1.0,
        "balanced_acc": 0.5,
        "TN": 4,
        "FP": 0,
        "FN": 14,
        "TP": 0,
        "confusion_matrix": [
          [
            4,
            0
          ],
          [
            14,
            0
          ]
        ]
      },
      "test": {
        "threshold": 0.6,
        "accuracy": 0.20454545454545456,
        "precision": 0.0,
        "recall": 0.0,
        "f1": 0.0,
        "TNR": 1.0,
        "TPR": 0.0,
        "sensitivity": 0.0,
        "specificity": 1.0,
        "balanced_acc": 0.5,
        "TN": 9,
        "FP": 0,
        "FN": 35,
        "TP": 0,
        "confusion_matrix": [
          [
            9,
            0
          ],
          [
            35,
            0
          ]
        ]
      },
      "train": {
        "threshold": 0.6,
        "accuracy": 0.2088607594936709,
        "precision": 1.0,
        "recall": 0.007936507936507936,
        "f1": 0.015748031496062992,
        "TNR": 1.0,
        "TPR": 0.007936507936507936,
        "sensitivity": 0.007936507936507936,
        "specificity": 1.0,
        "balanced_acc": 0.503968253968254,
        "TN": 32,
        "FP": 0,
        "FN": 125,
        "TP": 1,
        "confusion_matrix": [
          [
            32,
            0
          ],
          [
            125,
            1
          ]
        ]
      }
    },
    {
      "threshold": "fixed",
      "threshold_value": 0.7,
      "val": {
        "threshold": 0.7,
        "accuracy": 0.2222222222222222,
        "precision": 0.0,
        "recall": 0.0,
        "f1": 0.0,
        "TNR": 1.0,
        "TPR": 0.0,
        "sensitivity": 0.0,
        "specificity": 1.0,
        "balanced_acc": 0.5,
        "TN": 4,
        "FP": 0,
        "FN": 14,
        "TP": 0,
        "confusion_matrix": [
          [
            4,
            0
          ],
          [
            14,
            0
          ]
        ]
      },
      "test": {
        "threshold": 0.7,
        "accuracy": 0.20454545454545456,
        "precision": 0.0,
        "recall": 0.0,
        "f1": 0.0,
        "TNR": 1.0,
        "TPR": 0.0,
        "sensitivity": 0.0,
        "specificity": 1.0,
        "balanced_acc": 0.5,
        "TN": 9,
        "FP": 0,
        "FN": 35,
        "TP": 0,
        "confusion_matrix": [
          [
            9,
            0
          ],
          [
            35,
            0
          ]
        ]
      },
      "train": {
        "threshold": 0.7,
        "accuracy": 0.20253164556962025,
        "precision": 0.0,
        "recall": 0.0,
        "f1": 0.0,
        "TNR": 1.0,
        "TPR": 0.0,
        "sensitivity": 0.0,
        "specificity": 1.0,
        "balanced_acc": 0.5,
        "TN": 32,
        "FP": 0,
        "FN": 126,
        "TP": 0,
        "confusion_matrix": [
          [
            32,
            0
          ],
          [
            126,
            0
          ]
        ]
      }
    },
    {
      "threshold": "fixed",
      "threshold_value": 0.8,
      "val": {
        "threshold": 0.8,
        "accuracy": 0.2222222222222222,
        "precision": 0.0,
        "recall": 0.0,
        "f1": 0.0,
        "TNR": 1.0,
        "TPR": 0.0,
        "sensitivity": 0.0,
        "specificity": 1.0,
        "balanced_acc": 0.5,
        "TN": 4,
        "FP": 0,
        "FN": 14,