{
  "model_type": "effnet_ts",
  "day": 20.5,
  "best_val_acc": 0.8235294222831726,
  "optimal_threshold": 0.6799999999999999,
  "val_at_optimal": {
    "threshold": 0.6799999999999999,
    "accuracy": 0.35294117647058826,
    "precision": 1.0,
    "recall": 0.21428571428571427,
    "f1": 0.35294117647058826,
    "TNR": 1.0,
    "TPR": 0.21428571428571427,
    "sensitivity": 0.21428571428571427,
    "specificity": 1.0,
    "balanced_acc": 0.6071428571428571,
    "TN": 3,
    "FP": 0,
    "FN": 11,
    "TP": 3,
    "confusion_matrix": [
      [
        3,
        0
      ],
      [
        11,
        3
      ]
    ]
  },
  "test_at_optimal": {
    "threshold": 0.6799999999999999,
    "accuracy": 0.46153846153846156,
    "precision": 0.9285714285714286,
    "recall": 0.3939393939393939,
    "f1": 0.5531914893617021,
    "TNR": 0.8333333333333334,
    "TPR": 0.3939393939393939,
    "sensitivity": 0.3939393939393939,
    "specificity": 0.8333333333333334,
    "balanced_acc": 0.6136363636363636,
    "TN": 5,
    "FP": 1,
    "FN": 20,
    "TP": 13,
    "confusion_matrix": [
      [
        5,
        1
      ],
      [
        20,
        13
      ]
    ]
  },
  "val_at_0.5": {
    "threshold": 0.5,
    "accuracy": 0.8235294117647058,
    "precision": 0.8235294117647058,
    "recall": 1.0,
    "f1": 0.9032258064516129,
    "TNR": 0.0,
    "TPR": 1.0,
    "sensitivity": 1.0,
    "specificity": 0.0,
    "balanced_acc": 0.5,
    "TN": 0,
    "FP": 3,
    "FN": 0,
    "TP": 14,
    "confusion_matrix": [
      [
        0,
        3
      ],
      [
        0,
        14
      ]
    ]
  },
  "test_at_0.5": {
    "threshold": 0.5,
    "accuracy": 0.8461538461538461,
    "precision": 0.8461538461538461,
    "recall": 1.0,
    "f1": 0.9166666666666666,
    "TNR": 0.0,
    "TPR": 1.0,
    "sensitivity": 1.0,
    "specificity": 0.0,
    "balanced_acc": 0.5,
    "TN": 0,
    "FP": 6,
    "FN": 0,
    "TP": 33,
    "confusion_matrix": [
      [
        0,
        6
      ],
      [
        0,
        33
      ]
    ]
  },
  "threshold_results": [
    {
      "threshold": "fixed",
      "threshold_value": 0.5,
      "val": {
        "threshold": 0.5,
        "accuracy": 0.8235294117647058,
        "precision": 0.8235294117647058,
        "recall": 1.0,
        "f1": 0.9032258064516129,
        "TNR": 0.0,
        "TPR": 1.0,
        "sensitivity": 1.0,
        "specificity": 0.0,
        "balanced_acc": 0.5,
        "TN": 0,
        "FP": 3,
        "FN": 0,
        "TP": 14,
        "confusion_matrix": [
          [
            0,
            3
          ],
          [
            0,
            14
          ]
        ]
      },
      "test": {
        "threshold": 0.5,
        "accuracy": 0.8461538461538461,
        "precision": 0.8461538461538461,
        "recall": 1.0,
        "f1": 0.9166666666666666,
        "TNR": 0.0,
        "TPR": 1.0,
        "sensitivity": 1.0,
        "specificity": 0.0,
        "balanced_acc": 0.5,
        "TN": 0,
        "FP": 6,
        "FN": 0,
        "TP": 33,
        "confusion_matrix": [
          [
            0,
            6
          ],
          [
            0,
            33
          ]
        ]
      }
    },
    {
      "threshold": "fixed",
      "threshold_value": 0.6,
      "val": {
        "threshold": 0.6,
        "accuracy": 0.8235294117647058,
        "precision": 0.8235294117647058,
        "recall": 1.0,
        "f1": 0.9032258064516129,
        "TNR": 0.0,
        "TPR": 1.0,
        "sensitivity": 1.0,
        "specificity": 0.0,
        "balanced_acc": 0.5,
        "TN": 0,
        "FP": 3,
        "FN": 0,
        "TP": 14,
        "confusion_matrix": [
          [
            0,
            3
          ],
          [
            0,
            14
          ]
        ]
      },
      "test": {
        "threshold": 0.6,
        "accuracy": 0.8461538461538461,
        "precision": 0.8461538461538461,
        "recall": 1.0,
        "f1": 0.9166666666666666,
        "TNR": 0.0,
        "TPR": 1.0,
        "sensitivity": 1.0,
        "specificity": 0.0,
        "balanced_acc": 0.5,
        "TN": 0,
        "FP": 6,
        "FN": 0,
        "TP": 33,
        "confusion_matrix": [
          [
            0,
            6
          ],
          [
            0,
            33
          ]
        ]
      }
    },
    {
      "threshold": "fixed",
      "threshold_value": 0.7,
      "val": {
        "threshold": 0.7,
        "accuracy": 0.17647058823529413,
        "precision": 0.0,
        "recall": 0.0,
        "f1": 0.0,
        "TNR": 1.0,
        "TPR": 0.0,
        "sensitivity": 0.0,
        "specificity": 1.0,
        "balanced_acc": 0.5,
        "TN": 3,
        "FP": 0,
        "FN": 14,
        "TP": 0,
        "confusion_matrix": [
          [
            3,
            0
          ],
          [
            14,
            0
          ]
        ]
      },
      "test": {
        "threshold": 0.7,
        "accuracy": 0.15384615384615385,
        "precision": 0.0,
        "recall": 0.0,
        "f1": 0.0,
        "TNR": 1.0,
        "TPR": 0.0,
        "sensitivity": 0.0,
        "specificity": 1.0,
        "balanced_acc": 0.5,
        "TN": 6,
        "FP": 0,
        "FN": 33,
        "TP": 0,
        "confusion_matrix": [
          [
            6,
            0
          ],
          [
            33,
            0
          ]
        ]
      }
    },
    {
      "threshold": "fixed",
      "threshold_value": 0.8,
      "val": {
        "threshold": 0.8,
        "accuracy": 0.17647058823529413,
        "precision": 0.0,
        "recall": 0.0,
        "f1": 0.0,
        "TNR": 1.0,
        "TPR": 0.0,
        "sensitivity": 0.0,
        "specificity": 1.0,
        "balanced_acc": 0.5,
        "TN": 3,
        "FP": 0,
        "FN": 14,
        "TP": 0,
        "confusion_matrix": [
          [
            3,
            0
          ],
          [
            14,
            0
          ]
        ]
      },
      "test": {
        "threshold": 0.8,
        "accuracy": 0.15384615384615385,
        "precision": 0.0,
        "recall": 0.0,
        "f1": 0.0,
        "TNR": 1.0,
        "TPR": 0.0,
        "sensitivity": 0.0,
        "specificity": 1.0,
        "balanced_acc": 0.5,
        "TN": 6,
        "FP": 0,
        "FN": 33,
        "TP": 0,
        "confusion_matrix": [
          [
            6,
            0
          ],
          [
            33,
            0
          ]
        ]
      }
    },
    {
      "threshold": "fixed",
      "threshold_value": 0.9,
      "val": {
        "threshold": 0.9,
        "accuracy": 0.17647058823529413,
        "precision": 0.0,
        "recall": 0.0,
        "f1": 0.0,
        "TNR": 1.0,
        "TPR": 0.0,
        "sensitivity": 0.0,
        "specificity": 1.0,
        "balanced_acc": 0.5,
        "TN": 3,
        "FP": 0,
        "FN": 14,
        "TP": 0,
        "confusion_matrix": [
          [
            3,
            0
          ],
          [
            14,
            0
          ]
        ]
      },
      "test": {
        "threshold": 0.9,
        "accuracy": 0.15384615384615385,
        "precision": 0.0,
        "recall": 0.0,
        "f1": 0.0,
        "TNR": 1.0,
        "TPR": 0.0,
        "sensitivity": 0.0,
        "specificity": 1.0,
        "balanced_acc": 0.5,
        "TN": 6,
        "FP": 0,
        "FN": 33,
        "TP": 0,
        "confusion_matrix": [
          [
            6,
            0
          ],
          [
            33,
            0
          ]
        ]
      }
    },
    {
      "threshold": "optimal",
      "threshold_value": 0.6799999999999999,
      "val": {
        "threshold": 0.6799999999999999,
        "accuracy": 0.35294117647058826,
        "precision": 1.0,
        "recall": 0.21428571428571427,
        "f1": 0.35294117647058826,
        "TNR": 1.0,
        "TPR": 0.21428571428571427,
        "sensitivity": 0.21428571428571427,
        "specificity": 1.0,
        "balanced_acc": 0.6071428571428571,