{
  "model_type": "per_day",
  "day": 8,
  "best_val_acc": 0.8333333134651184,
  "optimal_threshold": 0.54,
  "val_at_optimal": {
    "threshold": 0.54,
    "accuracy": 0.7222222222222222,
    "precision": 0.8461538461538461,
    "recall": 0.7857142857142857,
    "f1": 0.8148148148148148,
    "TNR": 0.5,
    "TPR": 0.7857142857142857,
    "sensitivity": 0.7857142857142857,
    "specificity": 0.5,
    "balanced_acc": 0.6428571428571428,
    "TN": 2,
    "FP": 2,
    "FN": 3,
    "TP": 11,
    "confusion_matrix": [
      [
        2,
        2
      ],
      [
        3,
        11
      ]
    ]
  },
  "test_at_optimal": {
    "threshold": 0.54,
    "accuracy": 0.5454545454545454,
    "precision": 0.8,
    "recall": 0.5714285714285714,
    "f1": 0.6666666666666666,
    "TNR": 0.4444444444444444,
    "TPR": 0.5714285714285714,
    "sensitivity": 0.5714285714285714,
    "specificity": 0.4444444444444444,
    "balanced_acc": 0.5079365079365079,
    "TN": 4,
    "FP": 5,
    "FN": 15,
    "TP": 20,
    "confusion_matrix": [
      [
        4,
        5
      ],
      [
        15,
        20
      ]
    ]
  },
  "val_at_0.5": {
    "threshold": 0.5,
    "accuracy": 0.8333333333333334,
    "precision": 0.8235294117647058,
    "recall": 1.0,
    "f1": 0.9032258064516129,
    "TNR": 0.25,
    "TPR": 1.0,
    "sensitivity": 1.0,
    "specificity": 0.25,
    "balanced_acc": 0.625,
    "TN": 1,
    "FP": 3,
    "FN": 0,
    "TP": 14,
    "confusion_matrix": [
      [
        1,
        3
      ],
      [
        0,
        14
      ]
    ]
  },
  "test_at_0.5": {
    "threshold": 0.5,
    "accuracy": 0.6590909090909091,
    "precision": 0.8125,
    "recall": 0.7428571428571429,
    "f1": 0.7761194029850746,
    "TNR": 0.3333333333333333,
    "TPR": 0.7428571428571429,
    "sensitivity": 0.7428571428571429,
    "specificity": 0.3333333333333333,
    "balanced_acc": 0.5380952380952381,
    "TN": 3,
    "FP": 6,
    "FN": 9,
    "TP": 26,
    "confusion_matrix": [
      [
        3,
        6
      ],
      [
        9,
        26
      ]
    ]
  },
  "threshold_results": [
    {
      "threshold": "fixed",
      "threshold_value": 0.5,
      "val": {
        "threshold": 0.5,
        "accuracy": 0.8333333333333334,
        "precision": 0.8235294117647058,
        "recall": 1.0,
        "f1": 0.9032258064516129,
        "TNR": 0.25,
        "TPR": 1.0,
        "sensitivity": 1.0,
        "specificity": 0.25,
        "balanced_acc": 0.625,
        "TN": 1,
        "FP": 3,
        "FN": 0,
        "TP": 14,
        "confusion_matrix": [
          [
            1,
            3
          ],
          [
            0,
            14
          ]
        ]
      },
      "test": {
        "threshold": 0.5,
        "accuracy": 0.6590909090909091,
        "precision": 0.8125,
        "recall": 0.7428571428571429,
        "f1": 0.7761194029850746,
        "TNR": 0.3333333333333333,
        "TPR": 0.7428571428571429,
        "sensitivity": 0.7428571428571429,
        "specificity": 0.3333333333333333,
        "balanced_acc": 0.5380952380952381,
        "TN": 3,
        "FP": 6,
        "FN": 9,
        "TP": 26,
        "confusion_matrix": [
          [
            3,
            6
          ],
          [
            9,
            26
          ]
        ]
      }
    },
    {
      "threshold": "fixed",
      "threshold_value": 0.6,
      "val": {
        "threshold": 0.6,
        "accuracy": 0.3888888888888889,
        "precision": 0.7142857142857143,
        "recall": 0.35714285714285715,
        "f1": 0.47619047619047616,
        "TNR": 0.5,
        "TPR": 0.35714285714285715,
        "sensitivity": 0.35714285714285715,
        "specificity": 0.5,
        "balanced_acc": 0.4285714285714286,
        "TN": 2,
        "FP": 2,
        "FN": 9,
        "TP": 5,
        "confusion_matrix": [
          [
            2,
            2
          ],
          [
            9,
            5
          ]
        ]
      },
      "test": {
        "threshold": 0.6,
        "accuracy": 0.4090909090909091,
        "precision": 0.8461538461538461,
        "recall": 0.3142857142857143,
        "f1": 0.4583333333333333,
        "TNR": 0.7777777777777778,
        "TPR": 0.3142857142857143,
        "sensitivity": 0.3142857142857143,
        "specificity": 0.7777777777777778,
        "balanced_acc": 0.5460317460317461,
        "TN": 7,
        "FP": 2,
        "FN": 24,
        "TP": 11,
        "confusion_matrix": [
          [
            7,
            2
          ],
          [
            24,
            11
          ]
        ]
      }
    },
    {
      "threshold": "fixed",
      "threshold_value": 0.7,
      "val": {
        "threshold": 0.7,
        "accuracy": 0.2222222222222222,
        "precision": 0.0,
        "recall": 0.0,
        "f1": 0.0,
        "TNR": 1.0,
        "TPR": 0.0,
        "sensitivity": 0.0,
        "specificity": 1.0,
        "balanced_acc": 0.5,
        "TN": 4,
        "FP": 0,
        "FN": 14,
        "TP": 0,
        "confusion_matrix": [
          [
            4,
            0
          ],
          [
            14,
            0
          ]
        ]
      },
      "test": {
        "threshold": 0.7,
        "accuracy": 0.20454545454545456,
        "precision": 0.0,
        "recall": 0.0,
        "f1": 0.0,
        "TNR": 1.0,
        "TPR": 0.0,
        "sensitivity": 0.0,
        "specificity": 1.0,
        "balanced_acc": 0.5,
        "TN": 9,
        "FP": 0,
        "FN": 35,
        "TP": 0,
        "confusion_matrix": [
          [
            9,
            0
          ],
          [
            35,
            0
          ]
        ]
      }
    },
    {
      "threshold": "fixed",
      "threshold_value": 0.8,
      "val": {
        "threshold": 0.8,
        "accuracy": 0.2222222222222222,
        "precision": 0.0,
        "recall": 0.0,
        "f1": 0.0,
        "TNR": 1.0,
        "TPR": 0.0,
        "sensitivity": 0.0,
        "specificity": 1.0,
        "balanced_acc": 0.5,
        "TN": 4,
        "FP": 0,
        "FN": 14,
        "TP": 0,
        "confusion_matrix": [
          [
            4,
            0
          ],
          [
            14,
            0
          ]
        ]
      },
      "test": {
        "threshold": 0.8,
        "accuracy": 0.20454545454545456,
        "precision": 0.0,
        "recall": 0.0,
        "f1": 0.0,
        "TNR": 1.0,
        "TPR": 0.0,
        "sensitivity": 0.0,
        "specificity": 1.0,
        "balanced_acc": 0.5,
        "TN": 9,
        "FP": 0,
        "FN": 35,
        "TP": 0,
        "confusion_matrix": [
          [
            9,
            0
          ],
          [
            35,
            0
          ]
        ]
      }
    },
    {
      "threshold": "fixed",
      "threshold_value": 0.9,
      "val": {
        "threshold": 0.9,
        "accuracy": 0.2222222222222222,
        "precision": 0.0,
        "recall": 0.0,
        "f1": 0.0,
        "TNR": 1.0,
        "TPR": 0.0,
        "sensitivity": 0.0,
        "specificity": 1.0,
        "balanced_acc": 0.5,
        "TN": 4,
        "FP": 0,
        "FN": 14,
        "TP": 0,
        "confusion_matrix": [
          [
            4,
            0
          ],
          [
            14,
            0
          ]
        ]
      },
      "test": {
        "threshold": 0.9,
        "accuracy": 0.20454545454545456,
        "precision": 0.0,
        "recall": 0.0,
        "f1": 0.0,
        "TNR": 1.0,
        "TPR": 0.0,
        "sensitivity": 0.0,
        "specificity": 1.0,
        "balanced_acc": 0.5,
        "TN": 9,
        "FP": 0,
        "FN": 35,
        "TP": 0,
        "confusion_matrix": [
          [
            9,
            0
          ],
          [
            35,
            0
          ]
        ]
      }
    },
    {
      "threshold": "optimal",
      "threshold_value": 0.54,
      "val": {
        "threshold": 0.54,
        "accuracy": 0.7222222222222222,
        "precision": 0.8461538461538461,