{
  "day": "Dy24",
  "day_no": 24,
  "split": "test",
  "accuracy": 0.8275862068965517,
  "f1": 0.8717948717948718,
  "roc_auc": 0.8277777777777777,
  "pr_auc": 0.9091832714928691,
  "val_accuracy_for_selection": 0.896551724137931,
  "val_n": 29,
  "test_n": 29,
  "actual_good": 20,
  "predicted_good": 19,
  "batch_size_train": 16,
  "batch_size_valtest": 16,
  "backbone_key": "cnn",
  "input_key": "img_path",
  "use_mask": true
}