{
  "day": "Dy24",
  "split": "val",
  "accuracy": 0.896551724137931,
  "f1": 0.9230769230769231,
  "roc_auc": 0.9166666666666666,
  "pr_auc": 0.9629240527255909,
  "n": 29,
  "batch_size": 16,
  "input_key": "img_path",
  "use_mask": true
}