{
  "day": "Dy30",
  "split": "val",
  "accuracy": 0.9,
  "f1": 0.9333333333333333,
  "roc_auc": 0.7724867724867726,
  "pr_auc": 0.8343196001345532,
  "n": 30,
  "batch_size": 16,
  "input_key": "overlay_path",
  "use_mask": true
}