{
  "day": "Dy17",
  "day_no": 1700,
  "split": "test",
  "brier": 0.11114423722028732,
  "rmse": 0.3333830237388611,
  "corr": 0.719384491443634,
  "acc@0.5": 0.8888888888888888,
  "f1@0.5": 0.9230769230769231,
  "actual_good@0.5": 19,
  "predicted_good@0.5": 20,
  "acc@t*": 0.8888888888888888,
  "f1@t*": 0.9230769230769231,
  "bal_acc@t*": 0.8486842105263157,
  "roc_auc": 0.7894736842105262,
  "pr_auc": 0.8784584822054269,
  "threshold_used": 0.451,
  "threshold_method": "max_f1",
  "min_precision": null,
  "val_brier_for_selection": 0.022770754992961884,
  "val_n": 27,
  "test_n": 27,
  "batch_size_train": 16,
  "batch_size_valtest": 16,
  "backbone_key": "efficientnet"
}