{
  "day": "Dy17",
  "split": "val",
  "brier": 0.022770754992961884,
  "rmse": 0.15089981257915497,
  "acc@0.5": 0.9629629629629629,
  "f1@0.5": 0.9743589743589743,
  "corr": 0.9409939050674438,
  "roc_auc": 1.0,
  "pr_auc": 1.0,
  "chosen_threshold": 0.451,
  "threshold_method": "max_f1",
  "min_precision": null,
  "n": 27,
  "batch_size": 16
}