{
  "day": "Dy3",
  "split": "val",
  "brier": 0.11232325434684753,
  "rmse": 0.33514660596847534,
  "acc@0.5": 0.8148148148148148,
  "f1@0.5": 0.8837209302325582,
  "corr": 0.6610838174819946,
  "roc_auc": 0.9,
  "pr_auc": 0.9652036955132932,
  "chosen_threshold": 0.584,
  "threshold_method": "max_f1",
  "min_precision": null,
  "n": 27,
  "batch_size": 16
}