{
  "day": "Dy3",
  "day_no": 300,
  "split": "test",
  "brier": 0.20506666600704193,
  "rmse": 0.4528428614139557,
  "corr": 0.32481691241264343,
  "acc@0.5": 0.6666666666666666,
  "f1@0.5": 0.7692307692307693,
  "actual_good@0.5": 19,
  "predicted_good@0.5": 20,
  "acc@t*": 0.6296296296296297,
  "f1@t*": 0.7368421052631579,
  "bal_acc@t*": 0.555921052631579,
  "roc_auc": 0.6973684210526315,
  "pr_auc": 0.8208351485340313,
  "threshold_used": 0.584,
  "threshold_method": "max_f1",
  "min_precision": null,
  "val_brier_for_selection": 0.11232325434684753,
  "val_n": 27,
  "test_n": 27,
  "batch_size_train": 16,
  "batch_size_valtest": 16,
  "backbone_key": "vit"
}