{
  "model_type": "cnn_lstm",
  "day": 30.0,
  "best_val_acc": 0.9444444444444444,
  "optimal_threshold": 0.44000000000000006,
  "val_at_optimal": {
    "threshold": 0.44000000000000006,
    "accuracy": 0.9444444444444444,
    "precision": 0.9333333333333333,
    "recall": 1.0,
    "f1": 0.9655172413793104,
    "TNR": 0.75,
    "TPR": 1.0,
    "balanced_acc": 0.875,
    "TN": 3,
    "FP": 1,
    "FN": 0,
    "TP": 14,
    "confusion_matrix": [
      [
        3,
        1
      ],
      [
        0,
        14
      ]
    ]
  },
  "test_at_optimal": {
    "threshold": 0.44000000000000006,
    "accuracy": 0.8181818181818182,
    "precision": 0.9090909090909091,
    "recall": 0.8571428571428571,
    "f1": 0.8823529411764706,
    "TNR": 0.6666666666666666,
    "TPR": 0.8571428571428571,
    "balanced_acc": 0.7619047619047619,
    "TN": 6,
    "FP": 3,
    "FN": 5,
    "TP": 30,
    "confusion_matrix": [
      [
        6,
        3
      ],
      [
        5,
        30
      ]
    ]
  },
  "val_at_0.5": {
    "threshold": 0.5,
    "accuracy": 0.9444444444444444,
    "precision": 0.9333333333333333,
    "recall": 1.0,
    "f1": 0.9655172413793104,
    "TNR": 0.75,
    "TPR": 1.0,
    "balanced_acc": 0.875,
    "TN": 3,
    "FP": 1,
    "FN": 0,
    "TP": 14,
    "confusion_matrix": [
      [
        3,
        1
      ],
      [
        0,
        14
      ]
    ]
  },
  "test_at_0.5": {
    "threshold": 0.5,
    "accuracy": 0.8181818181818182,
    "precision": 0.9090909090909091,
    "recall": 0.8571428571428571,
    "f1": 0.8823529411764706,
    "TNR": 0.6666666666666666,
    "TPR": 0.8571428571428571,
    "balanced_acc": 0.7619047619047619,
    "TN": 6,
    "FP": 3,
    "FN": 5,
    "TP": 30,
    "confusion_matrix": [
      [
        6,
        3
      ],
      [
        5,
        30
      ]
    ]
  },
  "train_history": [
    {
      "epoch": 1,
      "train_loss": 0.6703101247549057,
      "train_acc": 0.7784810126582279,
      "val_loss": 0.6250300407409668,
      "val_acc": 0.8333333333333334,
      "val_precision": 0.8235294117647058,
      "val_recall": 1.0,
      "val_f1": 0.9032258064516129
    },
    {
      "epoch": 2,
      "train_loss": 0.6297632500529289,
      "train_acc": 0.8227848101265823,
      "val_loss": 0.5825555920600891,
      "val_acc": 0.8333333333333334,
      "val_precision": 0.8235294117647058,
      "val_recall": 1.0,
      "val_f1": 0.9032258064516129
    },
    {
      "epoch": 3,
      "train_loss": 0.5778347998857498,
      "train_acc": 0.8607594936708861,
      "val_loss": 0.547281394402186,
      "val_acc": 0.8333333333333334,
      "val_precision": 0.8666666666666667,
      "val_recall": 0.9285714285714286,
      "val_f1": 0.896551724137931
    },
    {
      "epoch": 4,
      "train_loss": 0.45626610815525054,
      "train_acc": 0.8860759493670886,
      "val_loss": 0.43504345913728076,
      "val_acc": 0.8888888888888888,
      "val_precision": 0.875,
      "val_recall": 1.0,
      "val_f1": 0.9333333333333333
    },
    {
      "epoch": 5,
      "train_loss": 0.3182220123708248,
      "train_acc": 0.9240506329113924,
      "val_loss": 0.32792995125055313,
      "val_acc": 0.8333333333333334,
      "val_precision": 0.8666666666666667,
      "val_recall": 0.9285714285714286,
      "val_f1": 0.896551724137931
    },
    {
      "epoch": 6,
      "train_loss": 0.25047634690999987,
      "train_acc": 0.9367088607594937,
      "val_loss": 0.3871021258334319,
      "val_acc": 0.9444444444444444,
      "val_precision": 0.9333333333333333,
      "val_recall": 1.0,
      "val_f1": 0.9655172413793104
    },
    {
      "epoch": 7,
      "train_loss": 0.19948458150029183,
      "train_acc": 0.9367088607594937,
      "val_loss": 1.375512518454343,
      "val_acc": 0.8333333333333334,
      "val_precision": 0.8235294117647058,
      "val_recall": 1.0,
      "val_f1": 0.9032258064516129
    },
    {
      "epoch": 8,
      "train_loss": 0.15925382347777486,
      "train_acc": 0.9493670886075949,
      "val_loss": 1.1175441374070942,
      "val_acc": 0.8888888888888888,
      "val_precision": 0.875,
      "val_recall": 1.0,
      "val_f1": 0.9333333333333333
    },
    {
      "epoch": 9,
      "train_loss": 0.15112838633358477,
      "train_acc": 0.9493670886075949,
      "val_loss": 1.0688917242223397,
      "val_acc": 0.8333333333333334,
      "val_precision": 0.8235294117647058,
      "val_recall": 1.0,
      "val_f1": 0.9032258064516129
    },
    {
      "epoch": 10,
      "train_loss": 0.09771875841543079,
      "train_acc": 0.9620253164556962,
      "val_loss": 1.0511300593304138,
      "val_acc": 0.8333333333333334,
      "val_precision": 0.8666666666666667,
      "val_recall": 0.9285714285714286,
      "val_f1": 0.896551724137931
    },
    {
      "epoch": 11,
      "train_loss": 0.13466804039198904,
      "train_acc": 0.9556962025316456,
      "val_loss": 0.7554238481679931,
      "val_acc": 0.8333333333333334,
      "val_precision": 0.8235294117647058,
      "val_recall": 1.0,
      "val_f1": 0.9032258064516129
    },
    {
      "epoch": 12,
      "train_loss": 0.11086951326578856,
      "train_acc": 0.9556962025316456,
      "val_loss": 1.3083088715017464,
      "val_acc": 0.8333333333333334,
      "val_precision": 0.8235294117647058,
      "val_recall": 1.0,
      "val_f1": 0.9032258064516129
    },
    {
      "epoch": 13,
      "train_loss": 0.05758638789411634,
      "train_acc": 0.9746835443037974,
      "val_loss": 1.292238517703178,
      "val_acc": 0.8333333333333334,
      "val_precision": 0.8235294117647058,
      "val_recall": 1.0,
      "val_f1": 0.9032258064516129
    },
    {
      "epoch": 14,
      "train_loss": 0.03891032347455621,
      "train_acc": 0.9936708860759493,
      "val_loss": 0.14750238321721554,
      "val_acc": 0.8888888888888888,
      "val_precision": 0.9285714285714286,
      "val_recall": 0.9285714285714286,
      "val_f1": 0.9285714285714286
    },
    {
      "epoch": 15,
      "train_loss": 0.06251309190411121,
      "train_acc": 0.9746835443037974,
      "val_loss": 1.6472352571436204,
      "val_acc": 0.8333333333333334,
      "val_precision": 0.8235294117647058,
      "val_recall": 1.0,
      "val_f1": 0.9032258064516129
    },
    {
      "epoch": 16,
      "train_loss": 0.0596652464941144,
      "train_acc": 0.9746835443037974,
      "val_loss": 1.6115169827244245,
      "val_acc": 0.8333333333333334,
      "val_precision": 0.8235294117647058,
      "val_recall": 1.0,
      "val_f1": 0.9032258064516129
    },
    {
      "epoch": 17,
      "train_loss": 0.06633754854556173,
      "train_acc": 0.9873417721518988,
      "val_loss": 1.2154336030750226,
      "val_acc": 0.8888888888888888,
      "val_precision": 0.875,
      "val_recall": 1.0,
      "val_f1": 0.9333333333333333
    },
    {
      "epoch": 18,
      "train_loss": 0.06403394575463608,
      "train_acc": 0.9746835443037974,
      "val_loss": 0.8606240736941496,
      "val_acc": 0.8333333333333334,
      "val_precision": 0.8666666666666667,
      "val_recall": 0.9285714285714286,
      "val_f1": 0.896551724137931
    },
    {
      "epoch": 19,
      "train_loss": 0.05103682765038684,
      "train_acc": 0.9810126582278481,
      "val_loss": 1.3347040049654122,
      "val_acc": 0.8333333333333334,
      "val_precision": 0.8666666666666667,
      "val_recall": 0.9285714285714286,
      "val_f1": 0.896551724137931
    },
    {
      "epoch": 20,
      "train_loss": 0.05248322592815384,
      "train_acc": 0.9873417721518988,
      "val_loss": 1.5135626929501693,
      "val_acc": 0.7777777777777778,
      "val_precision": 0.8125,
      "val_recall": 0.9285714285714286,
      "val_f1": 0.8666666666666667
    }
  ],
  "model_path": "/home/tonyluo/amanda_temporal/comparison_runs/per_day_study_overlay/cnn_lstm/day_30_0/best_model.pth"
}