{
  "day": "Dy20_5",
  "split": "val",
  "accuracy": 0.9629629629629629,
  "f1": 0.975609756097561,
  "roc_auc": 0.9785714285714286,
  "pr_auc": 0.9924874686716794,
  "n": 27,
  "batch_size": 16
}