{
  "day": "Dy20_5",
  "day_no": 20,
  "split": "test",
  "accuracy": 0.8148148148148148,
  "f1": 0.8648648648648649,
  "roc_auc": 0.7894736842105263,
  "pr_auc": 0.8931327014918344,
  "val_accuracy_for_selection": 0.9629629629629629,
  "val_n": 27,
  "test_n": 27,
  "actual_good": 19,
  "predicted_good": 18,
  "batch_size_train": 16,
  "batch_size_valtest": 16,
  "backbone_key": "resnet"
}