{
  "model_type": "per_day",
  "day": 6,
  "best_val_acc": 0.8888888955116272,
  "optimal_threshold": 0.51,
  "val_at_optimal": {
    "threshold": 0.51,
    "accuracy": 0.8333333333333334,
    "precision": 0.9230769230769231,
    "recall": 0.8571428571428571,
    "f1": 0.8888888888888888,
    "TNR": 0.75,
    "TPR": 0.8571428571428571,
    "sensitivity": 0.8571428571428571,
    "specificity": 0.75,
    "balanced_acc": 0.8035714285714286,
    "TN": 3,
    "FP": 1,
    "FN": 2,
    "TP": 12,
    "confusion_matrix": [
      [
        3,
        1
      ],
      [
        2,
        12
      ]
    ]
  },
  "test_at_optimal": {
    "threshold": 0.51,
    "accuracy": 0.75,
    "precision": 0.875,
    "recall": 0.8,
    "f1": 0.835820895522388,
    "TNR": 0.5555555555555556,
    "TPR": 0.8,
    "sensitivity": 0.8,
    "specificity": 0.5555555555555556,
    "balanced_acc": 0.6777777777777778,
    "TN": 5,
    "FP": 4,
    "FN": 7,
    "TP": 28,
    "confusion_matrix": [
      [
        5,
        4
      ],
      [
        7,
        28
      ]
    ]
  },
  "val_at_0.5": {
    "threshold": 0.5,
    "accuracy": 0.8888888888888888,
    "precision": 0.875,
    "recall": 1.0,
    "f1": 0.9333333333333333,
    "TNR": 0.5,
    "TPR": 1.0,
    "sensitivity": 1.0,
    "specificity": 0.5,
    "balanced_acc": 0.75,
    "TN": 2,
    "FP": 2,
    "FN": 0,
    "TP": 14,
    "confusion_matrix": [
      [
        2,
        2
      ],
      [
        0,
        14
      ]
    ]
  },
  "test_at_0.5": {
    "threshold": 0.5,
    "accuracy": 0.75,
    "precision": 0.8529411764705882,
    "recall": 0.8285714285714286,
    "f1": 0.8405797101449275,
    "TNR": 0.4444444444444444,
    "TPR": 0.8285714285714286,
    "sensitivity": 0.8285714285714286,
    "specificity": 0.4444444444444444,
    "balanced_acc": 0.6365079365079365,
    "TN": 4,
    "FP": 5,
    "FN": 6,
    "TP": 29,
    "confusion_matrix": [
      [
        4,
        5
      ],
      [
        6,
        29
      ]
    ]
  },
  "threshold_results": [
    {
      "threshold": "fixed",
      "threshold_value": 0.5,
      "val": {
        "threshold": 0.5,
        "accuracy": 0.8888888888888888,
        "precision": 0.875,
        "recall": 1.0,
        "f1": 0.9333333333333333,
        "TNR": 0.5,
        "TPR": 1.0,
        "sensitivity": 1.0,
        "specificity": 0.5,
        "balanced_acc": 0.75,
        "TN": 2,
        "FP": 2,
        "FN": 0,
        "TP": 14,
        "confusion_matrix": [
          [
            2,
            2
          ],
          [
            0,
            14
          ]
        ]
      },
      "test": {
        "threshold": 0.5,
        "accuracy": 0.75,
        "precision": 0.8529411764705882,
        "recall": 0.8285714285714286,
        "f1": 0.8405797101449275,
        "TNR": 0.4444444444444444,
        "TPR": 0.8285714285714286,
        "sensitivity": 0.8285714285714286,
        "specificity": 0.4444444444444444,
        "balanced_acc": 0.6365079365079365,
        "TN": 4,
        "FP": 5,
        "FN": 6,
        "TP": 29,
        "confusion_matrix": [
          [
            4,
            5
          ],
          [
            6,
            29
          ]
        ]
      }
    },
    {
      "threshold": "fixed",
      "threshold_value": 0.6,
      "val": {
        "threshold": 0.6,
        "accuracy": 0.2777777777777778,
        "precision": 1.0,
        "recall": 0.07142857142857142,
        "f1": 0.13333333333333333,
        "TNR": 1.0,
        "TPR": 0.07142857142857142,
        "sensitivity": 0.07142857142857142,
        "specificity": 1.0,
        "balanced_acc": 0.5357142857142857,
        "TN": 4,
        "FP": 0,
        "FN": 13,
        "TP": 1,
        "confusion_matrix": [
          [
            4,
            0
          ],
          [
            13,
            1
          ]
        ]
      },
      "test": {
        "threshold": 0.6,
        "accuracy": 0.25,
        "precision": 1.0,
        "recall": 0.05714285714285714,
        "f1": 0.10810810810810811,
        "TNR": 1.0,
        "TPR": 0.05714285714285714,
        "sensitivity": 0.05714285714285714,
        "specificity": 1.0,
        "balanced_acc": 0.5285714285714286,
        "TN": 9,
        "FP": 0,
        "FN": 33,
        "TP": 2,
        "confusion_matrix": [
          [
            9,
            0
          ],
          [
            33,
            2
          ]
        ]
      }
    },
    {
      "threshold": "fixed",
      "threshold_value": 0.7,
      "val": {
        "threshold": 0.7,
        "accuracy": 0.2222222222222222,
        "precision": 0.0,
        "recall": 0.0,
        "f1": 0.0,
        "TNR": 1.0,
        "TPR": 0.0,
        "sensitivity": 0.0,
        "specificity": 1.0,
        "balanced_acc": 0.5,
        "TN": 4,
        "FP": 0,
        "FN": 14,
        "TP": 0,
        "confusion_matrix": [
          [
            4,
            0
          ],
          [
            14,
            0
          ]
        ]
      },
      "test": {
        "threshold": 0.7,
        "accuracy": 0.20454545454545456,
        "precision": 0.0,
        "recall": 0.0,
        "f1": 0.0,
        "TNR": 1.0,
        "TPR": 0.0,
        "sensitivity": 0.0,
        "specificity": 1.0,
        "balanced_acc": 0.5,
        "TN": 9,
        "FP": 0,
        "FN": 35,
        "TP": 0,
        "confusion_matrix": [
          [
            9,
            0
          ],
          [
            35,
            0
          ]
        ]
      }
    },
    {
      "threshold": "fixed",
      "threshold_value": 0.8,
      "val": {
        "threshold": 0.8,
        "accuracy": 0.2222222222222222,
        "precision": 0.0,
        "recall": 0.0,
        "f1": 0.0,
        "TNR": 1.0,
        "TPR": 0.0,
        "sensitivity": 0.0,
        "specificity": 1.0,
        "balanced_acc": 0.5,
        "TN": 4,
        "FP": 0,
        "FN": 14,
        "TP": 0,
        "confusion_matrix": [
          [
            4,
            0
          ],
          [
            14,
            0
          ]
        ]
      },
      "test": {
        "threshold": 0.8,
        "accuracy": 0.20454545454545456,
        "precision": 0.0,
        "recall": 0.0,
        "f1": 0.0,
        "TNR": 1.0,
        "TPR": 0.0,
        "sensitivity": 0.0,
        "specificity": 1.0,
        "balanced_acc": 0.5,
        "TN": 9,
        "FP": 0,
        "FN": 35,
        "TP": 0,
        "confusion_matrix": [
          [
            9,
            0
          ],
          [
            35,
            0
          ]
        ]
      }
    },
    {
      "threshold": "fixed",
      "threshold_value": 0.9,
      "val": {
        "threshold": 0.9,
        "accuracy": 0.2222222222222222,
        "precision": 0.0,
        "recall": 0.0,
        "f1": 0.0,
        "TNR": 1.0,
        "TPR": 0.0,
        "sensitivity": 0.0,
        "specificity": 1.0,
        "balanced_acc": 0.5,
        "TN": 4,
        "FP": 0,
        "FN": 14,
        "TP": 0,
        "confusion_matrix": [
          [
            4,
            0
          ],
          [
            14,
            0
          ]
        ]
      },
      "test": {
        "threshold": 0.9,
        "accuracy": 0.20454545454545456,
        "precision": 0.0,
        "recall": 0.0,
        "f1": 0.0,
        "TNR": 1.0,
        "TPR": 0.0,
        "sensitivity": 0.0,
        "specificity": 1.0,
        "balanced_acc": 0.5,
        "TN": 9,
        "FP": 0,
        "FN": 35,
        "TP": 0,
        "confusion_matrix": [
          [
            9,
            0
          ],
          [
            35,
            0
          ]
        ]
      }
    },
    {
      "threshold": "optimal",
      "threshold_value": 0.51,
      "val": {
        "threshold": 0.51,
        "accuracy": 0.8333333333333334,
        "precision": 0.9230769230769231,
        "recall": 0.8571428571428571,
        "f1": 0.8888888888888888,
        "TNR": 0.75,
        "TPR": 0.8571428571428571,