{
  "day": "Dy13",
  "day_no": 1300,
  "split": "test",
  "brier": 0.23665139079093933,
  "rmse": 0.48646828532218933,
  "corr": -0.15035483241081238,
  "acc@0.5": 0.7037037037037037,
  "f1@0.5": 0.8260869565217391,
  "actual_good@0.5": 19,
  "predicted_good@0.5": 27,
  "acc@t*": 0.7037037037037037,
  "f1@t*": 0.8260869565217391,
  "bal_acc@t*": 0.5,
  "roc_auc": 0.42105263157894735,
  "pr_auc": 0.6539199258505533,
  "threshold_used": 0.463,
  "threshold_method": "max_f1",
  "min_precision": null,
  "val_brier_for_selection": 0.17882636189460754,
  "val_n": 27,
  "test_n": 27,
  "batch_size_train": 16,
  "batch_size_valtest": 16,
  "backbone_key": "resnet"
}