{
  "day": "Dy13",
  "split": "val",
  "brier": 0.17882636189460754,
  "rmse": 0.4228786528110504,
  "acc@0.5": 0.7407407407407407,
  "f1@0.5": 0.8444444444444444,
  "corr": 0.28136906027793884,
  "roc_auc": 0.6428571428571429,
  "pr_auc": 0.811357253857254,
  "chosen_threshold": 0.463,
  "threshold_method": "max_f1",
  "min_precision": null,
  "n": 27,
  "batch_size": 16
}