{
  "day": "Dy10",
  "split": "val",
  "accuracy": 0.7931034482758621,
  "f1": 0.8636363636363636,
  "roc_auc": 0.7055555555555555,
  "pr_auc": 0.8247148709862401,
  "n": 29,
  "batch_size": 16,
  "input_key": "overlay_path",
  "use_mask": false
}