{
  "day": "Dy6",
  "day_no": 6,
  "split": "test",
  "accuracy": 0.7407407407407407,
  "f1": 0.8372093023255814,
  "roc_auc": 0.6710526315789473,
  "pr_auc": 0.8524672722266078,
  "val_accuracy_for_selection": 0.8888888888888888,
  "val_n": 27,
  "test_n": 27,
  "actual_good": 19,
  "predicted_good": 24,
  "batch_size_train": 16,
  "batch_size_valtest": 16,
  "backbone_key": "resnet"
}