{
  "day": "Dy6",
  "split": "val",
  "accuracy": 0.8888888888888888,
  "f1": 0.926829268292683,
  "roc_auc": 0.9285714285714286,
  "pr_auc": 0.9761858076563961,
  "n": 27,
  "batch_size": 16
}