{
  "n_components": 12,
  "explained_variance_ratio": [
    0.11817336827516556,
    0.07492552697658539,
    0.06370554864406586,
    0.04733520373702049,
    0.035584837198257446,
    0.031691186130046844,
    0.02808866649866104,
    0.023919155821204185,
    0.02304769679903984,
    0.021311519667506218,
    0.019646039232611656,
    0.01747278869152069
  ],
  "total_explained_variance": 0.5049015879631042
}