{
  "day": "Dy8",
  "split": "val",
  "accuracy": 0.7931034482758621,
  "f1": 0.85,
  "roc_auc": 0.6944444444444445,
  "pr_auc": 0.8179094862618136,
  "n": 29,
  "batch_size": 16,
  "input_key": "overlay_path",
  "use_mask": false
}