{
  "day": "Dy20_5",
  "day_no": 2050,
  "split": "test",
  "brier": 0.15059484541416168,
  "rmse": 0.38806551694869995,
  "corr": 0.5278087854385376,
  "acc@0.5": 0.7777777777777778,
  "f1@0.5": 0.85,
  "actual_good@0.5": 19,
  "predicted_good@0.5": 21,
  "acc@t*": 0.8518518518518519,
  "f1@t*": 0.8947368421052632,
  "bal_acc@t*": 0.8223684210526316,
  "roc_auc": 0.8157894736842105,
  "pr_auc": 0.9135722573192018,
  "threshold_used": 0.582,
  "threshold_method": "max_f1",
  "min_precision": null,
  "val_brier_for_selection": 0.04853484779596329,
  "val_n": 27,
  "test_n": 27,
  "batch_size_train": 16,
  "batch_size_valtest": 16,
  "backbone_key": "resnet"
}