{
  "day": "Dy20_5",
  "split": "val",
  "brier": 0.04853484779596329,
  "rmse": 0.22030626237392426,
  "acc@0.5": 0.9629629629629629,
  "f1@0.5": 0.975609756097561,
  "corr": 0.9184843301773071,
  "roc_auc": 1.0,
  "pr_auc": 1.0,
  "chosen_threshold": 0.582,
  "threshold_method": "max_f1",
  "min_precision": null,
  "n": 27,
  "batch_size": 16
}