{
  "day": "Dy08",
  "day_no": 8,
  "n_metabolite_features": 12,
  "n_image_features": 12,
  "n_total_features": 24,
  "test_accuracy": 0.7631578947368421,
  "test_f1_acceptable": 0.8615384615384616,
  "test_f1_notacceptable": 0.18181818181818182,
  "test_recall_acceptable": 0.9032258064516129,
  "test_recall_notacceptable": 0.14285714285714285,
  "test_precision_acceptable": 0.8235294117647058,
  "test_precision_notacceptable": 0.25,
  "test_specificity": 0.14285714285714285,
  "test_pr_auc": 0.7986870749247444,
  "best_params": {
    "colsample_bytree": 0.8,
    "learning_rate": 0.05,
    "max_depth": 6,
    "min_child_samples": 10,
    "n_estimators": 200,
    "num_leaves": 31,
    "subsample": 0.8
  },
  "cv_score": 0.31125356125356124,
  "pca_explained_variance": 0.5943244099617004,
  "confusion_matrix": {
    "TP": 28,
    "FP": 6,
    "TN": 1,
    "FN": 3
  }
}