{
  "n_components": 12,
  "explained_variance_ratio": [
    0.13233992457389832,
    0.1102772131562233,
    0.08110542595386505,
    0.04944749176502228,
    0.047259826213121414,
    0.039746902883052826,
    0.028992554172873497,
    0.025163982063531876,
    0.02259816788136959,
    0.020094187930226326,
    0.01875900663435459,
    0.018539708107709885
  ],
  "total_explained_variance": 0.5943244099617004
}