{
  "model_type": "cnn_lstm",
  "day": 13.0,
  "best_val_acc": 0.8235294117647058,
  "optimal_threshold": 0.55,
  "val_at_optimal": {
    "threshold": 0.55,
    "accuracy": 0.4117647058823529,
    "precision": 1.0,
    "recall": 0.2857142857142857,
    "f1": 0.4444444444444444,
    "TNR": 1.0,
    "TPR": 0.2857142857142857,
    "balanced_acc": 0.6428571428571428,
    "TN": 3,
    "FP": 0,
    "FN": 10,
    "TP": 4,
    "confusion_matrix": [
      [
        3,
        0
      ],
      [
        10,
        4
      ]
    ]
  },
  "test_at_optimal": {
    "threshold": 0.55,
    "accuracy": 0.2972972972972973,
    "precision": 0.7272727272727273,
    "recall": 0.25806451612903225,
    "f1": 0.38095238095238093,
    "TNR": 0.5,
    "TPR": 0.25806451612903225,
    "balanced_acc": 0.3790322580645161,
    "TN": 3,
    "FP": 3,
    "FN": 23,
    "TP": 8,
    "confusion_matrix": [
      [
        3,
        3
      ],
      [
        23,
        8
      ]
    ]
  },
  "val_at_0.5": {
    "threshold": 0.5,
    "accuracy": 0.8235294117647058,
    "precision": 0.8235294117647058,
    "recall": 1.0,
    "f1": 0.9032258064516129,
    "TNR": 0.0,
    "TPR": 1.0,
    "balanced_acc": 0.5,
    "TN": 0,
    "FP": 3,
    "FN": 0,
    "TP": 14,
    "confusion_matrix": [
      [
        0,
        3
      ],
      [
        0,
        14
      ]
    ]
  },
  "test_at_0.5": {
    "threshold": 0.5,
    "accuracy": 0.8378378378378378,
    "precision": 0.8378378378378378,
    "recall": 1.0,
    "f1": 0.9117647058823529,
    "TNR": 0.0,
    "TPR": 1.0,
    "balanced_acc": 0.5,
    "TN": 0,
    "FP": 6,
    "FN": 0,
    "TP": 31,
    "confusion_matrix": [
      [
        0,
        6
      ],
      [
        0,
        31
      ]
    ]
  },
  "train_history": [
    {
      "epoch": 1,
      "train_loss": 0.6965985927316878,
      "train_acc": 0.7816901408450704,
      "val_loss": 0.6683647632598877,
      "val_acc": 0.8235294117647058,
      "val_precision": 0.8235294117647058,
      "val_recall": 1.0,
      "val_f1": 0.9032258064516129
    },
    {
      "epoch": 2,
      "train_loss": 0.6564557684792413,
      "train_acc": 0.8450704225352113,
      "val_loss": 0.6578638553619385,
      "val_acc": 0.8235294117647058,
      "val_precision": 0.8235294117647058,
      "val_recall": 1.0,
      "val_f1": 0.9032258064516129
    },
    {
      "epoch": 3,
      "train_loss": 0.6384531888696883,
      "train_acc": 0.8450704225352113,
      "val_loss": 0.6389304200808207,
      "val_acc": 0.7647058823529411,
      "val_precision": 0.8125,
      "val_recall": 0.9285714285714286,
      "val_f1": 0.8666666666666667
    },
    {
      "epoch": 4,
      "train_loss": 0.594819242755572,
      "train_acc": 0.8591549295774648,
      "val_loss": 0.5987536410490671,
      "val_acc": 0.8235294117647058,
      "val_precision": 0.8666666666666667,
      "val_recall": 0.9285714285714286,
      "val_f1": 0.896551724137931
    },
    {
      "epoch": 5,
      "train_loss": 0.46018898155954147,
      "train_acc": 0.9507042253521126,
      "val_loss": 0.5937874416510264,
      "val_acc": 0.5294117647058824,
      "val_precision": 0.875,
      "val_recall": 0.5,
      "val_f1": 0.6363636363636364
    },
    {
      "epoch": 6,
      "train_loss": 0.35151761770248413,
      "train_acc": 0.9647887323943662,
      "val_loss": 0.6632243047157923,
      "val_acc": 0.8235294117647058,
      "val_precision": 0.8666666666666667,
      "val_recall": 0.9285714285714286,
      "val_f1": 0.896551724137931
    },
    {
      "epoch": 7,
      "train_loss": 0.20189005778067642,
      "train_acc": 0.9929577464788732,
      "val_loss": 0.7524543267985185,
      "val_acc": 0.8235294117647058,
      "val_precision": 0.8666666666666667,
      "val_recall": 0.9285714285714286,
      "val_f1": 0.896551724137931
    },
    {
      "epoch": 8,
      "train_loss": 0.1712407050654292,
      "train_acc": 0.9577464788732394,
      "val_loss": 0.7330928953985373,
      "val_acc": 0.5294117647058824,
      "val_precision": 0.875,
      "val_recall": 0.5,
      "val_f1": 0.6363636363636364
    },
    {
      "epoch": 9,
      "train_loss": 0.09361387033843332,
      "train_acc": 0.9929577464788732,
      "val_loss": 0.9211900224909186,
      "val_acc": 0.7058823529411765,
      "val_precision": 0.9090909090909091,
      "val_recall": 0.7142857142857143,
      "val_f1": 0.8
    },
    {
      "epoch": 10,
      "train_loss": 0.05075683372302188,
      "train_acc": 0.9859154929577465,
      "val_loss": 0.9858925901353359,
      "val_acc": 0.5294117647058824,
      "val_precision": 0.875,
      "val_recall": 0.5,
      "val_f1": 0.6363636363636364
    },
    {
      "epoch": 11,
      "train_loss": 0.015161186417875191,
      "train_acc": 1.0,
      "val_loss": 1.0773660574729245,
      "val_acc": 0.6470588235294118,
      "val_precision": 0.9,
      "val_recall": 0.6428571428571429,
      "val_f1": 0.75
    },
    {
      "epoch": 12,
      "train_loss": 0.010144273362432918,
      "train_acc": 1.0,
      "val_loss": 1.1514333815624316,
      "val_acc": 0.6470588235294118,
      "val_precision": 0.9,
      "val_recall": 0.6428571428571429,
      "val_f1": 0.75
    },
    {
      "epoch": 13,
      "train_loss": 0.010476972752561172,
      "train_acc": 1.0,
      "val_loss": 1.1514139237503211,
      "val_acc": 0.6470588235294118,
      "val_precision": 0.9,
      "val_recall": 0.6428571428571429,
      "val_f1": 0.75
    },
    {
      "epoch": 14,
      "train_loss": 0.006213649538242155,
      "train_acc": 1.0,
      "val_loss": 1.1833180806909998,
      "val_acc": 0.6470588235294118,
      "val_precision": 0.9,
      "val_recall": 0.6428571428571429,
      "val_f1": 0.75
    },
    {
      "epoch": 15,
      "train_loss": 0.004736516547078888,
      "train_acc": 1.0,
      "val_loss": 1.1986896296342213,
      "val_acc": 0.6470588235294118,
      "val_precision": 0.9,
      "val_recall": 0.6428571428571429,
      "val_f1": 0.75
    },
    {
      "epoch": 16,
      "train_loss": 0.00605597267470633,
      "train_acc": 1.0,
      "val_loss": 1.19290346155564,
      "val_acc": 0.6470588235294118,
      "val_precision": 0.9,
      "val_recall": 0.6428571428571429,
      "val_f1": 0.75
    },
    {
      "epoch": 17,
      "train_loss": 0.00732387901775332,
      "train_acc": 1.0,
      "val_loss": 1.1681204065680504,
      "val_acc": 0.6470588235294118,
      "val_precision": 0.9,
      "val_recall": 0.6428571428571429,
      "val_f1": 0.75
    },
    {
      "epoch": 18,
      "train_loss": 0.006662446507511454,
      "train_acc": 1.0,
      "val_loss": 1.1296192929148674,
      "val_acc": 0.5882352941176471,
      "val_precision": 0.8888888888888888,
      "val_recall": 0.5714285714285714,
      "val_f1": 0.6956521739130435
    },
    {
      "epoch": 19,
      "train_loss": 0.009699381700354733,
      "train_acc": 0.9929577464788732,
      "val_loss": 1.131941883514325,
      "val_acc": 0.6470588235294118,
      "val_precision": 0.9,
      "val_recall": 0.6428571428571429,
      "val_f1": 0.75
    },
    {
      "epoch": 20,
      "train_loss": 0.0024662131844605836,
      "train_acc": 1.0,
      "val_loss": 1.09816013276577,
      "val_acc": 0.6470588235294118,
      "val_precision": 0.9,
      "val_recall": 0.6428571428571429,
      "val_f1": 0.75
    }
  ],
  "model_path": "/home/tonyluo/amanda_temporal/comparison_runs/per_day_study_overlay/cnn_lstm/day_13_0/best_model.pth"
}