{
  "model_type": "per_day",
  "day": 26,
  "best_val_acc": 0.8333333134651184,
  "optimal_threshold": 0.58,
  "val_at_optimal": {
    "threshold": 0.58,
    "accuracy": 0.4444444444444444,
    "precision": 1.0,
    "recall": 0.2857142857142857,
    "f1": 0.4444444444444444,
    "TNR": 1.0,
    "TPR": 0.2857142857142857,
    "sensitivity": 0.2857142857142857,
    "specificity": 1.0,
    "balanced_acc": 0.6428571428571428,
    "TN": 4,
    "FP": 0,
    "FN": 10,
    "TP": 4,
    "confusion_matrix": [
      [
        4,
        0
      ],
      [
        10,
        4
      ]
    ]
  },
  "test_at_optimal": {
    "threshold": 0.58,
    "accuracy": 0.5227272727272727,
    "precision": 0.8888888888888888,
    "recall": 0.45714285714285713,
    "f1": 0.6037735849056604,
    "TNR": 0.7777777777777778,
    "TPR": 0.45714285714285713,
    "sensitivity": 0.45714285714285713,
    "specificity": 0.7777777777777778,
    "balanced_acc": 0.6174603174603175,
    "TN": 7,
    "FP": 2,
    "FN": 19,
    "TP": 16,
    "confusion_matrix": [
      [
        7,
        2
      ],
      [
        19,
        16
      ]
    ]
  },
  "val_at_0.5": {
    "threshold": 0.5,
    "accuracy": 0.8333333333333334,
    "precision": 0.8235294117647058,
    "recall": 1.0,
    "f1": 0.9032258064516129,
    "TNR": 0.25,
    "TPR": 1.0,
    "sensitivity": 1.0,
    "specificity": 0.25,
    "balanced_acc": 0.625,
    "TN": 1,
    "FP": 3,
    "FN": 0,
    "TP": 14,
    "confusion_matrix": [
      [
        1,
        3
      ],
      [
        0,
        14
      ]
    ]
  },
  "test_at_0.5": {
    "threshold": 0.5,
    "accuracy": 0.8181818181818182,
    "precision": 0.8292682926829268,
    "recall": 0.9714285714285714,
    "f1": 0.8947368421052632,
    "TNR": 0.2222222222222222,
    "TPR": 0.9714285714285714,
    "sensitivity": 0.9714285714285714,
    "specificity": 0.2222222222222222,
    "balanced_acc": 0.5968253968253968,
    "TN": 2,
    "FP": 7,
    "FN": 1,
    "TP": 34,
    "confusion_matrix": [
      [
        2,
        7
      ],
      [
        1,
        34
      ]
    ]
  },
  "threshold_results": [
    {
      "threshold": "fixed",
      "threshold_value": 0.5,
      "val": {
        "threshold": 0.5,
        "accuracy": 0.8333333333333334,
        "precision": 0.8235294117647058,
        "recall": 1.0,
        "f1": 0.9032258064516129,
        "TNR": 0.25,
        "TPR": 1.0,
        "sensitivity": 1.0,
        "specificity": 0.25,
        "balanced_acc": 0.625,
        "TN": 1,
        "FP": 3,
        "FN": 0,
        "TP": 14,
        "confusion_matrix": [
          [
            1,
            3
          ],
          [
            0,
            14
          ]
        ]
      },
      "test": {
        "threshold": 0.5,
        "accuracy": 0.8181818181818182,
        "precision": 0.8292682926829268,
        "recall": 0.9714285714285714,
        "f1": 0.8947368421052632,
        "TNR": 0.2222222222222222,
        "TPR": 0.9714285714285714,
        "sensitivity": 0.9714285714285714,
        "specificity": 0.2222222222222222,
        "balanced_acc": 0.5968253968253968,
        "TN": 2,
        "FP": 7,
        "FN": 1,
        "TP": 34,
        "confusion_matrix": [
          [
            2,
            7
          ],
          [
            1,
            34
          ]
        ]
      }
    },
    {
      "threshold": "fixed",
      "threshold_value": 0.6,
      "val": {
        "threshold": 0.6,
        "accuracy": 0.3333333333333333,
        "precision": 1.0,
        "recall": 0.14285714285714285,
        "f1": 0.25,
        "TNR": 1.0,
        "TPR": 0.14285714285714285,
        "sensitivity": 0.14285714285714285,
        "specificity": 1.0,
        "balanced_acc": 0.5714285714285714,
        "TN": 4,
        "FP": 0,
        "FN": 12,
        "TP": 2,
        "confusion_matrix": [
          [
            4,
            0
          ],
          [
            12,
            2
          ]
        ]
      },
      "test": {
        "threshold": 0.6,
        "accuracy": 0.36363636363636365,
        "precision": 1.0,
        "recall": 0.2,
        "f1": 0.3333333333333333,
        "TNR": 1.0,
        "TPR": 0.2,
        "sensitivity": 0.2,
        "specificity": 1.0,
        "balanced_acc": 0.6,
        "TN": 9,
        "FP": 0,
        "FN": 28,
        "TP": 7,
        "confusion_matrix": [
          [
            9,
            0
          ],
          [
            28,
            7
          ]
        ]
      }
    },
    {
      "threshold": "fixed",
      "threshold_value": 0.7,
      "val": {
        "threshold": 0.7,
        "accuracy": 0.2222222222222222,
        "precision": 0.0,
        "recall": 0.0,
        "f1": 0.0,
        "TNR": 1.0,
        "TPR": 0.0,
        "sensitivity": 0.0,
        "specificity": 1.0,
        "balanced_acc": 0.5,
        "TN": 4,
        "FP": 0,
        "FN": 14,
        "TP": 0,
        "confusion_matrix": [
          [
            4,
            0
          ],
          [
            14,
            0
          ]
        ]
      },
      "test": {
        "threshold": 0.7,
        "accuracy": 0.20454545454545456,
        "precision": 0.0,
        "recall": 0.0,
        "f1": 0.0,
        "TNR": 1.0,
        "TPR": 0.0,
        "sensitivity": 0.0,
        "specificity": 1.0,
        "balanced_acc": 0.5,
        "TN": 9,
        "FP": 0,
        "FN": 35,
        "TP": 0,
        "confusion_matrix": [
          [
            9,
            0
          ],
          [
            35,
            0
          ]
        ]
      }
    },
    {
      "threshold": "fixed",
      "threshold_value": 0.8,
      "val": {
        "threshold": 0.8,
        "accuracy": 0.2222222222222222,
        "precision": 0.0,
        "recall": 0.0,
        "f1": 0.0,
        "TNR": 1.0,
        "TPR": 0.0,
        "sensitivity": 0.0,
        "specificity": 1.0,
        "balanced_acc": 0.5,
        "TN": 4,
        "FP": 0,
        "FN": 14,
        "TP": 0,
        "confusion_matrix": [
          [
            4,
            0
          ],
          [
            14,
            0
          ]
        ]
      },
      "test": {
        "threshold": 0.8,
        "accuracy": 0.20454545454545456,
        "precision": 0.0,
        "recall": 0.0,
        "f1": 0.0,
        "TNR": 1.0,
        "TPR": 0.0,
        "sensitivity": 0.0,
        "specificity": 1.0,
        "balanced_acc": 0.5,
        "TN": 9,
        "FP": 0,
        "FN": 35,
        "TP": 0,
        "confusion_matrix": [
          [
            9,
            0
          ],
          [
            35,
            0
          ]
        ]
      }
    },
    {
      "threshold": "fixed",
      "threshold_value": 0.9,
      "val": {
        "threshold": 0.9,
        "accuracy": 0.2222222222222222,
        "precision": 0.0,
        "recall": 0.0,
        "f1": 0.0,
        "TNR": 1.0,
        "TPR": 0.0,
        "sensitivity": 0.0,
        "specificity": 1.0,
        "balanced_acc": 0.5,
        "TN": 4,
        "FP": 0,
        "FN": 14,
        "TP": 0,
        "confusion_matrix": [
          [
            4,
            0
          ],
          [
            14,
            0
          ]
        ]
      },
      "test": {
        "threshold": 0.9,
        "accuracy": 0.20454545454545456,
        "precision": 0.0,
        "recall": 0.0,
        "f1": 0.0,
        "TNR": 1.0,
        "TPR": 0.0,
        "sensitivity": 0.0,
        "specificity": 1.0,
        "balanced_acc": 0.5,
        "TN": 9,
        "FP": 0,
        "FN": 35,
        "TP": 0,
        "confusion_matrix": [
          [
            9,
            0
          ],
          [
            35,
            0
          ]
        ]
      }
    },
    {
      "threshold": "optimal",
      "threshold_value": 0.58,
      "val": {
        "threshold": 0.58,
        "accuracy": 0.4444444444444444,
        "precision": 1.0,
        "recall": 0.2857142857142857,
        "f1": 0.4444444444444444,
        "TNR": 1.0,