{
  "day": "Dy13",
  "split": "val",
  "accuracy": 0.7586206896551724,
  "f1": 0.8372093023255814,
  "n": 29,
  "batch_size": 16
}