{
  "day": "Dy3",
  "split": "val",
  "accuracy": 0.8888888888888888,
  "f1": 0.9302325581395349,
  "roc_auc": 0.8999999999999999,
  "pr_auc": 0.9664616663529708,
  "n": 27,
  "batch_size": 16
}