{
  "day": "Dy3",
  "day_no": 3,
  "split": "test",
  "accuracy": 0.7407407407407407,
  "f1": 0.8292682926829268,
  "roc_auc": 0.7039473684210527,
  "pr_auc": 0.8609237921850832,
  "val_accuracy_for_selection": 0.8888888888888888,
  "val_n": 27,
  "test_n": 27,
  "actual_good": 19,
  "predicted_good": 22,
  "batch_size_train": 16,
  "batch_size_valtest": 16,
  "backbone_key": "efficientnet"
}