{
  "day": "Dy20_5",
  "split": "val",
  "accuracy": 0.896551724137931,
  "f1": 0.9333333333333333,
  "roc_auc": 0.6904761904761905,
  "pr_auc": 0.7650735683885215,
  "n": 29,
  "batch_size": 16,
  "input_key": "img_path",
  "use_mask": false
}