{
  "day": "Dy20_5",
  "split": "val",
  "accuracy": 0.9259259259259259,
  "f1": 0.9473684210526315,
  "n": 27,
  "batch_size": 16
}