{
  "day": "Dy17",
  "split": "val",
  "brier": 0.13645720481872559,
  "rmse": 0.36940115690231323,
  "acc@0.5": 0.8518518518518519,
  "f1@0.5": 0.9090909090909091,
  "corr": 0.5481966733932495,
  "roc_auc": 0.7928571428571428,
  "pr_auc": 0.9079713445309421,
  "chosen_threshold": 0.324,
  "threshold_method": "max_f1",
  "min_precision": null,
  "n": 27,
  "batch_size": 16
}