{
  "day": "Dy17",
  "day_no": 1700,
  "split": "test",
  "brier": 0.14109644293785095,
  "rmse": 0.3756280541419983,
  "corr": 0.5853722095489502,
  "acc@0.5": 0.8888888888888888,
  "f1@0.5": 0.926829268292683,
  "actual_good@0.5": 19,
  "predicted_good@0.5": 22,
  "acc@t*": 0.7777777777777778,
  "f1@t*": 0.8636363636363636,
  "bal_acc@t*": 0.625,
  "roc_auc": 0.7894736842105263,
  "pr_auc": 0.8607355664631207,
  "threshold_used": 0.324,
  "threshold_method": "max_f1",
  "min_precision": null,
  "val_brier_for_selection": 0.13645720481872559,
  "val_n": 27,
  "test_n": 27,
  "batch_size_train": 16,
  "batch_size_valtest": 16,
  "backbone_key": "vit"
}