{
  "model_type": "effnet_ts",
  "day": 17,
  "best_val_acc": 0.8571428656578064,
  "optimal_threshold": 0.63,
  "val_at_optimal": {
    "threshold": 0.63,
    "accuracy": 0.2857142857142857,
    "precision": 1.0,
    "recall": 0.16666666666666666,
    "f1": 0.2857142857142857,
    "TNR": 1.0,
    "TPR": 0.16666666666666666,
    "sensitivity": 0.16666666666666666,
    "specificity": 1.0,
    "balanced_acc": 0.5833333333333334,
    "TN": 2,
    "FP": 0,
    "FN": 10,
    "TP": 2,
    "confusion_matrix": [
      [
        2,
        0
      ],
      [
        10,
        2
      ]
    ]
  },
  "test_at_optimal": {
    "threshold": 0.63,
    "accuracy": 0.2777777777777778,
    "precision": 0.9,
    "recall": 0.2647058823529412,
    "f1": 0.4090909090909091,
    "TNR": 0.5,
    "TPR": 0.2647058823529412,
    "sensitivity": 0.2647058823529412,
    "specificity": 0.5,
    "balanced_acc": 0.38235294117647056,
    "TN": 1,
    "FP": 1,
    "FN": 25,
    "TP": 9,
    "confusion_matrix": [
      [
        1,
        1
      ],
      [
        25,
        9
      ]
    ]
  },
  "val_at_0.5": {
    "threshold": 0.5,
    "accuracy": 0.8571428571428571,
    "precision": 0.8571428571428571,
    "recall": 1.0,
    "f1": 0.9230769230769231,
    "TNR": 0.0,
    "TPR": 1.0,
    "sensitivity": 1.0,
    "specificity": 0.0,
    "balanced_acc": 0.5,
    "TN": 0,
    "FP": 2,
    "FN": 0,
    "TP": 12,
    "confusion_matrix": [
      [
        0,
        2
      ],
      [
        0,
        12
      ]
    ]
  },
  "test_at_0.5": {
    "threshold": 0.5,
    "accuracy": 0.9444444444444444,
    "precision": 0.9444444444444444,
    "recall": 1.0,
    "f1": 0.9714285714285714,
    "TNR": 0.0,
    "TPR": 1.0,
    "sensitivity": 1.0,
    "specificity": 0.0,
    "balanced_acc": 0.5,
    "TN": 0,
    "FP": 2,
    "FN": 0,
    "TP": 34,
    "confusion_matrix": [
      [
        0,
        2
      ],
      [
        0,
        34
      ]
    ]
  },
  "threshold_results": [
    {
      "threshold": "fixed",
      "threshold_value": 0.5,
      "val": {
        "threshold": 0.5,
        "accuracy": 0.8571428571428571,
        "precision": 0.8571428571428571,
        "recall": 1.0,
        "f1": 0.9230769230769231,
        "TNR": 0.0,
        "TPR": 1.0,
        "sensitivity": 1.0,
        "specificity": 0.0,
        "balanced_acc": 0.5,
        "TN": 0,
        "FP": 2,
        "FN": 0,
        "TP": 12,
        "confusion_matrix": [
          [
            0,
            2
          ],
          [
            0,
            12
          ]
        ]
      },
      "test": {
        "threshold": 0.5,
        "accuracy": 0.9444444444444444,
        "precision": 0.9444444444444444,
        "recall": 1.0,
        "f1": 0.9714285714285714,
        "TNR": 0.0,
        "TPR": 1.0,
        "sensitivity": 1.0,
        "specificity": 0.0,
        "balanced_acc": 0.5,
        "TN": 0,
        "FP": 2,
        "FN": 0,
        "TP": 34,
        "confusion_matrix": [
          [
            0,
            2
          ],
          [
            0,
            34
          ]
        ]
      }
    },
    {
      "threshold": "fixed",
      "threshold_value": 0.6,
      "val": {
        "threshold": 0.6,
        "accuracy": 0.8571428571428571,
        "precision": 0.8571428571428571,
        "recall": 1.0,
        "f1": 0.9230769230769231,
        "TNR": 0.0,
        "TPR": 1.0,
        "sensitivity": 1.0,
        "specificity": 0.0,
        "balanced_acc": 0.5,
        "TN": 0,
        "FP": 2,
        "FN": 0,
        "TP": 12,
        "confusion_matrix": [
          [
            0,
            2
          ],
          [
            0,
            12
          ]
        ]
      },
      "test": {
        "threshold": 0.6,
        "accuracy": 0.9444444444444444,
        "precision": 0.9444444444444444,
        "recall": 1.0,
        "f1": 0.9714285714285714,
        "TNR": 0.0,
        "TPR": 1.0,
        "sensitivity": 1.0,
        "specificity": 0.0,
        "balanced_acc": 0.5,
        "TN": 0,
        "FP": 2,
        "FN": 0,
        "TP": 34,
        "confusion_matrix": [
          [
            0,
            2
          ],
          [
            0,
            34
          ]
        ]
      }
    },
    {
      "threshold": "fixed",
      "threshold_value": 0.7,
      "val": {
        "threshold": 0.7,
        "accuracy": 0.14285714285714285,
        "precision": 0.0,
        "recall": 0.0,
        "f1": 0.0,
        "TNR": 1.0,
        "TPR": 0.0,
        "sensitivity": 0.0,
        "specificity": 1.0,
        "balanced_acc": 0.5,
        "TN": 2,
        "FP": 0,
        "FN": 12,
        "TP": 0,
        "confusion_matrix": [
          [
            2,
            0
          ],
          [
            12,
            0
          ]
        ]
      },
      "test": {
        "threshold": 0.7,
        "accuracy": 0.05555555555555555,
        "precision": 0.0,
        "recall": 0.0,
        "f1": 0.0,
        "TNR": 1.0,
        "TPR": 0.0,
        "sensitivity": 0.0,
        "specificity": 1.0,
        "balanced_acc": 0.5,
        "TN": 2,
        "FP": 0,
        "FN": 34,
        "TP": 0,
        "confusion_matrix": [
          [
            2,
            0
          ],
          [
            34,
            0
          ]
        ]
      }
    },
    {
      "threshold": "fixed",
      "threshold_value": 0.8,
      "val": {
        "threshold": 0.8,
        "accuracy": 0.14285714285714285,
        "precision": 0.0,
        "recall": 0.0,
        "f1": 0.0,
        "TNR": 1.0,
        "TPR": 0.0,
        "sensitivity": 0.0,
        "specificity": 1.0,
        "balanced_acc": 0.5,
        "TN": 2,
        "FP": 0,
        "FN": 12,
        "TP": 0,
        "confusion_matrix": [
          [
            2,
            0
          ],
          [
            12,
            0
          ]
        ]
      },
      "test": {
        "threshold": 0.8,
        "accuracy": 0.05555555555555555,
        "precision": 0.0,
        "recall": 0.0,
        "f1": 0.0,
        "TNR": 1.0,
        "TPR": 0.0,
        "sensitivity": 0.0,
        "specificity": 1.0,
        "balanced_acc": 0.5,
        "TN": 2,
        "FP": 0,
        "FN": 34,
        "TP": 0,
        "confusion_matrix": [
          [
            2,
            0
          ],
          [
            34,
            0
          ]
        ]
      }
    },
    {
      "threshold": "fixed",
      "threshold_value": 0.9,
      "val": {
        "threshold": 0.9,
        "accuracy": 0.14285714285714285,
        "precision": 0.0,
        "recall": 0.0,
        "f1": 0.0,
        "TNR": 1.0,
        "TPR": 0.0,
        "sensitivity": 0.0,
        "specificity": 1.0,
        "balanced_acc": 0.5,
        "TN": 2,
        "FP": 0,
        "FN": 12,
        "TP": 0,
        "confusion_matrix": [
          [
            2,
            0
          ],
          [
            12,
            0
          ]
        ]
      },
      "test": {
        "threshold": 0.9,
        "accuracy": 0.05555555555555555,
        "precision": 0.0,
        "recall": 0.0,
        "f1": 0.0,
        "TNR": 1.0,
        "TPR": 0.0,
        "sensitivity": 0.0,
        "specificity": 1.0,
        "balanced_acc": 0.5,
        "TN": 2,
        "FP": 0,
        "FN": 34,
        "TP": 0,
        "confusion_matrix": [
          [
            2,
            0
          ],
          [
            34,
            0
          ]
        ]
      }
    },
    {
      "threshold": "optimal",
      "threshold_value": 0.63,
      "val": {
        "threshold": 0.63,
        "accuracy": 0.2857142857142857,
        "precision": 1.0,
        "recall": 0.16666666666666666,
        "f1": 0.2857142857142857,
        "TNR": 1.0,
        "TPR": 0.16666666666666666,
        "sensitivity": 0.16666666666666666,
        "specificity": 1.0,
        "balanced_acc": 0.5833333333333334,
        "TN": 2,
        "FP": 0,
        "FN": 10,
        "TP": 2,