{
  "day": "Dy24",
  "split": "val",
  "accuracy": 0.9655172413793104,
  "f1": 0.975609756097561,
  "roc_auc": 0.9888888888888888,
  "pr_auc": 0.9951190476190479,
  "n": 29,
  "batch_size": 16,
  "input_key": "overlay_path",
  "use_mask": false
}