{
  "day": "Dy15",
  "split": "val",
  "accuracy": 0.7241379310344828,
  "f1": 0.8181818181818182,
  "roc_auc": 0.5611111111111111,
  "pr_auc": 0.6977695092268137,
  "n": 29,
  "batch_size": 16,
  "input_key": "img_path",
  "use_mask": true
}