{
  "day": "Dy3",
  "day_no": 3,
  "split": "test",
  "accuracy": 0.7241379310344828,
  "f1": 0.8181818181818182,
  "roc_auc": 0.7023809523809524,
  "pr_auc": 0.8890870749050215,
  "val_accuracy_for_selection": 0.7586206896551724,
  "val_n": 29,
  "test_n": 29,
  "actual_good": 21,
  "predicted_good": 23,
  "batch_size_train": 16,
  "batch_size_valtest": 16,
  "backbone_key": "vit",
  "input_key": "overlay_path",
  "use_mask": true
}