{
  "day": "Dy28",
  "split": "val",
  "accuracy": 0.8666666666666667,
  "f1": 0.9047619047619048,
  "roc_auc": 0.783068783068783,
  "pr_auc": 0.8476337253095325,
  "n": 30,
  "batch_size": 16,
  "input_key": "overlay_path",
  "use_mask": false
}