{
  "model_type": "per_day",
  "day": 13,
  "best_val_acc": 0.8333333134651184,
  "optimal_threshold": 0.53,
  "val_at_optimal": {
    "threshold": 0.53,
    "accuracy": 0.8333333333333334,
    "precision": 0.9230769230769231,
    "recall": 0.8571428571428571,
    "f1": 0.8888888888888888,
    "TNR": 0.75,
    "TPR": 0.8571428571428571,
    "sensitivity": 0.8571428571428571,
    "specificity": 0.75,
    "balanced_acc": 0.8035714285714286,
    "TN": 3,
    "FP": 1,
    "FN": 2,
    "TP": 12,
    "confusion_matrix": [
      [
        3,
        1
      ],
      [
        2,
        12
      ]
    ]
  },
  "test_at_optimal": {
    "threshold": 0.53,
    "accuracy": 0.75,
    "precision": 0.8529411764705882,
    "recall": 0.8285714285714286,
    "f1": 0.8405797101449275,
    "TNR": 0.4444444444444444,
    "TPR": 0.8285714285714286,
    "sensitivity": 0.8285714285714286,
    "specificity": 0.4444444444444444,
    "balanced_acc": 0.6365079365079365,
    "TN": 4,
    "FP": 5,
    "FN": 6,
    "TP": 29,
    "confusion_matrix": [
      [
        4,
        5
      ],
      [
        6,
        29
      ]
    ]
  },
  "val_at_0.5": {
    "threshold": 0.5,
    "accuracy": 0.8333333333333334,
    "precision": 0.8666666666666667,
    "recall": 0.9285714285714286,
    "f1": 0.896551724137931,
    "TNR": 0.5,
    "TPR": 0.9285714285714286,
    "sensitivity": 0.9285714285714286,
    "specificity": 0.5,
    "balanced_acc": 0.7142857142857143,
    "TN": 2,
    "FP": 2,
    "FN": 1,
    "TP": 13,
    "confusion_matrix": [
      [
        2,
        2
      ],
      [
        1,
        13
      ]
    ]
  },
  "test_at_0.5": {
    "threshold": 0.5,
    "accuracy": 0.7954545454545454,
    "precision": 0.8611111111111112,
    "recall": 0.8857142857142857,
    "f1": 0.8732394366197183,
    "TNR": 0.4444444444444444,
    "TPR": 0.8857142857142857,
    "sensitivity": 0.8857142857142857,
    "specificity": 0.4444444444444444,
    "balanced_acc": 0.665079365079365,
    "TN": 4,
    "FP": 5,
    "FN": 4,
    "TP": 31,
    "confusion_matrix": [
      [
        4,
        5
      ],
      [
        4,
        31
      ]
    ]
  },
  "threshold_results": [
    {
      "threshold": "fixed",
      "threshold_value": 0.5,
      "val": {
        "threshold": 0.5,
        "accuracy": 0.8333333333333334,
        "precision": 0.8666666666666667,
        "recall": 0.9285714285714286,
        "f1": 0.896551724137931,
        "TNR": 0.5,
        "TPR": 0.9285714285714286,
        "sensitivity": 0.9285714285714286,
        "specificity": 0.5,
        "balanced_acc": 0.7142857142857143,
        "TN": 2,
        "FP": 2,
        "FN": 1,
        "TP": 13,
        "confusion_matrix": [
          [
            2,
            2
          ],
          [
            1,
            13
          ]
        ]
      },
      "test": {
        "threshold": 0.5,
        "accuracy": 0.7954545454545454,
        "precision": 0.8611111111111112,
        "recall": 0.8857142857142857,
        "f1": 0.8732394366197183,
        "TNR": 0.4444444444444444,
        "TPR": 0.8857142857142857,
        "sensitivity": 0.8857142857142857,
        "specificity": 0.4444444444444444,
        "balanced_acc": 0.665079365079365,
        "TN": 4,
        "FP": 5,
        "FN": 4,
        "TP": 31,
        "confusion_matrix": [
          [
            4,
            5
          ],
          [
            4,
            31
          ]
        ]
      }
    },
    {
      "threshold": "fixed",
      "threshold_value": 0.6,
      "val": {
        "threshold": 0.6,
        "accuracy": 0.7222222222222222,
        "precision": 0.9090909090909091,
        "recall": 0.7142857142857143,
        "f1": 0.8,
        "TNR": 0.75,
        "TPR": 0.7142857142857143,
        "sensitivity": 0.7142857142857143,
        "specificity": 0.75,
        "balanced_acc": 0.7321428571428572,
        "TN": 3,
        "FP": 1,
        "FN": 4,
        "TP": 10,
        "confusion_matrix": [
          [
            3,
            1
          ],
          [
            4,
            10
          ]
        ]
      },
      "test": {
        "threshold": 0.6,
        "accuracy": 0.6136363636363636,
        "precision": 0.875,
        "recall": 0.6,
        "f1": 0.711864406779661,
        "TNR": 0.6666666666666666,
        "TPR": 0.6,
        "sensitivity": 0.6,
        "specificity": 0.6666666666666666,
        "balanced_acc": 0.6333333333333333,
        "TN": 6,
        "FP": 3,
        "FN": 14,
        "TP": 21,
        "confusion_matrix": [
          [
            6,
            3
          ],
          [
            14,
            21
          ]
        ]
      }
    },
    {
      "threshold": "fixed",
      "threshold_value": 0.7,
      "val": {
        "threshold": 0.7,
        "accuracy": 0.2777777777777778,
        "precision": 1.0,
        "recall": 0.07142857142857142,
        "f1": 0.13333333333333333,
        "TNR": 1.0,
        "TPR": 0.07142857142857142,
        "sensitivity": 0.07142857142857142,
        "specificity": 1.0,
        "balanced_acc": 0.5357142857142857,
        "TN": 4,
        "FP": 0,
        "FN": 13,
        "TP": 1,
        "confusion_matrix": [
          [
            4,
            0
          ],
          [
            13,
            1
          ]
        ]
      },
      "test": {
        "threshold": 0.7,
        "accuracy": 0.2727272727272727,
        "precision": 1.0,
        "recall": 0.08571428571428572,
        "f1": 0.15789473684210525,
        "TNR": 1.0,
        "TPR": 0.08571428571428572,
        "sensitivity": 0.08571428571428572,
        "specificity": 1.0,
        "balanced_acc": 0.5428571428571428,
        "TN": 9,
        "FP": 0,
        "FN": 32,
        "TP": 3,
        "confusion_matrix": [
          [
            9,
            0
          ],
          [
            32,
            3
          ]
        ]
      }
    },
    {
      "threshold": "fixed",
      "threshold_value": 0.8,
      "val": {
        "threshold": 0.8,
        "accuracy": 0.2222222222222222,
        "precision": 0.0,
        "recall": 0.0,
        "f1": 0.0,
        "TNR": 1.0,
        "TPR": 0.0,
        "sensitivity": 0.0,
        "specificity": 1.0,
        "balanced_acc": 0.5,
        "TN": 4,
        "FP": 0,
        "FN": 14,
        "TP": 0,
        "confusion_matrix": [
          [
            4,
            0
          ],
          [
            14,
            0
          ]
        ]
      },
      "test": {
        "threshold": 0.8,
        "accuracy": 0.20454545454545456,
        "precision": 0.0,
        "recall": 0.0,
        "f1": 0.0,
        "TNR": 1.0,
        "TPR": 0.0,
        "sensitivity": 0.0,
        "specificity": 1.0,
        "balanced_acc": 0.5,
        "TN": 9,
        "FP": 0,
        "FN": 35,
        "TP": 0,
        "confusion_matrix": [
          [
            9,
            0
          ],
          [
            35,
            0
          ]
        ]
      }
    },
    {
      "threshold": "fixed",
      "threshold_value": 0.9,
      "val": {
        "threshold": 0.9,
        "accuracy": 0.2222222222222222,
        "precision": 0.0,
        "recall": 0.0,
        "f1": 0.0,
        "TNR": 1.0,
        "TPR": 0.0,
        "sensitivity": 0.0,
        "specificity": 1.0,
        "balanced_acc": 0.5,
        "TN": 4,
        "FP": 0,
        "FN": 14,
        "TP": 0,
        "confusion_matrix": [
          [
            4,
            0
          ],
          [
            14,
            0
          ]
        ]
      },
      "test": {
        "threshold": 0.9,
        "accuracy": 0.20454545454545456,
        "precision": 0.0,
        "recall": 0.0,
        "f1": 0.0,
        "TNR": 1.0,
        "TPR": 0.0,
        "sensitivity": 0.0,
        "specificity": 1.0,
        "balanced_acc": 0.5,
        "TN": 9,
        "FP": 0,
        "FN": 35,
        "TP": 0,