{
  "day": "Dy20_5",
  "day_no": 20,
  "n_metabolite_features": 12,
  "n_image_features": 12,
  "n_total_features": 24,
  "test_accuracy": 0.7586206896551724,
  "test_f1_acceptable": 0.8444444444444444,
  "test_f1_notacceptable": 0.46153846153846156,
  "test_recall_acceptable": 0.8260869565217391,
  "test_recall_notacceptable": 0.5,
  "test_precision_acceptable": 0.8636363636363636,
  "test_precision_notacceptable": 0.42857142857142855,
  "test_specificity": 0.5,
  "test_pr_auc": 0.9345898274045165,
  "best_params": {
    "colsample_bytree": 0.8,
    "learning_rate": 0.05,
    "max_depth": 3,
    "min_child_samples": 20,
    "n_estimators": 200,
    "num_leaves": 31,
    "subsample": 0.8
  },
  "cv_score": 0.43650793650793646,
  "pca_explained_variance": 0.5183945894241333,
  "confusion_matrix": {
    "TP": 19,
    "FP": 3,
    "TN": 3,
    "FN": 4
  }
}