{
  "n_components": 12,
  "explained_variance_ratio": [
    0.12700925767421722,
    0.07276976853609085,
    0.053213562816381454,
    0.04441406577825546,
    0.03945203498005867,
    0.033637065440416336,
    0.029012134298682213,
    0.026489630341529846,
    0.025885244831442833,
    0.025234950706362724,
    0.021465808153152466,
    0.019811009988188744
  ],
  "total_explained_variance": 0.5183945894241333
}