{
  "day": "Dy20_5",
  "split": "val",
  "accuracy": 0.8620689655172413,
  "f1": 0.9047619047619048,
  "n": 29,
  "batch_size": 16
}