{
  "day": "Dy10",
  "day_no": 10,
  "split": "test",
  "accuracy": 0.7586206896551724,
  "f1": 0.8444444444444444,
  "roc_auc": 0.5714285714285714,
  "pr_auc": 0.7794457502735552,
  "val_accuracy_for_selection": 0.7931034482758621,
  "val_n": 29,
  "test_n": 29,
  "actual_good": 21,
  "predicted_good": 24,
  "batch_size_train": 16,
  "batch_size_valtest": 16,
  "backbone_key": "cnn",
  "input_key": "overlay_path",
  "use_mask": true
}