{
  "day": "Dy20_5",
  "day_no": 20,
  "split": "test",
  "accuracy": 0.8620689655172413,
  "f1": 0.9090909090909091,
  "roc_auc": 0.7619047619047619,
  "pr_auc": 0.8196534412733478,
  "val_accuracy_for_selection": 0.896551724137931,
  "val_n": 29,
  "test_n": 29,
  "actual_good": 21,
  "predicted_good": 23,
  "batch_size_train": 16,
  "batch_size_valtest": 16,
  "backbone_key": "cnn",
  "input_key": "overlay_path",
  "use_mask": true
}