{
  "day": "Dy15",
  "day_no": 1500,
  "split": "test",
  "brier": 0.18459413945674896,
  "rmse": 0.4296441972255707,
  "corr": 0.39978787302970886,
  "acc@0.5": 0.7777777777777778,
  "f1@0.5": 0.8636363636363636,
  "actual_good@0.5": 19,
  "predicted_good@0.5": 25,
  "acc@t*": 0.7777777777777778,
  "f1@t*": 0.8571428571428571,
  "bal_acc@t*": 0.6611842105263157,
  "roc_auc": 0.6907894736842105,
  "pr_auc": 0.8643612075961828,
  "threshold_used": 0.682,
  "threshold_method": "max_f1",
  "min_precision": null,
  "val_brier_for_selection": 0.11694394052028656,
  "val_n": 27,
  "test_n": 27,
  "batch_size_train": 16,
  "batch_size_valtest": 16,
  "backbone_key": "efficientnet"
}