{
  "day": "Dy15",
  "split": "val",
  "brier": 0.11694394052028656,
  "rmse": 0.34197068214416504,
  "acc@0.5": 0.8148148148148148,
  "f1@0.5": 0.8837209302325582,
  "corr": 0.6333099603652954,
  "roc_auc": 0.9071428571428571,
  "pr_auc": 0.9713837129054521,
  "chosen_threshold": 0.682,
  "threshold_method": "max_f1",
  "min_precision": null,
  "n": 27,
  "batch_size": 16
}