{
  "day": "Dy28",
  "split": "val",
  "accuracy": 0.9,
  "f1": 0.9333333333333333,
  "roc_auc": 0.7777777777777779,
  "pr_auc": 0.8627812839533799,
  "n": 30,
  "batch_size": 16,
  "input_key": "img_path",
  "use_mask": false
}