{
  "day": "Dy17",
  "split": "val",
  "brier": 0.13941410183906555,
  "rmse": 0.37338197231292725,
  "acc@0.5": 0.7777777777777778,
  "f1@0.5": 0.8636363636363636,
  "corr": 0.5564306974411011,
  "roc_auc": 0.8428571428571427,
  "pr_auc": 0.9532858191585813,
  "chosen_threshold": 0.647,
  "threshold_method": "max_f1",
  "min_precision": null,
  "n": 27,
  "batch_size": 16
}