{
  "day": "Dy17",
  "day_no": 1700,
  "split": "test",
  "brier": 0.22616612911224365,
  "rmse": 0.4755692780017853,
  "corr": 0.12358932197093964,
  "acc@0.5": 0.6666666666666666,
  "f1@0.5": 0.8,
  "actual_good@0.5": 19,
  "predicted_good@0.5": 26,
  "acc@t*": 0.7037037037037037,
  "f1@t*": 0.8181818181818182,
  "bal_acc@t*": 0.5361842105263157,
  "roc_auc": 0.605263157894737,
  "pr_auc": 0.779066987876667,
  "threshold_used": 0.647,
  "threshold_method": "max_f1",
  "min_precision": null,
  "val_brier_for_selection": 0.13941410183906555,
  "val_n": 27,
  "test_n": 27,
  "batch_size_train": 16,
  "batch_size_valtest": 16,
  "backbone_key": "resnet"
}