{
  "day": "Dy30",
  "split": "val",
  "accuracy": 0.9,
  "f1": 0.9333333333333333,
  "roc_auc": 0.835978835978836,
  "pr_auc": 0.8675219518747777,
  "n": 30,
  "batch_size": 16,
  "input_key": "overlay_path",
  "use_mask": false
}