{
  "n_components": 12,
  "explained_variance_ratio": [
    0.11490584164857864,
    0.07503728568553925,
    0.06635259836912155,
    0.044738516211509705,
    0.037234947085380554,
    0.033865489065647125,
    0.028541751205921173,
    0.024378454312682152,
    0.02204146981239319,
    0.02102070488035679,
    0.017998328432440758,
    0.016436457633972168
  ],
  "total_explained_variance": 0.5025518536567688
}