{
  "day": "Dy21",
  "split": "val",
  "accuracy": 0.9523809523809523,
  "f1": 0.9629629629629629,
  "n": 21,
  "batch_size": 16
}