{
  "day": "Dy24",
  "split": "val",
  "brier": 0.07099423557519913,
  "rmse": 0.26644742488861084,
  "acc@0.5": 0.9259259259259259,
  "f1@0.5": 0.95,
  "corr": 0.8088799715042114,
  "roc_auc": 0.9642857142857143,
  "pr_auc": 0.99,
  "chosen_threshold": 0.935,
  "threshold_method": "max_f1",
  "min_precision": null,
  "n": 27,
  "batch_size": 16
}