{
  "day": "Dy24",
  "day_no": 2400,
  "split": "test",
  "brier": 0.12642644345760345,
  "rmse": 0.3555649518966675,
  "corr": 0.6918361186981201,
  "acc@0.5": 0.8518518518518519,
  "f1@0.5": 0.9047619047619048,
  "actual_good@0.5": 19,
  "predicted_good@0.5": 23,
  "acc@t*": 0.8518518518518519,
  "f1@t*": 0.9,
  "bal_acc@t*": 0.7861842105263157,
  "roc_auc": 0.9078947368421053,
  "pr_auc": 0.9604559292028738,
  "threshold_used": 0.935,
  "threshold_method": "max_f1",
  "min_precision": null,
  "val_brier_for_selection": 0.07099423557519913,
  "val_n": 27,
  "test_n": 27,
  "batch_size_train": 16,
  "batch_size_valtest": 16,
  "backbone_key": "resnet"
}