{
  "day": "Dy3",
  "split": "val",
  "accuracy": 0.6896551724137931,
  "f1": 0.8085106382978723,
  "roc_auc": 0.6777777777777778,
  "pr_auc": 0.85366767161748,
  "n": 29,
  "batch_size": 16,
  "input_key": "img_path",
  "use_mask": false
}