{
  "day": "Dy13",
  "split": "val",
  "brier": 0.14058390259742737,
  "rmse": 0.37494519352912903,
  "acc@0.5": 0.8888888888888888,
  "f1@0.5": 0.9302325581395349,
  "corr": 0.5670750737190247,
  "roc_auc": 0.6928571428571428,
  "pr_auc": 0.8350076497383505,
  "chosen_threshold": 0.484,
  "threshold_method": "max_f1",
  "min_precision": null,
  "n": 27,
  "batch_size": 16
}