{
  "day": "Dy13",
  "day_no": 1300,
  "split": "test",
  "brier": 0.24339015781879425,
  "rmse": 0.49334588646888733,
  "corr": 0.02852250449359417,
  "acc@0.5": 0.7037037037037037,
  "f1@0.5": 0.8181818181818182,
  "actual_good@0.5": 19,
  "predicted_good@0.5": 25,
  "acc@t*": 0.7037037037037037,
  "f1@t*": 0.8181818181818182,
  "bal_acc@t*": 0.5361842105263157,
  "roc_auc": 0.5460526315789473,
  "pr_auc": 0.7803109073755401,
  "threshold_used": 0.484,
  "threshold_method": "max_f1",
  "min_precision": null,
  "val_brier_for_selection": 0.14058390259742737,
  "val_n": 27,
  "test_n": 27,
  "batch_size_train": 16,
  "batch_size_valtest": 16,
  "backbone_key": "vit"
}