{
  "day": "Dy28",
  "split": "val",
  "accuracy": 0.8666666666666667,
  "f1": 0.9090909090909091,
  "roc_auc": 0.8201058201058201,
  "pr_auc": 0.8958968275167343,
  "n": 30,
  "batch_size": 16,
  "input_key": "img_path",
  "use_mask": true
}