{
  "model_type": "per_day",
  "day": 17,
  "best_val_acc": 0.8888888955116272,
  "optimal_threshold": 0.53,
  "val_at_optimal": {
    "threshold": 0.53,
    "accuracy": 0.5555555555555556,
    "precision": 1.0,
    "recall": 0.42857142857142855,
    "f1": 0.6,
    "TNR": 1.0,
    "TPR": 0.42857142857142855,
    "sensitivity": 0.42857142857142855,
    "specificity": 1.0,
    "balanced_acc": 0.7142857142857143,
    "TN": 4,
    "FP": 0,
    "FN": 8,
    "TP": 6,
    "confusion_matrix": [
      [
        4,
        0
      ],
      [
        8,
        6
      ]
    ]
  },
  "test_at_optimal": {
    "threshold": 0.53,
    "accuracy": 0.5681818181818182,
    "precision": 0.8076923076923077,
    "recall": 0.6,
    "f1": 0.6885245901639344,
    "TNR": 0.4444444444444444,
    "TPR": 0.6,
    "sensitivity": 0.6,
    "specificity": 0.4444444444444444,
    "balanced_acc": 0.5222222222222221,
    "TN": 4,
    "FP": 5,
    "FN": 14,
    "TP": 21,
    "confusion_matrix": [
      [
        4,
        5
      ],
      [
        14,
        21
      ]
    ]
  },
  "val_at_0.5": {
    "threshold": 0.5,
    "accuracy": 0.8888888888888888,
    "precision": 0.875,
    "recall": 1.0,
    "f1": 0.9333333333333333,
    "TNR": 0.5,
    "TPR": 1.0,
    "sensitivity": 1.0,
    "specificity": 0.5,
    "balanced_acc": 0.75,
    "TN": 2,
    "FP": 2,
    "FN": 0,
    "TP": 14,
    "confusion_matrix": [
      [
        2,
        2
      ],
      [
        0,
        14
      ]
    ]
  },
  "test_at_0.5": {
    "threshold": 0.5,
    "accuracy": 0.7954545454545454,
    "precision": 0.825,
    "recall": 0.9428571428571428,
    "f1": 0.88,
    "TNR": 0.2222222222222222,
    "TPR": 0.9428571428571428,
    "sensitivity": 0.9428571428571428,
    "specificity": 0.2222222222222222,
    "balanced_acc": 0.5825396825396825,
    "TN": 2,
    "FP": 7,
    "FN": 2,
    "TP": 33,
    "confusion_matrix": [
      [
        2,
        7
      ],
      [
        2,
        33
      ]
    ]
  },
  "threshold_results": [
    {
      "threshold": "fixed",
      "threshold_value": 0.5,
      "val": {
        "threshold": 0.5,
        "accuracy": 0.8888888888888888,
        "precision": 0.875,
        "recall": 1.0,
        "f1": 0.9333333333333333,
        "TNR": 0.5,
        "TPR": 1.0,
        "sensitivity": 1.0,
        "specificity": 0.5,
        "balanced_acc": 0.75,
        "TN": 2,
        "FP": 2,
        "FN": 0,
        "TP": 14,
        "confusion_matrix": [
          [
            2,
            2
          ],
          [
            0,
            14
          ]
        ]
      },
      "test": {
        "threshold": 0.5,
        "accuracy": 0.7954545454545454,
        "precision": 0.825,
        "recall": 0.9428571428571428,
        "f1": 0.88,
        "TNR": 0.2222222222222222,
        "TPR": 0.9428571428571428,
        "sensitivity": 0.9428571428571428,
        "specificity": 0.2222222222222222,
        "balanced_acc": 0.5825396825396825,
        "TN": 2,
        "FP": 7,
        "FN": 2,
        "TP": 33,
        "confusion_matrix": [
          [
            2,
            7
          ],
          [
            2,
            33
          ]
        ]
      }
    },
    {
      "threshold": "fixed",
      "threshold_value": 0.6,
      "val": {
        "threshold": 0.6,
        "accuracy": 0.2222222222222222,
        "precision": 0.0,
        "recall": 0.0,
        "f1": 0.0,
        "TNR": 1.0,
        "TPR": 0.0,
        "sensitivity": 0.0,
        "specificity": 1.0,
        "balanced_acc": 0.5,
        "TN": 4,
        "FP": 0,
        "FN": 14,
        "TP": 0,
        "confusion_matrix": [
          [
            4,
            0
          ],
          [
            14,
            0
          ]
        ]
      },
      "test": {
        "threshold": 0.6,
        "accuracy": 0.22727272727272727,
        "precision": 1.0,
        "recall": 0.02857142857142857,
        "f1": 0.05555555555555555,
        "TNR": 1.0,
        "TPR": 0.02857142857142857,
        "sensitivity": 0.02857142857142857,
        "specificity": 1.0,
        "balanced_acc": 0.5142857142857142,
        "TN": 9,
        "FP": 0,
        "FN": 34,
        "TP": 1,
        "confusion_matrix": [
          [
            9,
            0
          ],
          [
            34,
            1
          ]
        ]
      }
    },
    {
      "threshold": "fixed",
      "threshold_value": 0.7,
      "val": {
        "threshold": 0.7,
        "accuracy": 0.2222222222222222,
        "precision": 0.0,
        "recall": 0.0,
        "f1": 0.0,
        "TNR": 1.0,
        "TPR": 0.0,
        "sensitivity": 0.0,
        "specificity": 1.0,
        "balanced_acc": 0.5,
        "TN": 4,
        "FP": 0,
        "FN": 14,
        "TP": 0,
        "confusion_matrix": [
          [
            4,
            0
          ],
          [
            14,
            0
          ]
        ]
      },
      "test": {
        "threshold": 0.7,
        "accuracy": 0.20454545454545456,
        "precision": 0.0,
        "recall": 0.0,
        "f1": 0.0,
        "TNR": 1.0,
        "TPR": 0.0,
        "sensitivity": 0.0,
        "specificity": 1.0,
        "balanced_acc": 0.5,
        "TN": 9,
        "FP": 0,
        "FN": 35,
        "TP": 0,
        "confusion_matrix": [
          [
            9,
            0
          ],
          [
            35,
            0
          ]
        ]
      }
    },
    {
      "threshold": "fixed",
      "threshold_value": 0.8,
      "val": {
        "threshold": 0.8,
        "accuracy": 0.2222222222222222,
        "precision": 0.0,
        "recall": 0.0,
        "f1": 0.0,
        "TNR": 1.0,
        "TPR": 0.0,
        "sensitivity": 0.0,
        "specificity": 1.0,
        "balanced_acc": 0.5,
        "TN": 4,
        "FP": 0,
        "FN": 14,
        "TP": 0,
        "confusion_matrix": [
          [
            4,
            0
          ],
          [
            14,
            0
          ]
        ]
      },
      "test": {
        "threshold": 0.8,
        "accuracy": 0.20454545454545456,
        "precision": 0.0,
        "recall": 0.0,
        "f1": 0.0,
        "TNR": 1.0,
        "TPR": 0.0,
        "sensitivity": 0.0,
        "specificity": 1.0,
        "balanced_acc": 0.5,
        "TN": 9,
        "FP": 0,
        "FN": 35,
        "TP": 0,
        "confusion_matrix": [
          [
            9,
            0
          ],
          [
            35,
            0
          ]
        ]
      }
    },
    {
      "threshold": "fixed",
      "threshold_value": 0.9,
      "val": {
        "threshold": 0.9,
        "accuracy": 0.2222222222222222,
        "precision": 0.0,
        "recall": 0.0,
        "f1": 0.0,
        "TNR": 1.0,
        "TPR": 0.0,
        "sensitivity": 0.0,
        "specificity": 1.0,
        "balanced_acc": 0.5,
        "TN": 4,
        "FP": 0,
        "FN": 14,
        "TP": 0,
        "confusion_matrix": [
          [
            4,
            0
          ],
          [
            14,
            0
          ]
        ]
      },
      "test": {
        "threshold": 0.9,
        "accuracy": 0.20454545454545456,
        "precision": 0.0,
        "recall": 0.0,
        "f1": 0.0,
        "TNR": 1.0,
        "TPR": 0.0,
        "sensitivity": 0.0,
        "specificity": 1.0,
        "balanced_acc": 0.5,
        "TN": 9,
        "FP": 0,
        "FN": 35,
        "TP": 0,
        "confusion_matrix": [
          [
            9,
            0
          ],
          [
            35,
            0
          ]
        ]
      }
    },
    {
      "threshold": "optimal",
      "threshold_value": 0.53,
      "val": {
        "threshold": 0.53,
        "accuracy": 0.5555555555555556,
        "precision": 1.0,
        "recall": 0.42857142857142855,
        "f1": 0.6,
        "TNR": 1.0,
        "TPR": 0.42857142857142855,
        "sensitivity": 0.42857142857142855,
        "specificity": 1.0,
        "balanced_acc": 0.7142857142857143,
        "TN": 4,
        "FP": 0,