{
  "day": "Dy28",
  "split": "val",
  "accuracy": 0.8666666666666667,
  "f1": 0.9090909090909091,
  "roc_auc": 0.8042328042328043,
  "pr_auc": 0.8958747777611598,
  "n": 30,
  "batch_size": 16,
  "input_key": "overlay_path",
  "use_mask": false
}