{
  "day": "Dy28",
  "day_no": 28,
  "split": "test",
  "accuracy": 0.8333333333333334,
  "f1": 0.8837209302325582,
  "roc_auc": 0.8677248677248677,
  "pr_auc": 0.932597806022176,
  "val_accuracy_for_selection": 0.8666666666666667,
  "val_n": 30,
  "test_n": 30,
  "actual_good": 21,
  "predicted_good": 22,
  "batch_size_train": 16,
  "batch_size_valtest": 16,
  "backbone_key": "cnn",
  "input_key": "overlay_path",
  "use_mask": false
}