{
  "day": "Dy30",
  "day_no": 30,
  "split": "test",
  "accuracy": 0.8333333333333334,
  "f1": 0.8837209302325582,
  "roc_auc": 0.9047619047619048,
  "pr_auc": 0.9600081845603743,
  "val_accuracy_for_selection": 0.9333333333333333,
  "val_n": 30,
  "test_n": 30,
  "actual_good": 21,
  "predicted_good": 22,
  "batch_size_train": 16,
  "batch_size_valtest": 16,
  "backbone_key": "vit",
  "input_key": "overlay_path",
  "use_mask": true
}