{
  "day": "Dy3",
  "split": "val",
  "accuracy": 0.6896551724137931,
  "f1": 0.7692307692307693,
  "roc_auc": 0.6888888888888889,
  "pr_auc": 0.7877084438831397,
  "n": 29,
  "batch_size": 16,
  "input_key": "img_path",
  "use_mask": true
}