{
  "day": "Dy20_5",
  "split": "val",
  "accuracy": 0.896551724137931,
  "f1": 0.9302325581395349,
  "roc_auc": 0.7321428571428571,
  "pr_auc": 0.7821936098694171,
  "n": 29,
  "batch_size": 16,
  "input_key": "img_path",
  "use_mask": true
}