{
  "day": "Dy13",
  "day_no": 1300,
  "split": "test",
  "brier": 0.2285645604133606,
  "rmse": 0.4780842661857605,
  "corr": 0.06791485846042633,
  "acc@0.5": 0.6296296296296297,
  "f1@0.5": 0.75,
  "actual_good@0.5": 19,
  "predicted_good@0.5": 21,
  "acc@t*": 0.7407407407407407,
  "f1@t*": 0.8444444444444444,
  "bal_acc@t*": 0.5625,
  "roc_auc": 0.5394736842105263,
  "pr_auc": 0.7306470911014096,
  "threshold_used": 0.391,
  "threshold_method": "max_f1",
  "min_precision": null,
  "val_brier_for_selection": 0.15683519840240479,
  "val_n": 27,
  "test_n": 27,
  "batch_size_train": 16,
  "batch_size_valtest": 16,
  "backbone_key": "resnet"
}