{
  "model_type": "per_day",
  "day": 26,
  "best_val_acc": 0.7777777910232544,
  "optimal_threshold": 0.65,
  "val_at_optimal": {
    "threshold": 0.65,
    "accuracy": 0.7222222222222222,
    "precision": 1.0,
    "recall": 0.6428571428571429,
    "f1": 0.782608695652174,
    "TNR": 1.0,
    "TPR": 0.6428571428571429,
    "sensitivity": 0.6428571428571429,
    "specificity": 1.0,
    "balanced_acc": 0.8214285714285714,
    "TN": 4,
    "FP": 0,
    "FN": 5,
    "TP": 9,
    "confusion_matrix": [
      [
        4,
        0
      ],
      [
        5,
        9
      ]
    ]
  },
  "test_at_optimal": {
    "threshold": 0.65,
    "accuracy": 0.5227272727272727,
    "precision": 0.9375,
    "recall": 0.42857142857142855,
    "f1": 0.5882352941176471,
    "TNR": 0.8888888888888888,
    "TPR": 0.42857142857142855,
    "sensitivity": 0.42857142857142855,
    "specificity": 0.8888888888888888,
    "balanced_acc": 0.6587301587301587,
    "TN": 8,
    "FP": 1,
    "FN": 20,
    "TP": 15,
    "confusion_matrix": [
      [
        8,
        1
      ],
      [
        20,
        15
      ]
    ]
  },
  "val_at_0.5": {
    "threshold": 0.5,
    "accuracy": 0.7777777777777778,
    "precision": 0.8571428571428571,
    "recall": 0.8571428571428571,
    "f1": 0.8571428571428571,
    "TNR": 0.5,
    "TPR": 0.8571428571428571,
    "sensitivity": 0.8571428571428571,
    "specificity": 0.5,
    "balanced_acc": 0.6785714285714286,
    "TN": 2,
    "FP": 2,
    "FN": 2,
    "TP": 12,
    "confusion_matrix": [
      [
        2,
        2
      ],
      [
        2,
        12
      ]
    ]
  },
  "test_at_0.5": {
    "threshold": 0.5,
    "accuracy": 0.6590909090909091,
    "precision": 0.8846153846153846,
    "recall": 0.6571428571428571,
    "f1": 0.7540983606557377,
    "TNR": 0.6666666666666666,
    "TPR": 0.6571428571428571,
    "sensitivity": 0.6571428571428571,
    "specificity": 0.6666666666666666,
    "balanced_acc": 0.6619047619047619,
    "TN": 6,
    "FP": 3,
    "FN": 12,
    "TP": 23,
    "confusion_matrix": [
      [
        6,
        3
      ],
      [
        12,
        23
      ]
    ]
  },
  "threshold_results": [
    {
      "threshold": "fixed",
      "threshold_value": 0.5,
      "val": {
        "threshold": 0.5,
        "accuracy": 0.7777777777777778,
        "precision": 0.8571428571428571,
        "recall": 0.8571428571428571,
        "f1": 0.8571428571428571,
        "TNR": 0.5,
        "TPR": 0.8571428571428571,
        "sensitivity": 0.8571428571428571,
        "specificity": 0.5,
        "balanced_acc": 0.6785714285714286,
        "TN": 2,
        "FP": 2,
        "FN": 2,
        "TP": 12,
        "confusion_matrix": [
          [
            2,
            2
          ],
          [
            2,
            12
          ]
        ]
      },
      "test": {
        "threshold": 0.5,
        "accuracy": 0.6590909090909091,
        "precision": 0.8846153846153846,
        "recall": 0.6571428571428571,
        "f1": 0.7540983606557377,
        "TNR": 0.6666666666666666,
        "TPR": 0.6571428571428571,
        "sensitivity": 0.6571428571428571,
        "specificity": 0.6666666666666666,
        "balanced_acc": 0.6619047619047619,
        "TN": 6,
        "FP": 3,
        "FN": 12,
        "TP": 23,
        "confusion_matrix": [
          [
            6,
            3
          ],
          [
            12,
            23
          ]
        ]
      }
    },
    {
      "threshold": "fixed",
      "threshold_value": 0.6,
      "val": {
        "threshold": 0.6,
        "accuracy": 0.6111111111111112,
        "precision": 0.8181818181818182,
        "recall": 0.6428571428571429,
        "f1": 0.72,
        "TNR": 0.5,
        "TPR": 0.6428571428571429,
        "sensitivity": 0.6428571428571429,
        "specificity": 0.5,
        "balanced_acc": 0.5714285714285714,
        "TN": 2,
        "FP": 2,
        "FN": 5,
        "TP": 9,
        "confusion_matrix": [
          [
            2,
            2
          ],
          [
            5,
            9
          ]
        ]
      },
      "test": {
        "threshold": 0.6,
        "accuracy": 0.5909090909090909,
        "precision": 0.9473684210526315,
        "recall": 0.5142857142857142,
        "f1": 0.6666666666666666,
        "TNR": 0.8888888888888888,
        "TPR": 0.5142857142857142,
        "sensitivity": 0.5142857142857142,
        "specificity": 0.8888888888888888,
        "balanced_acc": 0.7015873015873015,
        "TN": 8,
        "FP": 1,
        "FN": 17,
        "TP": 18,
        "confusion_matrix": [
          [
            8,
            1
          ],
          [
            17,
            18
          ]
        ]
      }
    },
    {
      "threshold": "fixed",
      "threshold_value": 0.7,
      "val": {
        "threshold": 0.7,
        "accuracy": 0.6111111111111112,
        "precision": 1.0,
        "recall": 0.5,
        "f1": 0.6666666666666666,
        "TNR": 1.0,
        "TPR": 0.5,
        "sensitivity": 0.5,
        "specificity": 1.0,
        "balanced_acc": 0.75,
        "TN": 4,
        "FP": 0,
        "FN": 7,
        "TP": 7,
        "confusion_matrix": [
          [
            4,
            0
          ],
          [
            7,
            7
          ]
        ]
      },
      "test": {
        "threshold": 0.7,
        "accuracy": 0.5,
        "precision": 0.9333333333333333,
        "recall": 0.4,
        "f1": 0.56,
        "TNR": 0.8888888888888888,
        "TPR": 0.4,
        "sensitivity": 0.4,
        "specificity": 0.8888888888888888,
        "balanced_acc": 0.6444444444444444,
        "TN": 8,
        "FP": 1,
        "FN": 21,
        "TP": 14,
        "confusion_matrix": [
          [
            8,
            1
          ],
          [
            21,
            14
          ]
        ]
      }
    },
    {
      "threshold": "fixed",
      "threshold_value": 0.8,
      "val": {
        "threshold": 0.8,
        "accuracy": 0.3888888888888889,
        "precision": 1.0,
        "recall": 0.21428571428571427,
        "f1": 0.35294117647058826,
        "TNR": 1.0,
        "TPR": 0.21428571428571427,
        "sensitivity": 0.21428571428571427,
        "specificity": 1.0,
        "balanced_acc": 0.6071428571428571,
        "TN": 4,
        "FP": 0,
        "FN": 11,
        "TP": 3,
        "confusion_matrix": [
          [
            4,
            0
          ],
          [
            11,
            3
          ]
        ]
      },
      "test": {
        "threshold": 0.8,
        "accuracy": 0.4090909090909091,
        "precision": 1.0,
        "recall": 0.2571428571428571,
        "f1": 0.4090909090909091,
        "TNR": 1.0,
        "TPR": 0.2571428571428571,
        "sensitivity": 0.2571428571428571,
        "specificity": 1.0,
        "balanced_acc": 0.6285714285714286,
        "TN": 9,
        "FP": 0,
        "FN": 26,
        "TP": 9,
        "confusion_matrix": [
          [
            9,
            0
          ],
          [
            26,
            9
          ]
        ]
      }
    },
    {
      "threshold": "fixed",
      "threshold_value": 0.9,
      "val": {
        "threshold": 0.9,
        "accuracy": 0.2777777777777778,
        "precision": 1.0,
        "recall": 0.07142857142857142,
        "f1": 0.13333333333333333,
        "TNR": 1.0,
        "TPR": 0.07142857142857142,
        "sensitivity": 0.07142857142857142,
        "specificity": 1.0,
        "balanced_acc": 0.5357142857142857,
        "TN": 4,
        "FP": 0,
        "FN": 13,
        "TP": 1,
        "confusion_matrix": [
          [
            4,
            0
          ],
          [
            13,
            1
          ]
        ]
      },
      "test": {
        "threshold": 0.9,
        "accuracy": 0.2727272727272727,
        "precision": 1.0,
        "recall": 0.08571428571428572,
        "f1": 0.15789473684210525,
        "TNR": 1.0,
        "TPR": 0.08571428571428572,
        "sensitivity": 0.08571428571428572,