{
  "model_type": "effnet_ts",
  "day": 13,
  "best_val_acc": 0.1764705926179886,
  "optimal_threshold": 0.22,
  "val_at_optimal": {
    "threshold": 0.22,
    "accuracy": 0.29411764705882354,
    "precision": 1.0,
    "recall": 0.14285714285714285,
    "f1": 0.25,
    "TNR": 1.0,
    "TPR": 0.14285714285714285,
    "sensitivity": 0.14285714285714285,
    "specificity": 1.0,
    "balanced_acc": 0.5714285714285714,
    "TN": 3,
    "FP": 0,
    "FN": 12,
    "TP": 2,
    "confusion_matrix": [
      [
        3,
        0
      ],
      [
        12,
        2
      ]
    ]
  },
  "test_at_optimal": {
    "threshold": 0.22,
    "accuracy": 0.1891891891891892,
    "precision": 0.6666666666666666,
    "recall": 0.06451612903225806,
    "f1": 0.11764705882352941,
    "TNR": 0.8333333333333334,
    "TPR": 0.06451612903225806,
    "sensitivity": 0.06451612903225806,
    "specificity": 0.8333333333333334,
    "balanced_acc": 0.44892473118279574,
    "TN": 5,
    "FP": 1,
    "FN": 29,
    "TP": 2,
    "confusion_matrix": [
      [
        5,
        1
      ],
      [
        29,
        2
      ]
    ]
  },
  "val_at_0.5": {
    "threshold": 0.5,
    "accuracy": 0.17647058823529413,
    "precision": 0.0,
    "recall": 0.0,
    "f1": 0.0,
    "TNR": 1.0,
    "TPR": 0.0,
    "sensitivity": 0.0,
    "specificity": 1.0,
    "balanced_acc": 0.5,
    "TN": 3,
    "FP": 0,
    "FN": 14,
    "TP": 0,
    "confusion_matrix": [
      [
        3,
        0
      ],
      [
        14,
        0
      ]
    ]
  },
  "test_at_0.5": {
    "threshold": 0.5,
    "accuracy": 0.16216216216216217,
    "precision": 0.0,
    "recall": 0.0,
    "f1": 0.0,
    "TNR": 1.0,
    "TPR": 0.0,
    "sensitivity": 0.0,
    "specificity": 1.0,
    "balanced_acc": 0.5,
    "TN": 6,
    "FP": 0,
    "FN": 31,
    "TP": 0,
    "confusion_matrix": [
      [
        6,
        0
      ],
      [
        31,
        0
      ]
    ]
  },
  "threshold_results": [
    {
      "threshold": "fixed",
      "threshold_value": 0.5,
      "val": {
        "threshold": 0.5,
        "accuracy": 0.17647058823529413,
        "precision": 0.0,
        "recall": 0.0,
        "f1": 0.0,
        "TNR": 1.0,
        "TPR": 0.0,
        "sensitivity": 0.0,
        "specificity": 1.0,
        "balanced_acc": 0.5,
        "TN": 3,
        "FP": 0,
        "FN": 14,
        "TP": 0,
        "confusion_matrix": [
          [
            3,
            0
          ],
          [
            14,
            0
          ]
        ]
      },
      "test": {
        "threshold": 0.5,
        "accuracy": 0.16216216216216217,
        "precision": 0.0,
        "recall": 0.0,
        "f1": 0.0,
        "TNR": 1.0,
        "TPR": 0.0,
        "sensitivity": 0.0,
        "specificity": 1.0,
        "balanced_acc": 0.5,
        "TN": 6,
        "FP": 0,
        "FN": 31,
        "TP": 0,
        "confusion_matrix": [
          [
            6,
            0
          ],
          [
            31,
            0
          ]
        ]
      }
    },
    {
      "threshold": "fixed",
      "threshold_value": 0.6,
      "val": {
        "threshold": 0.6,
        "accuracy": 0.17647058823529413,
        "precision": 0.0,
        "recall": 0.0,
        "f1": 0.0,
        "TNR": 1.0,
        "TPR": 0.0,
        "sensitivity": 0.0,
        "specificity": 1.0,
        "balanced_acc": 0.5,
        "TN": 3,
        "FP": 0,
        "FN": 14,
        "TP": 0,
        "confusion_matrix": [
          [
            3,
            0
          ],
          [
            14,
            0
          ]
        ]
      },
      "test": {
        "threshold": 0.6,
        "accuracy": 0.16216216216216217,
        "precision": 0.0,
        "recall": 0.0,
        "f1": 0.0,
        "TNR": 1.0,
        "TPR": 0.0,
        "sensitivity": 0.0,
        "specificity": 1.0,
        "balanced_acc": 0.5,
        "TN": 6,
        "FP": 0,
        "FN": 31,
        "TP": 0,
        "confusion_matrix": [
          [
            6,
            0
          ],
          [
            31,
            0
          ]
        ]
      }
    },
    {
      "threshold": "fixed",
      "threshold_value": 0.7,
      "val": {
        "threshold": 0.7,
        "accuracy": 0.17647058823529413,
        "precision": 0.0,
        "recall": 0.0,
        "f1": 0.0,
        "TNR": 1.0,
        "TPR": 0.0,
        "sensitivity": 0.0,
        "specificity": 1.0,
        "balanced_acc": 0.5,
        "TN": 3,
        "FP": 0,
        "FN": 14,
        "TP": 0,
        "confusion_matrix": [
          [
            3,
            0
          ],
          [
            14,
            0
          ]
        ]
      },
      "test": {
        "threshold": 0.7,
        "accuracy": 0.16216216216216217,
        "precision": 0.0,
        "recall": 0.0,
        "f1": 0.0,
        "TNR": 1.0,
        "TPR": 0.0,
        "sensitivity": 0.0,
        "specificity": 1.0,
        "balanced_acc": 0.5,
        "TN": 6,
        "FP": 0,
        "FN": 31,
        "TP": 0,
        "confusion_matrix": [
          [
            6,
            0
          ],
          [
            31,
            0
          ]
        ]
      }
    },
    {
      "threshold": "fixed",
      "threshold_value": 0.8,
      "val": {
        "threshold": 0.8,
        "accuracy": 0.17647058823529413,
        "precision": 0.0,
        "recall": 0.0,
        "f1": 0.0,
        "TNR": 1.0,
        "TPR": 0.0,
        "sensitivity": 0.0,
        "specificity": 1.0,
        "balanced_acc": 0.5,
        "TN": 3,
        "FP": 0,
        "FN": 14,
        "TP": 0,
        "confusion_matrix": [
          [
            3,
            0
          ],
          [
            14,
            0
          ]
        ]
      },
      "test": {
        "threshold": 0.8,
        "accuracy": 0.16216216216216217,
        "precision": 0.0,
        "recall": 0.0,
        "f1": 0.0,
        "TNR": 1.0,
        "TPR": 0.0,
        "sensitivity": 0.0,
        "specificity": 1.0,
        "balanced_acc": 0.5,
        "TN": 6,
        "FP": 0,
        "FN": 31,
        "TP": 0,
        "confusion_matrix": [
          [
            6,
            0
          ],
          [
            31,
            0
          ]
        ]
      }
    },
    {
      "threshold": "fixed",
      "threshold_value": 0.9,
      "val": {
        "threshold": 0.9,
        "accuracy": 0.17647058823529413,
        "precision": 0.0,
        "recall": 0.0,
        "f1": 0.0,
        "TNR": 1.0,
        "TPR": 0.0,
        "sensitivity": 0.0,
        "specificity": 1.0,
        "balanced_acc": 0.5,
        "TN": 3,
        "FP": 0,
        "FN": 14,
        "TP": 0,
        "confusion_matrix": [
          [
            3,
            0
          ],
          [
            14,
            0
          ]
        ]
      },
      "test": {
        "threshold": 0.9,
        "accuracy": 0.16216216216216217,
        "precision": 0.0,
        "recall": 0.0,
        "f1": 0.0,
        "TNR": 1.0,
        "TPR": 0.0,
        "sensitivity": 0.0,
        "specificity": 1.0,
        "balanced_acc": 0.5,
        "TN": 6,
        "FP": 0,
        "FN": 31,
        "TP": 0,
        "confusion_matrix": [
          [
            6,
            0
          ],
          [
            31,
            0
          ]
        ]
      }
    },
    {
      "threshold": "optimal",
      "threshold_value": 0.22,
      "val": {
        "threshold": 0.22,
        "accuracy": 0.29411764705882354,
        "precision": 1.0,
        "recall": 0.14285714285714285,
        "f1": 0.25,
        "TNR": 1.0,
        "TPR": 0.14285714285714285,
        "sensitivity": 0.14285714285714285,
        "specificity": 1.0,
        "balanced_acc": 0.5714285714285714,
        "TN": 3,
        "FP": 0,
        "FN": 12,
        "TP": 2,
        "confusion_matrix": [
          [
            3,
            0
          ],
          [
            12,
            2
          ]
        ]
      },
      "test": {
        "threshold": 0.22,