{
  "day": "Dy8",
  "day_no": 8,
  "split": "test",
  "accuracy": 0.7037037037037037,
  "f1": 0.8,
  "roc_auc": 0.5789473684210527,
  "pr_auc": 0.7269205670460355,
  "val_accuracy_for_selection": 0.8518518518518519,
  "val_n": 27,
  "test_n": 27,
  "actual_good": 19,
  "predicted_good": 21,
  "batch_size_train": 16,
  "batch_size_valtest": 16,
  "backbone_key": "resnet"
}