{
  "day": "Dy8",
  "split": "val",
  "accuracy": 0.8518518518518519,
  "f1": 0.8888888888888888,
  "roc_auc": 0.8486842105263157,
  "pr_auc": 0.9360331266600614,
  "n": 27,
  "batch_size": 16
}