{
  "day": "Dy3",
  "split": "val",
  "accuracy": 0.8518518518518519,
  "f1": 0.9090909090909091,
  "n": 27,
  "batch_size": 16
}