{
  "day": "Dy28",
  "day_no": 2800,
  "split": "test",
  "brier": 0.13781411945819855,
  "rmse": 0.3712332546710968,
  "corr": 0.6054624319076538,
  "acc@0.5": 0.8518518518518519,
  "f1@0.5": 0.9047619047619048,
  "actual_good@0.5": 19,
  "predicted_good@0.5": 23,
  "acc@t*": 0.7777777777777778,
  "f1@t*": 0.8421052631578947,
  "bal_acc@t*": 0.7335526315789473,
  "roc_auc": 0.8486842105263157,
  "pr_auc": 0.92667396952967,
  "threshold_used": 0.761,
  "threshold_method": "max_f1",
  "min_precision": null,
  "val_brier_for_selection": 0.025147806853055954,
  "val_n": 27,
  "test_n": 27,
  "batch_size_train": 16,
  "batch_size_valtest": 16,
  "backbone_key": "vit"
}