{
  "day": "Dy28",
  "split": "val",
  "brier": 0.025147806853055954,
  "rmse": 0.15858060121536255,
  "acc@0.5": 0.9629629629629629,
  "f1@0.5": 0.975609756097561,
  "corr": 0.9329344630241394,
  "roc_auc": 1.0,
  "pr_auc": 1.0,
  "chosen_threshold": 0.761,
  "threshold_method": "max_f1",
  "min_precision": null,
  "n": 27,
  "batch_size": 16
}