{
  "day": "Dy30",
  "day_no": 30,
  "n_metabolite_features": 12,
  "n_image_features": 12,
  "n_total_features": 24,
  "test_accuracy": 0.9090909090909091,
  "test_f1_acceptable": 0.9444444444444444,
  "test_f1_notacceptable": 0.75,
  "test_recall_acceptable": 0.9714285714285714,
  "test_recall_notacceptable": 0.6666666666666666,
  "test_precision_acceptable": 0.918918918918919,
  "test_precision_notacceptable": 0.8571428571428571,
  "test_specificity": 0.6666666666666666,
  "test_pr_auc": 0.9833330931332654,
  "best_params": {
    "colsample_bytree": 0.8,
    "learning_rate": 0.05,
    "max_depth": 6,
    "min_child_samples": 20,
    "n_estimators": 500,
    "num_leaves": 31,
    "subsample": 0.8
  },
  "cv_score": 0.6386420596946912,
  "pca_explained_variance": 0.47396716475486755,
  "confusion_matrix": {
    "TP": 34,
    "FP": 3,
    "TN": 6,
    "FN": 1
  }
}