{
  "n_components": 12,
  "explained_variance_ratio": [
    0.09683777391910553,
    0.0769384503364563,
    0.05671393871307373,
    0.0509437620639801,
    0.04040288180112839,
    0.028823792934417725,
    0.026601960882544518,
    0.02358020283281803,
    0.021405598148703575,
    0.01819857768714428,
    0.01712805964052677,
    0.016392135992646217
  ],
  "total_explained_variance": 0.47396716475486755
}