{
  "day": "Dy08",
  "split": "val",
  "accuracy": 0.8275862068965517,
  "f1": 0.8717948717948718,
  "n": 29,
  "batch_size": 16
}