{
  "day": "Dy13",
  "split": "val",
  "accuracy": 0.8888888888888888,
  "f1": 0.926829268292683,
  "roc_auc": 0.75,
  "pr_auc": 0.8702351917947895,
  "n": 27,
  "batch_size": 16
}