{
  "day": "Dy10",
  "split": "val",
  "brier": 0.14619776606559753,
  "rmse": 0.3823581635951996,
  "acc@0.5": 0.8148148148148148,
  "f1@0.5": 0.8837209302325582,
  "corr": 0.4951080083847046,
  "roc_auc": 0.8285714285714286,
  "pr_auc": 0.9386433084459402,
  "chosen_threshold": 0.533,
  "threshold_method": "max_f1",
  "min_precision": null,
  "n": 27,
  "batch_size": 16
}