{
  "day": "Dy10",
  "day_no": 1000,
  "split": "test",
  "brier": 0.28273361921310425,
  "rmse": 0.5317270159721375,
  "corr": -0.17909251153469086,
  "acc@0.5": 0.5555555555555556,
  "f1@0.5": 0.7,
  "actual_good@0.5": 19,
  "predicted_good@0.5": 21,
  "acc@t*": 0.5185185185185185,
  "f1@t*": 0.6666666666666666,
  "bal_acc@t*": 0.40460526315789475,
  "roc_auc": 0.43421052631578944,
  "pr_auc": 0.7387282123624408,
  "threshold_used": 0.533,
  "threshold_method": "max_f1",
  "min_precision": null,
  "val_brier_for_selection": 0.14619776606559753,
  "val_n": 27,
  "test_n": 27,
  "batch_size_train": 16,
  "batch_size_valtest": 16,
  "backbone_key": "efficientnet"
}