{
  "day": "Dy30",
  "day_no": 30,
  "split": "test",
  "accuracy": 0.8333333333333334,
  "f1": 0.8936170212765957,
  "roc_auc": 0.7407407407407407,
  "pr_auc": 0.8196965747817142,
  "val_accuracy_for_selection": 0.8333333333333334,
  "val_n": 30,
  "test_n": 30,
  "actual_good": 21,
  "predicted_good": 26,
  "batch_size_train": 16,
  "batch_size_valtest": 16,
  "backbone_key": "resnet",
  "input_key": "overlay_path",
  "use_mask": false
}