{
  "day": "Dy30",
  "split": "val",
  "accuracy": 0.8333333333333334,
  "f1": 0.8936170212765957,
  "roc_auc": 0.783068783068783,
  "pr_auc": 0.8405733253919896,
  "n": 30,
  "batch_size": 16,
  "input_key": "overlay_path",
  "use_mask": false
}