{
  "day": "Dy24",
  "day_no": 24,
  "split": "test",
  "accuracy": 0.7241379310344828,
  "f1": 0.8095238095238095,
  "roc_auc": 0.8222222222222223,
  "pr_auc": 0.9217235338191223,
  "val_accuracy_for_selection": 0.8620689655172413,
  "val_n": 29,
  "test_n": 29,
  "actual_good": 20,
  "predicted_good": 22,
  "batch_size_train": 16,
  "batch_size_valtest": 16,
  "backbone_key": "resnet",
  "input_key": "img_path",
  "use_mask": false
}