{
  "day": "Dy24",
  "split": "val",
  "accuracy": 0.8620689655172413,
  "f1": 0.9047619047619048,
  "roc_auc": 0.9222222222222223,
  "pr_auc": 0.9663762933403028,
  "n": 29,
  "batch_size": 16,
  "input_key": "img_path",
  "use_mask": false
}