{
  "n_components": 12,
  "explained_variance_ratio": [
    0.15113544464111328,
    0.08067205548286438,
    0.04728628695011139,
    0.03875039517879486,
    0.03589985519647598,
    0.034508634358644485,
    0.02718372456729412,
    0.024233046919107437,
    0.02021877095103264,
    0.019678013399243355,
    0.01803748495876789,
    0.01700308546423912
  ],
  "total_explained_variance": 0.514606773853302
}