{
  "day": "Dy8",
  "split": "val",
  "brier": 0.14113090932369232,
  "rmse": 0.37567394971847534,
  "acc@0.5": 0.7777777777777778,
  "f1@0.5": 0.8333333333333334,
  "corr": 0.604889452457428,
  "roc_auc": 0.881578947368421,
  "pr_auc": 0.9547958112985813,
  "chosen_threshold": 0.28300000000000003,
  "threshold_method": "max_f1",
  "min_precision": null,
  "n": 27,
  "batch_size": 16
}