{
  "day": "Dy8",
  "day_no": 800,
  "split": "test",
  "brier": 0.18309876322746277,
  "rmse": 0.42790040373802185,
  "corr": 0.38523000478744507,
  "acc@0.5": 0.7407407407407407,
  "f1@0.5": 0.8292682926829268,
  "actual_good@0.5": 19,
  "predicted_good@0.5": 22,
  "acc@t*": 0.7407407407407407,
  "f1@t*": 0.8372093023255814,
  "bal_acc@t*": 0.5986842105263157,
  "roc_auc": 0.7763157894736842,
  "pr_auc": 0.9098823776842351,
  "threshold_used": 0.28300000000000003,
  "threshold_method": "max_f1",
  "min_precision": null,
  "val_brier_for_selection": 0.14113090932369232,
  "val_n": 27,
  "test_n": 27,
  "batch_size_train": 16,
  "batch_size_valtest": 16,
  "backbone_key": "efficientnet"
}