{
  "model_type": "effnet_ts",
  "day": 24,
  "best_val_acc": 0.7222222089767456,
  "optimal_threshold": 0.51,
  "val_at_optimal": {
    "threshold": 0.51,
    "accuracy": 0.5,
    "precision": 0.7777777777777778,
    "recall": 0.5,
    "f1": 0.6086956521739131,
    "TNR": 0.5,
    "TPR": 0.5,
    "sensitivity": 0.5,
    "specificity": 0.5,
    "balanced_acc": 0.5,
    "TN": 2,
    "FP": 2,
    "FN": 7,
    "TP": 7,
    "confusion_matrix": [
      [
        2,
        2
      ],
      [
        7,
        7
      ]
    ]
  },
  "test_at_optimal": {
    "threshold": 0.51,
    "accuracy": 0.5909090909090909,
    "precision": 0.8695652173913043,
    "recall": 0.5714285714285714,
    "f1": 0.6896551724137931,
    "TNR": 0.6666666666666666,
    "TPR": 0.5714285714285714,
    "sensitivity": 0.5714285714285714,
    "specificity": 0.6666666666666666,
    "balanced_acc": 0.6190476190476191,
    "TN": 6,
    "FP": 3,
    "FN": 15,
    "TP": 20,
    "confusion_matrix": [
      [
        6,
        3
      ],
      [
        15,
        20
      ]
    ]
  },
  "val_at_0.5": {
    "threshold": 0.5,
    "accuracy": 0.7222222222222222,
    "precision": 0.8,
    "recall": 0.8571428571428571,
    "f1": 0.8275862068965517,
    "TNR": 0.25,
    "TPR": 0.8571428571428571,
    "sensitivity": 0.8571428571428571,
    "specificity": 0.25,
    "balanced_acc": 0.5535714285714286,
    "TN": 1,
    "FP": 3,
    "FN": 2,
    "TP": 12,
    "confusion_matrix": [
      [
        1,
        3
      ],
      [
        2,
        12
      ]
    ]
  },
  "test_at_0.5": {
    "threshold": 0.5,
    "accuracy": 0.75,
    "precision": 0.8157894736842105,
    "recall": 0.8857142857142857,
    "f1": 0.8493150684931506,
    "TNR": 0.2222222222222222,
    "TPR": 0.8857142857142857,
    "sensitivity": 0.8857142857142857,
    "specificity": 0.2222222222222222,
    "balanced_acc": 0.553968253968254,
    "TN": 2,
    "FP": 7,
    "FN": 4,
    "TP": 31,
    "confusion_matrix": [
      [
        2,
        7
      ],
      [
        4,
        31
      ]
    ]
  },
  "threshold_results": [
    {
      "threshold": "fixed",
      "threshold_value": 0.5,
      "val": {
        "threshold": 0.5,
        "accuracy": 0.7222222222222222,
        "precision": 0.8,
        "recall": 0.8571428571428571,
        "f1": 0.8275862068965517,
        "TNR": 0.25,
        "TPR": 0.8571428571428571,
        "sensitivity": 0.8571428571428571,
        "specificity": 0.25,
        "balanced_acc": 0.5535714285714286,
        "TN": 1,
        "FP": 3,
        "FN": 2,
        "TP": 12,
        "confusion_matrix": [
          [
            1,
            3
          ],
          [
            2,
            12
          ]
        ]
      },
      "test": {
        "threshold": 0.5,
        "accuracy": 0.75,
        "precision": 0.8157894736842105,
        "recall": 0.8857142857142857,
        "f1": 0.8493150684931506,
        "TNR": 0.2222222222222222,
        "TPR": 0.8857142857142857,
        "sensitivity": 0.8857142857142857,
        "specificity": 0.2222222222222222,
        "balanced_acc": 0.553968253968254,
        "TN": 2,
        "FP": 7,
        "FN": 4,
        "TP": 31,
        "confusion_matrix": [
          [
            2,
            7
          ],
          [
            4,
            31
          ]
        ]
      }
    },
    {
      "threshold": "fixed",
      "threshold_value": 0.6,
      "val": {
        "threshold": 0.6,
        "accuracy": 0.2222222222222222,
        "precision": 0.0,
        "recall": 0.0,
        "f1": 0.0,
        "TNR": 1.0,
        "TPR": 0.0,
        "sensitivity": 0.0,
        "specificity": 1.0,
        "balanced_acc": 0.5,
        "TN": 4,
        "FP": 0,
        "FN": 14,
        "TP": 0,
        "confusion_matrix": [
          [
            4,
            0
          ],
          [
            14,
            0
          ]
        ]
      },
      "test": {
        "threshold": 0.6,
        "accuracy": 0.20454545454545456,
        "precision": 0.0,
        "recall": 0.0,
        "f1": 0.0,
        "TNR": 1.0,
        "TPR": 0.0,
        "sensitivity": 0.0,
        "specificity": 1.0,
        "balanced_acc": 0.5,
        "TN": 9,
        "FP": 0,
        "FN": 35,
        "TP": 0,
        "confusion_matrix": [
          [
            9,
            0
          ],
          [
            35,
            0
          ]
        ]
      }
    },
    {
      "threshold": "fixed",
      "threshold_value": 0.7,
      "val": {
        "threshold": 0.7,
        "accuracy": 0.2222222222222222,
        "precision": 0.0,
        "recall": 0.0,
        "f1": 0.0,
        "TNR": 1.0,
        "TPR": 0.0,
        "sensitivity": 0.0,
        "specificity": 1.0,
        "balanced_acc": 0.5,
        "TN": 4,
        "FP": 0,
        "FN": 14,
        "TP": 0,
        "confusion_matrix": [
          [
            4,
            0
          ],
          [
            14,
            0
          ]
        ]
      },
      "test": {
        "threshold": 0.7,
        "accuracy": 0.20454545454545456,
        "precision": 0.0,
        "recall": 0.0,
        "f1": 0.0,
        "TNR": 1.0,
        "TPR": 0.0,
        "sensitivity": 0.0,
        "specificity": 1.0,
        "balanced_acc": 0.5,
        "TN": 9,
        "FP": 0,
        "FN": 35,
        "TP": 0,
        "confusion_matrix": [
          [
            9,
            0
          ],
          [
            35,
            0
          ]
        ]
      }
    },
    {
      "threshold": "fixed",
      "threshold_value": 0.8,
      "val": {
        "threshold": 0.8,
        "accuracy": 0.2222222222222222,
        "precision": 0.0,
        "recall": 0.0,
        "f1": 0.0,
        "TNR": 1.0,
        "TPR": 0.0,
        "sensitivity": 0.0,
        "specificity": 1.0,
        "balanced_acc": 0.5,
        "TN": 4,
        "FP": 0,
        "FN": 14,
        "TP": 0,
        "confusion_matrix": [
          [
            4,
            0
          ],
          [
            14,
            0
          ]
        ]
      },
      "test": {
        "threshold": 0.8,
        "accuracy": 0.20454545454545456,
        "precision": 0.0,
        "recall": 0.0,
        "f1": 0.0,
        "TNR": 1.0,
        "TPR": 0.0,
        "sensitivity": 0.0,
        "specificity": 1.0,
        "balanced_acc": 0.5,
        "TN": 9,
        "FP": 0,
        "FN": 35,
        "TP": 0,
        "confusion_matrix": [
          [
            9,
            0
          ],
          [
            35,
            0
          ]
        ]
      }
    },
    {
      "threshold": "fixed",
      "threshold_value": 0.9,
      "val": {
        "threshold": 0.9,
        "accuracy": 0.2222222222222222,
        "precision": 0.0,
        "recall": 0.0,
        "f1": 0.0,
        "TNR": 1.0,
        "TPR": 0.0,
        "sensitivity": 0.0,
        "specificity": 1.0,
        "balanced_acc": 0.5,
        "TN": 4,
        "FP": 0,
        "FN": 14,
        "TP": 0,
        "confusion_matrix": [
          [
            4,
            0
          ],
          [
            14,
            0
          ]
        ]
      },
      "test": {
        "threshold": 0.9,
        "accuracy": 0.20454545454545456,
        "precision": 0.0,
        "recall": 0.0,
        "f1": 0.0,
        "TNR": 1.0,
        "TPR": 0.0,
        "sensitivity": 0.0,
        "specificity": 1.0,
        "balanced_acc": 0.5,
        "TN": 9,
        "FP": 0,
        "FN": 35,
        "TP": 0,
        "confusion_matrix": [
          [
            9,
            0
          ],
          [
            35,
            0
          ]
        ]
      }
    },
    {
      "threshold": "optimal",
      "threshold_value": 0.51,
      "val": {
        "threshold": 0.51,
        "accuracy": 0.5,
        "precision": 0.7777777777777778,
        "recall": 0.5,
        "f1": 0.6086956521739131,
        "TNR": 0.5,
        "TPR": 0.5,
        "sensitivity": 0.5,
        "specificity": 0.5,
        "balanced_acc": 0.5,
        "TN": 2,