{
  "model_type": "effnet_ts",
  "day": 6.0,
  "best_val_acc": 0.9411764740943909,
  "optimal_threshold": 0.32,
  "val_at_optimal": {
    "threshold": 0.32,
    "accuracy": 0.9411764705882353,
    "precision": 0.9333333333333333,
    "recall": 1.0,
    "f1": 0.9655172413793104,
    "TNR": 0.6666666666666666,
    "TPR": 1.0,
    "balanced_acc": 0.8333333333333333,
    "TN": 2,
    "FP": 1,
    "FN": 0,
    "TP": 14,
    "confusion_matrix": [
      [
        2,
        1
      ],
      [
        0,
        14
      ]
    ]
  },
  "test_at_optimal": {
    "threshold": 0.32,
    "accuracy": 0.8648648648648649,
    "precision": 0.8823529411764706,
    "recall": 0.967741935483871,
    "f1": 0.9230769230769231,
    "TNR": 0.3333333333333333,
    "TPR": 0.967741935483871,
    "balanced_acc": 0.6505376344086021,
    "TN": 2,
    "FP": 4,
    "FN": 1,
    "TP": 30,
    "confusion_matrix": [
      [
        2,
        4
      ],
      [
        1,
        30
      ]
    ]
  },
  "val_at_0.5": {
    "threshold": 0.5,
    "accuracy": 0.9411764705882353,
    "precision": 0.9333333333333333,
    "recall": 1.0,
    "f1": 0.9655172413793104,
    "TNR": 0.6666666666666666,
    "TPR": 1.0,
    "balanced_acc": 0.8333333333333333,
    "TN": 2,
    "FP": 1,
    "FN": 0,
    "TP": 14,
    "confusion_matrix": [
      [
        2,
        1
      ],
      [
        0,
        14
      ]
    ]
  },
  "test_at_0.5": {
    "threshold": 0.5,
    "accuracy": 0.8648648648648649,
    "precision": 0.8823529411764706,
    "recall": 0.967741935483871,
    "f1": 0.9230769230769231,
    "TNR": 0.3333333333333333,
    "TPR": 0.967741935483871,
    "balanced_acc": 0.6505376344086021,
    "TN": 2,
    "FP": 4,
    "FN": 1,
    "TP": 30,
    "confusion_matrix": [
      [
        2,
        4
      ],
      [
        1,
        30
      ]
    ]
  },
  "train_history": [
    {
      "epoch": 1,
      "train_loss": 1.387397719940669,
      "train_acc": 0.5140845070422535,
      "val_loss": 1.5345747470855713,
      "val_acc": 0.1764705926179886,
      "val_precision": 0.0,
      "val_recall": 0.0,
      "val_f1": 0.0
    },
    {
      "epoch": 2,
      "train_loss": 0.43550902772957173,
      "train_acc": 0.15492957746478872,
      "val_loss": 1.669525682926178,
      "val_acc": 0.1764705926179886,
      "val_precision": 0.0,
      "val_recall": 0.0,
      "val_f1": 0.0
    },
    {
      "epoch": 3,
      "train_loss": 0.4714797038427541,
      "train_acc": 0.1619718309859155,
      "val_loss": 1.3743587136268616,
      "val_acc": 0.1764705926179886,
      "val_precision": 0.0,
      "val_recall": 0.0,
      "val_f1": 0.0
    },
    {
      "epoch": 4,
      "train_loss": 0.44981067407299097,
      "train_acc": 0.15492957746478872,
      "val_loss": 1.2968050837516785,
      "val_acc": 0.1764705926179886,
      "val_precision": 0.0,
      "val_recall": 0.0,
      "val_f1": 0.0
    },
    {
      "epoch": 5,
      "train_loss": 0.485205138233346,
      "train_acc": 0.16901408450704225,
      "val_loss": 1.5611265301704407,
      "val_acc": 0.1764705926179886,
      "val_precision": 0.0,
      "val_recall": 0.0,
      "val_f1": 0.0
    },
    {
      "epoch": 6,
      "train_loss": 0.4458042622452051,
      "train_acc": 0.16901408450704225,
      "val_loss": 1.6379402875900269,
      "val_acc": 0.1764705926179886,
      "val_precision": 0.0,
      "val_recall": 0.0,
      "val_f1": 0.0
    },
    {
      "epoch": 7,
      "train_loss": 0.48184682701674986,
      "train_acc": 0.16901408450704225,
      "val_loss": 1.5029017925262451,
      "val_acc": 0.1764705926179886,
      "val_precision": 0.0,
      "val_recall": 0.0,
      "val_f1": 0.0
    },
    {
      "epoch": 8,
      "train_loss": 0.4536704530178661,
      "train_acc": 0.15492957746478872,
      "val_loss": 1.5271560549736023,
      "val_acc": 0.1764705926179886,
      "val_precision": 0.0,
      "val_recall": 0.0,
      "val_f1": 0.0
    },
    {
      "epoch": 9,
      "train_loss": 0.41243019784000556,
      "train_acc": 0.15492957746478872,
      "val_loss": 1.2972692251205444,
      "val_acc": 0.1764705926179886,
      "val_precision": 0.0,
      "val_recall": 0.0,
      "val_f1": 0.0
    },
    {
      "epoch": 10,
      "train_loss": 0.4213494755012888,
      "train_acc": 0.20422535211267606,
      "val_loss": 1.0209614038467407,
      "val_acc": 0.1764705926179886,
      "val_precision": 0.0,
      "val_recall": 0.0,
      "val_f1": 0.0
    },
    {
      "epoch": 11,
      "train_loss": 0.35814075570710946,
      "train_acc": 0.20422535211267606,
      "val_loss": 1.0150081515312195,
      "val_acc": 0.1764705926179886,
      "val_precision": 0.0,
      "val_recall": 0.0,
      "val_f1": 0.0
    },
    {
      "epoch": 12,
      "train_loss": 0.36081389054446156,
      "train_acc": 0.44366197183098594,
      "val_loss": 0.722388505935669,
      "val_acc": 0.47058823704719543,
      "val_precision": 0.8571428571428571,
      "val_recall": 0.42857142857142855,
      "val_f1": 0.5714285714285714
    },
    {
      "epoch": 13,
      "train_loss": 0.2664710759696826,
      "train_acc": 0.4647887323943662,
      "val_loss": 0.6732877492904663,
      "val_acc": 0.47058823704719543,
      "val_precision": 0.8571428571428571,
      "val_recall": 0.42857142857142855,
      "val_f1": 0.5714285714285714
    },
    {
      "epoch": 14,
      "train_loss": 0.2823924711892303,
      "train_acc": 0.7323943661971831,
      "val_loss": 0.38815972208976746,
      "val_acc": 0.8235294222831726,
      "val_precision": 0.9230769230769231,
      "val_recall": 0.8571428571428571,
      "val_f1": 0.8888888888888888
    },
    {
      "epoch": 15,
      "train_loss": 0.20642876740492566,
      "train_acc": 0.7394366197183099,
      "val_loss": 0.34288889169692993,
      "val_acc": 0.8823529481887817,
      "val_precision": 0.9285714285714286,
      "val_recall": 0.9285714285714286,
      "val_f1": 0.9285714285714286
    },
    {
      "epoch": 16,
      "train_loss": 0.22343278686765214,
      "train_acc": 0.8943661971830986,
      "val_loss": 0.2348499782383442,
      "val_acc": 0.9411764740943909,
      "val_precision": 0.9333333333333333,
      "val_recall": 1.0,
      "val_f1": 0.9655172413793104
    },
    {
      "epoch": 17,
      "train_loss": 0.21173583789610526,
      "train_acc": 0.9366197183098591,
      "val_loss": 0.1994524449110031,
      "val_acc": 0.9411764740943909,
      "val_precision": 0.9333333333333333,
      "val_recall": 1.0,
      "val_f1": 0.9655172413793104
    },
    {
      "epoch": 18,
      "train_loss": 0.3086244459985427,
      "train_acc": 0.9647887323943662,
      "val_loss": 0.1909947507083416,
      "val_acc": 0.8823529481887817,
      "val_precision": 0.875,
      "val_recall": 1.0,
      "val_f1": 0.9333333333333333
    },
    {
      "epoch": 19,
      "train_loss": 0.5086637670305413,
      "train_acc": 0.9436619718309859,
      "val_loss": 0.2017596960067749,
      "val_acc": 0.9411764740943909,
      "val_precision": 0.9333333333333333,
      "val_recall": 1.0,
      "val_f1": 0.9655172413793104
    },
    {
      "epoch": 20,
      "train_loss": 0.1916029393725412,
      "train_acc": 0.9295774647887324,
      "val_loss": 0.24745994992554188,
      "val_acc": 0.8235294222831726,
      "val_precision": 0.9230769230769231,
      "val_recall": 0.8571428571428571,
      "val_f1": 0.8888888888888888
    },
    {
      "epoch": 21,
      "train_loss": 0.135201516731734,
      "train_acc": 0.9507042253521126,
      "val_loss": 0.19276011921465397,
      "val_acc": 0.8823529481887817,
      "val_precision": 0.875,
      "val_recall": 1.0,
      "val_f1": 0.9333333333333333
    },
    {
      "epoch": 22,
      "train_loss": 0.18192528686682943,
      "train_acc": 0.9859154929577465,
      "val_loss": 0.22565369214862585,
      "val_acc": 0.8823529481887817,
      "val_precision": 0.875,
      "val_recall": 1.0,
      "val_f1": 0.9333333333333333
    },
    {
      "epoch": 23,