{
  "day": "Dy28",
  "day_no": 28,
  "split": "test",
  "accuracy": 0.7666666666666667,
  "f1": 0.8571428571428571,
  "roc_auc": 0.7936507936507937,
  "pr_auc": 0.8863381065408835,
  "val_accuracy_for_selection": 0.8666666666666667,
  "val_n": 30,
  "test_n": 30,
  "actual_good": 21,
  "predicted_good": 28,
  "batch_size_train": 16,
  "batch_size_valtest": 16,
  "backbone_key": "resnet",
  "input_key": "img_path",
  "use_mask": false
}