{
  "day": "Dy3",
  "split": "val",
  "accuracy": 0.7241379310344828,
  "f1": 0.8333333333333334,
  "roc_auc": 0.6277777777777778,
  "pr_auc": 0.8149153732977263,
  "n": 29,
  "batch_size": 16,
  "input_key": "overlay_path",
  "use_mask": false
}