{
  "day": "Dy3",
  "day_no": 3,
  "split": "test",
  "accuracy": 0.8275862068965517,
  "f1": 0.8936170212765957,
  "roc_auc": 0.7678571428571428,
  "pr_auc": 0.8934158047121243,
  "val_accuracy_for_selection": 0.7241379310344828,
  "val_n": 29,
  "test_n": 29,
  "actual_good": 21,
  "predicted_good": 26,
  "batch_size_train": 16,
  "batch_size_valtest": 16,
  "backbone_key": "vit",
  "input_key": "overlay_path",
  "use_mask": false
}