{
  "per_day_test_accuracy": {
    "Dy3": 0.7037037037037037,
    "Dy6": 0.6666666666666666,
    "Dy8": 0.6666666666666666,
    "Dy10": 0.5925925925925926,
    "Dy13": 0.6666666666666666,
    "Dy15": 0.8148148148148148,
    "Dy17": 0.7407407407407407,
    "Dy20_5": 0.7777777777777778,
    "Dy24": 0.7777777777777778,
    "Dy28": 0.8888888888888888,
    "Dy30": 0.7777777777777778
  },
  "overall_best": {
    "day": "Dy28",
    "day_no": 28,
    "backbone_key": "vit",
    "test_accuracy": 0.8888888888888888,
    "test_f1": 0.9230769230769231,
    "selection_val_accuracy": 0.9629629629629629
  },
  "batch_size_train": 16,
  "batch_size_valtest": 16,
  "split_fractions": {
    "train": 0.8,
    "val": 0.1,
    "test": 0.1
  }
}