{
  "day": "Dy13",
  "split": "val",
  "accuracy": 0.7241379310344828,
  "f1": 0.8095238095238095,
  "n": 29,
  "batch_size": 16
}