{
  "day": "Dy8",
  "day_no": 8,
  "split": "test",
  "accuracy": 0.7241379310344828,
  "f1": 0.8260869565217391,
  "roc_auc": 0.7142857142857143,
  "pr_auc": 0.8967110553010087,
  "val_accuracy_for_selection": 0.6896551724137931,
  "val_n": 29,
  "test_n": 29,
  "actual_good": 21,
  "predicted_good": 25,
  "batch_size_train": 16,
  "batch_size_valtest": 16,
  "backbone_key": "vit",
  "input_key": "overlay_path",
  "use_mask": false
}