{
  "day": "Dy8",
  "split": "val",
  "accuracy": 0.6896551724137931,
  "f1": 0.8085106382978723,
  "roc_auc": 0.6444444444444445,
  "pr_auc": 0.8213351117481553,
  "n": 29,
  "batch_size": 16,
  "input_key": "overlay_path",
  "use_mask": false
}