{
  "day": "Dy6",
  "day_no": 6,
  "split": "test",
  "accuracy": 0.7777777777777778,
  "f1": 0.85,
  "roc_auc": 0.7763157894736841,
  "pr_auc": 0.8837860325089426,
  "val_accuracy_for_selection": 0.8518518518518519,
  "val_n": 27,
  "test_n": 27,
  "actual_good": 19,
  "predicted_good": 21,
  "batch_size_train": 16,
  "batch_size_valtest": 16,
  "backbone_key": "efficientnet"
}