{
  "day": "Dy6",
  "split": "val",
  "accuracy": 0.8518518518518519,
  "f1": 0.9,
  "roc_auc": 0.9,
  "pr_auc": 0.9657937269110544,
  "n": 27,
  "batch_size": 16
}