{
  "day": "Dy30",
  "day_no": 30,
  "split": "test",
  "accuracy": 0.8666666666666667,
  "f1": 0.9090909090909091,
  "roc_auc": 0.9365079365079365,
  "pr_auc": 0.9737423645694325,
  "val_accuracy_for_selection": 0.8666666666666667,
  "val_n": 30,
  "test_n": 30,
  "actual_good": 21,
  "predicted_good": 23,
  "batch_size_train": 16,
  "batch_size_valtest": 16,
  "backbone_key": "resnet",
  "input_key": "img_path",
  "use_mask": false
}