{
  "day": "Dy13",
  "split": "val",
  "accuracy": 0.6551724137931034,
  "f1": 0.7727272727272727,
  "roc_auc": 0.5222222222222223,
  "pr_auc": 0.682464562267455,
  "n": 29,
  "batch_size": 16,
  "input_key": "img_path",
  "use_mask": false
}