{
  "model_type": "per_day",
  "day": 17,
  "best_val_acc": 0.8333333134651184,
  "optimal_threshold": 0.51,
  "val_at_optimal": {
    "threshold": 0.51,
    "accuracy": 0.8888888888888888,
    "precision": 1.0,
    "recall": 0.8571428571428571,
    "f1": 0.9230769230769231,
    "TNR": 1.0,
    "TPR": 0.8571428571428571,
    "sensitivity": 0.8571428571428571,
    "specificity": 1.0,
    "balanced_acc": 0.9285714285714286,
    "TN": 4,
    "FP": 0,
    "FN": 2,
    "TP": 12,
    "confusion_matrix": [
      [
        4,
        0
      ],
      [
        2,
        12
      ]
    ]
  },
  "test_at_optimal": {
    "threshold": 0.51,
    "accuracy": 0.6818181818181818,
    "precision": 0.8387096774193549,
    "recall": 0.7428571428571429,
    "f1": 0.7878787878787878,
    "TNR": 0.4444444444444444,
    "TPR": 0.7428571428571429,
    "sensitivity": 0.7428571428571429,
    "specificity": 0.4444444444444444,
    "balanced_acc": 0.5936507936507937,
    "TN": 4,
    "FP": 5,
    "FN": 9,
    "TP": 26,
    "confusion_matrix": [
      [
        4,
        5
      ],
      [
        9,
        26
      ]
    ]
  },
  "val_at_0.5": {
    "threshold": 0.5,
    "accuracy": 0.7777777777777778,
    "precision": 0.8125,
    "recall": 0.9285714285714286,
    "f1": 0.8666666666666667,
    "TNR": 0.25,
    "TPR": 0.9285714285714286,
    "sensitivity": 0.9285714285714286,
    "specificity": 0.25,
    "balanced_acc": 0.5892857142857143,
    "TN": 1,
    "FP": 3,
    "FN": 1,
    "TP": 13,
    "confusion_matrix": [
      [
        1,
        3
      ],
      [
        1,
        13
      ]
    ]
  },
  "test_at_0.5": {
    "threshold": 0.5,
    "accuracy": 0.7045454545454546,
    "precision": 0.8235294117647058,
    "recall": 0.8,
    "f1": 0.8115942028985508,
    "TNR": 0.3333333333333333,
    "TPR": 0.8,
    "sensitivity": 0.8,
    "specificity": 0.3333333333333333,
    "balanced_acc": 0.5666666666666667,
    "TN": 3,
    "FP": 6,
    "FN": 7,
    "TP": 28,
    "confusion_matrix": [
      [
        3,
        6
      ],
      [
        7,
        28
      ]
    ]
  },
  "threshold_results": [
    {
      "threshold": "fixed",
      "threshold_value": 0.5,
      "val": {
        "threshold": 0.5,
        "accuracy": 0.7777777777777778,
        "precision": 0.8125,
        "recall": 0.9285714285714286,
        "f1": 0.8666666666666667,
        "TNR": 0.25,
        "TPR": 0.9285714285714286,
        "sensitivity": 0.9285714285714286,
        "specificity": 0.25,
        "balanced_acc": 0.5892857142857143,
        "TN": 1,
        "FP": 3,
        "FN": 1,
        "TP": 13,
        "confusion_matrix": [
          [
            1,
            3
          ],
          [
            1,
            13
          ]
        ]
      },
      "test": {
        "threshold": 0.5,
        "accuracy": 0.7045454545454546,
        "precision": 0.8235294117647058,
        "recall": 0.8,
        "f1": 0.8115942028985508,
        "TNR": 0.3333333333333333,
        "TPR": 0.8,
        "sensitivity": 0.8,
        "specificity": 0.3333333333333333,
        "balanced_acc": 0.5666666666666667,
        "TN": 3,
        "FP": 6,
        "FN": 7,
        "TP": 28,
        "confusion_matrix": [
          [
            3,
            6
          ],
          [
            7,
            28
          ]
        ]
      }
    },
    {
      "threshold": "fixed",
      "threshold_value": 0.6,
      "val": {
        "threshold": 0.6,
        "accuracy": 0.7777777777777778,
        "precision": 1.0,
        "recall": 0.7142857142857143,
        "f1": 0.8333333333333334,
        "TNR": 1.0,
        "TPR": 0.7142857142857143,
        "sensitivity": 0.7142857142857143,
        "specificity": 1.0,
        "balanced_acc": 0.8571428571428572,
        "TN": 4,
        "FP": 0,
        "FN": 4,
        "TP": 10,
        "confusion_matrix": [
          [
            4,
            0
          ],
          [
            4,
            10
          ]
        ]
      },
      "test": {
        "threshold": 0.6,
        "accuracy": 0.5681818181818182,
        "precision": 0.8636363636363636,
        "recall": 0.5428571428571428,
        "f1": 0.6666666666666666,
        "TNR": 0.6666666666666666,
        "TPR": 0.5428571428571428,
        "sensitivity": 0.5428571428571428,
        "specificity": 0.6666666666666666,
        "balanced_acc": 0.6047619047619047,
        "TN": 6,
        "FP": 3,
        "FN": 16,
        "TP": 19,
        "confusion_matrix": [
          [
            6,
            3
          ],
          [
            16,
            19
          ]
        ]
      }
    },
    {
      "threshold": "fixed",
      "threshold_value": 0.7,
      "val": {
        "threshold": 0.7,
        "accuracy": 0.3888888888888889,
        "precision": 1.0,
        "recall": 0.21428571428571427,
        "f1": 0.35294117647058826,
        "TNR": 1.0,
        "TPR": 0.21428571428571427,
        "sensitivity": 0.21428571428571427,
        "specificity": 1.0,
        "balanced_acc": 0.6071428571428571,
        "TN": 4,
        "FP": 0,
        "FN": 11,
        "TP": 3,
        "confusion_matrix": [
          [
            4,
            0
          ],
          [
            11,
            3
          ]
        ]
      },
      "test": {
        "threshold": 0.7,
        "accuracy": 0.4090909090909091,
        "precision": 1.0,
        "recall": 0.2571428571428571,
        "f1": 0.4090909090909091,
        "TNR": 1.0,
        "TPR": 0.2571428571428571,
        "sensitivity": 0.2571428571428571,
        "specificity": 1.0,
        "balanced_acc": 0.6285714285714286,
        "TN": 9,
        "FP": 0,
        "FN": 26,
        "TP": 9,
        "confusion_matrix": [
          [
            9,
            0
          ],
          [
            26,
            9
          ]
        ]
      }
    },
    {
      "threshold": "fixed",
      "threshold_value": 0.8,
      "val": {
        "threshold": 0.8,
        "accuracy": 0.2222222222222222,
        "precision": 0.0,
        "recall": 0.0,
        "f1": 0.0,
        "TNR": 1.0,
        "TPR": 0.0,
        "sensitivity": 0.0,
        "specificity": 1.0,
        "balanced_acc": 0.5,
        "TN": 4,
        "FP": 0,
        "FN": 14,
        "TP": 0,
        "confusion_matrix": [
          [
            4,
            0
          ],
          [
            14,
            0
          ]
        ]
      },
      "test": {
        "threshold": 0.8,
        "accuracy": 0.22727272727272727,
        "precision": 1.0,
        "recall": 0.02857142857142857,
        "f1": 0.05555555555555555,
        "TNR": 1.0,
        "TPR": 0.02857142857142857,
        "sensitivity": 0.02857142857142857,
        "specificity": 1.0,
        "balanced_acc": 0.5142857142857142,
        "TN": 9,
        "FP": 0,
        "FN": 34,
        "TP": 1,
        "confusion_matrix": [
          [
            9,
            0
          ],
          [
            34,
            1
          ]
        ]
      }
    },
    {
      "threshold": "fixed",
      "threshold_value": 0.9,
      "val": {
        "threshold": 0.9,
        "accuracy": 0.2222222222222222,
        "precision": 0.0,
        "recall": 0.0,
        "f1": 0.0,
        "TNR": 1.0,
        "TPR": 0.0,
        "sensitivity": 0.0,
        "specificity": 1.0,
        "balanced_acc": 0.5,
        "TN": 4,
        "FP": 0,
        "FN": 14,
        "TP": 0,
        "confusion_matrix": [
          [
            4,
            0
          ],
          [
            14,
            0
          ]
        ]
      },
      "test": {
        "threshold": 0.9,
        "accuracy": 0.20454545454545456,
        "precision": 0.0,
        "recall": 0.0,
        "f1": 0.0,
        "TNR": 1.0,
        "TPR": 0.0,
        "sensitivity": 0.0,
        "specificity": 1.0,
        "balanced_acc": 0.5,
        "TN": 9,
        "FP": 0,
        "FN": 35,
        "TP": 0,