{
  "day": "Dy30",
  "day_no": 3000,
  "split": "test",
  "brier": 0.1831367164850235,
  "rmse": 0.42794474959373474,
  "corr": 0.5368956327438354,
  "acc@0.5": 0.8148148148148148,
  "f1@0.5": 0.8837209302325582,
  "actual_good@0.5": 19,
  "predicted_good@0.5": 24,
  "acc@t*": 0.8148148148148148,
  "f1@t*": 0.8837209302325582,
  "bal_acc@t*": 0.6875,
  "roc_auc": 0.9671052631578947,
  "pr_auc": 0.9890350877192982,
  "threshold_used": 0.177,
  "threshold_method": "max_f1",
  "min_precision": null,
  "val_brier_for_selection": 0.005210113245993853,
  "val_n": 27,
  "test_n": 27,
  "batch_size_train": 16,
  "batch_size_valtest": 16,
  "backbone_key": "resnet"
}