{
  "day": "Dy30",
  "split": "val",
  "brier": 0.005210113245993853,
  "rmse": 0.07218111306428909,
  "acc@0.5": 1.0,
  "f1@0.5": 1.0,
  "corr": 0.9885653257369995,
  "roc_auc": 1.0,
  "pr_auc": 0.9999999999999999,
  "chosen_threshold": 0.177,
  "threshold_method": "max_f1",
  "min_precision": null,
  "n": 27,
  "batch_size": 16
}