{
  "day": "Dy6",
  "split": "val",
  "accuracy": 0.8275862068965517,
  "f1": 0.8837209302325582,
  "roc_auc": 0.8555555555555555,
  "pr_auc": 0.9350360877798959,
  "n": 29,
  "batch_size": 16,
  "input_key": "img_path",
  "use_mask": true
}