{
  "day": "Dy6",
  "day_no": 6,
  "split": "test",
  "accuracy": 0.8620689655172413,
  "f1": 0.9047619047619048,
  "roc_auc": 0.8571428571428571,
  "pr_auc": 0.9195128750801023,
  "val_accuracy_for_selection": 0.8275862068965517,
  "val_n": 29,
  "test_n": 29,
  "actual_good": 21,
  "predicted_good": 21,
  "batch_size_train": 16,
  "batch_size_valtest": 16,
  "backbone_key": "cnn",
  "input_key": "img_path",
  "use_mask": true
}