{
  "day": "Dy30",
  "split": "val",
  "accuracy": 0.9333333333333333,
  "f1": 0.9545454545454546,
  "roc_auc": 0.8148148148148149,
  "pr_auc": 0.8511559105087363,
  "n": 30,
  "batch_size": 16,
  "input_key": "overlay_path",
  "use_mask": false
}