{
  "day": "Dy6",
  "day_no": 600,
  "split": "test",
  "brier": 0.15728069841861725,
  "rmse": 0.3965862989425659,
  "corr": 0.5099440813064575,
  "acc@0.5": 0.7037037037037037,
  "f1@0.5": 0.8095238095238095,
  "actual_good@0.5": 19,
  "predicted_good@0.5": 23,
  "acc@t*": 0.7407407407407407,
  "f1@t*": 0.8292682926829268,
  "bal_acc@t*": 0.6348684210526316,
  "roc_auc": 0.7697368421052632,
  "pr_auc": 0.8495971972915104,
  "threshold_used": 0.534,
  "threshold_method": "max_f1",
  "min_precision": null,
  "val_brier_for_selection": 0.09015972167253494,
  "val_n": 27,
  "test_n": 27,
  "batch_size_train": 16,
  "batch_size_valtest": 16,
  "backbone_key": "vit"
}