{
  "day": "Dy6",
  "split": "val",
  "brier": 0.09015972167253494,
  "rmse": 0.3002660870552063,
  "acc@0.5": 0.8888888888888888,
  "f1@0.5": 0.9302325581395349,
  "corr": 0.768216073513031,
  "roc_auc": 0.9214285714285715,
  "pr_auc": 0.9665614298412286,
  "chosen_threshold": 0.534,
  "threshold_method": "max_f1",
  "min_precision": null,
  "n": 27,
  "batch_size": 16
}