{
  "n_components": 12,
  "explained_variance_ratio": [
    0.09019020944833755,
    0.07873541861772537,
    0.05646006762981415,
    0.044104740023612976,
    0.04303572326898575,
    0.032163772732019424,
    0.029156384989619255,
    0.02622789517045021,
    0.02046140283346176,
    0.019252989441156387,
    0.017445338889956474,
    0.016788408160209656
  ],
  "total_explained_variance": 0.4740223288536072
}