{
  "day": "Dy20_5",
  "split": "val",
  "accuracy": 0.6551724137931034,
  "f1": 0.7222222222222222,
  "n": 29,
  "batch_size": 16
}