{
  "day": "Dy13",
  "day_no": 1300,
  "split": "test",
  "brier": 0.3058212995529175,
  "rmse": 0.5530111193656921,
  "corr": 0.0906049907207489,
  "acc@0.5": 0.6296296296296297,
  "f1@0.5": 0.7368421052631579,
  "actual_good@0.5": 19,
  "predicted_good@0.5": 19,
  "acc@t*": 0.6666666666666666,
  "f1@t*": 0.7804878048780488,
  "bal_acc@t*": 0.5460526315789473,
  "roc_auc": 0.5197368421052632,
  "pr_auc": 0.7188751383740792,
  "threshold_used": 0.248,
  "threshold_method": "max_f1",
  "min_precision": null,
  "val_brier_for_selection": 0.08319463580846786,
  "val_n": 27,
  "test_n": 27,
  "batch_size_train": 16,
  "batch_size_valtest": 16,
  "backbone_key": "efficientnet"
}