{
  "day": "Dy13",
  "split": "val",
  "brier": 0.08319463580846786,
  "rmse": 0.28843480348587036,
  "acc@0.5": 0.8518518518518519,
  "f1@0.5": 0.8947368421052632,
  "corr": 0.7720897793769836,
  "roc_auc": 0.95,
  "pr_auc": 0.9837573099415207,
  "chosen_threshold": 0.248,
  "threshold_method": "max_f1",
  "min_precision": null,
  "n": 27,
  "batch_size": 16
}