{
  "day": "Dy15",
  "day_no": 15,
  "n_metabolite_features": 12,
  "n_image_features": 12,
  "n_total_features": 24,
  "test_accuracy": 0.8108108108108109,
  "test_f1_acceptable": 0.8888888888888888,
  "test_f1_notacceptable": 0.36363636363636365,
  "test_recall_acceptable": 0.9032258064516129,
  "test_recall_notacceptable": 0.3333333333333333,
  "test_precision_acceptable": 0.875,
  "test_precision_notacceptable": 0.4,
  "test_specificity": 0.3333333333333333,
  "test_pr_auc": 0.9551954082604797,
  "best_params": {
    "colsample_bytree": 0.8,
    "learning_rate": 0.05,
    "max_depth": 3,
    "min_child_samples": 10,
    "n_estimators": 200,
    "num_leaves": 31,
    "subsample": 0.8
  },
  "cv_score": 0.3682711051132104,
  "pca_explained_variance": 0.4740139842033386,
  "confusion_matrix": {
    "TP": 28,
    "FP": 4,
    "TN": 2,
    "FN": 3
  }
}