{
  "n_components": 12,
  "explained_variance_ratio": [
    0.09018286317586899,
    0.07872509956359863,
    0.0564701072871685,
    0.04410189017653465,
    0.043027348816394806,
    0.0321730375289917,
    0.02915601059794426,
    0.026223929598927498,
    0.02045869454741478,
    0.019256429746747017,
    0.01744602620601654,
    0.016792520880699158
  ],
  "total_explained_variance": 0.4740139842033386
}