{
  "model_type": "per_day",
  "day": 17,
  "best_val_acc": 0.8333333134651184,
  "optimal_threshold": 0.49,
  "val_at_optimal": {
    "threshold": 0.49,
    "accuracy": 0.8333333333333334,
    "precision": 0.9230769230769231,
    "recall": 0.8571428571428571,
    "f1": 0.8888888888888888,
    "TNR": 0.75,
    "TPR": 0.8571428571428571,
    "sensitivity": 0.8571428571428571,
    "specificity": 0.75,
    "balanced_acc": 0.8035714285714286,
    "TN": 3,
    "FP": 1,
    "FN": 2,
    "TP": 12,
    "confusion_matrix": [
      [
        3,
        1
      ],
      [
        2,
        12
      ]
    ]
  },
  "test_at_optimal": {
    "threshold": 0.49,
    "accuracy": 0.7045454545454546,
    "precision": 0.8235294117647058,
    "recall": 0.8,
    "f1": 0.8115942028985508,
    "TNR": 0.3333333333333333,
    "TPR": 0.8,
    "sensitivity": 0.8,
    "specificity": 0.3333333333333333,
    "balanced_acc": 0.5666666666666667,
    "TN": 3,
    "FP": 6,
    "FN": 7,
    "TP": 28,
    "confusion_matrix": [
      [
        3,
        6
      ],
      [
        7,
        28
      ]
    ]
  },
  "val_at_0.5": {
    "threshold": 0.5,
    "accuracy": 0.8333333333333334,
    "precision": 0.9230769230769231,
    "recall": 0.8571428571428571,
    "f1": 0.8888888888888888,
    "TNR": 0.75,
    "TPR": 0.8571428571428571,
    "sensitivity": 0.8571428571428571,
    "specificity": 0.75,
    "balanced_acc": 0.8035714285714286,
    "TN": 3,
    "FP": 1,
    "FN": 2,
    "TP": 12,
    "confusion_matrix": [
      [
        3,
        1
      ],
      [
        2,
        12
      ]
    ]
  },
  "test_at_0.5": {
    "threshold": 0.5,
    "accuracy": 0.6590909090909091,
    "precision": 0.8571428571428571,
    "recall": 0.6857142857142857,
    "f1": 0.7619047619047619,
    "TNR": 0.5555555555555556,
    "TPR": 0.6857142857142857,
    "sensitivity": 0.6857142857142857,
    "specificity": 0.5555555555555556,
    "balanced_acc": 0.6206349206349207,
    "TN": 5,
    "FP": 4,
    "FN": 11,
    "TP": 24,
    "confusion_matrix": [
      [
        5,
        4
      ],
      [
        11,
        24
      ]
    ]
  },
  "threshold_results": [
    {
      "threshold": "fixed",
      "threshold_value": 0.5,
      "val": {
        "threshold": 0.5,
        "accuracy": 0.8333333333333334,
        "precision": 0.9230769230769231,
        "recall": 0.8571428571428571,
        "f1": 0.8888888888888888,
        "TNR": 0.75,
        "TPR": 0.8571428571428571,
        "sensitivity": 0.8571428571428571,
        "specificity": 0.75,
        "balanced_acc": 0.8035714285714286,
        "TN": 3,
        "FP": 1,
        "FN": 2,
        "TP": 12,
        "confusion_matrix": [
          [
            3,
            1
          ],
          [
            2,
            12
          ]
        ]
      },
      "test": {
        "threshold": 0.5,
        "accuracy": 0.6590909090909091,
        "precision": 0.8571428571428571,
        "recall": 0.6857142857142857,
        "f1": 0.7619047619047619,
        "TNR": 0.5555555555555556,
        "TPR": 0.6857142857142857,
        "sensitivity": 0.6857142857142857,
        "specificity": 0.5555555555555556,
        "balanced_acc": 0.6206349206349207,
        "TN": 5,
        "FP": 4,
        "FN": 11,
        "TP": 24,
        "confusion_matrix": [
          [
            5,
            4
          ],
          [
            11,
            24
          ]
        ]
      }
    },
    {
      "threshold": "fixed",
      "threshold_value": 0.6,
      "val": {
        "threshold": 0.6,
        "accuracy": 0.2222222222222222,
        "precision": 0.0,
        "recall": 0.0,
        "f1": 0.0,
        "TNR": 1.0,
        "TPR": 0.0,
        "sensitivity": 0.0,
        "specificity": 1.0,
        "balanced_acc": 0.5,
        "TN": 4,
        "FP": 0,
        "FN": 14,
        "TP": 0,
        "confusion_matrix": [
          [
            4,
            0
          ],
          [
            14,
            0
          ]
        ]
      },
      "test": {
        "threshold": 0.6,
        "accuracy": 0.20454545454545456,
        "precision": 0.0,
        "recall": 0.0,
        "f1": 0.0,
        "TNR": 1.0,
        "TPR": 0.0,
        "sensitivity": 0.0,
        "specificity": 1.0,
        "balanced_acc": 0.5,
        "TN": 9,
        "FP": 0,
        "FN": 35,
        "TP": 0,
        "confusion_matrix": [
          [
            9,
            0
          ],
          [
            35,
            0
          ]
        ]
      }
    },
    {
      "threshold": "fixed",
      "threshold_value": 0.7,
      "val": {
        "threshold": 0.7,
        "accuracy": 0.2222222222222222,
        "precision": 0.0,
        "recall": 0.0,
        "f1": 0.0,
        "TNR": 1.0,
        "TPR": 0.0,
        "sensitivity": 0.0,
        "specificity": 1.0,
        "balanced_acc": 0.5,
        "TN": 4,
        "FP": 0,
        "FN": 14,
        "TP": 0,
        "confusion_matrix": [
          [
            4,
            0
          ],
          [
            14,
            0
          ]
        ]
      },
      "test": {
        "threshold": 0.7,
        "accuracy": 0.20454545454545456,
        "precision": 0.0,
        "recall": 0.0,
        "f1": 0.0,
        "TNR": 1.0,
        "TPR": 0.0,
        "sensitivity": 0.0,
        "specificity": 1.0,
        "balanced_acc": 0.5,
        "TN": 9,
        "FP": 0,
        "FN": 35,
        "TP": 0,
        "confusion_matrix": [
          [
            9,
            0
          ],
          [
            35,
            0
          ]
        ]
      }
    },
    {
      "threshold": "fixed",
      "threshold_value": 0.8,
      "val": {
        "threshold": 0.8,
        "accuracy": 0.2222222222222222,
        "precision": 0.0,
        "recall": 0.0,
        "f1": 0.0,
        "TNR": 1.0,
        "TPR": 0.0,
        "sensitivity": 0.0,
        "specificity": 1.0,
        "balanced_acc": 0.5,
        "TN": 4,
        "FP": 0,
        "FN": 14,
        "TP": 0,
        "confusion_matrix": [
          [
            4,
            0
          ],
          [
            14,
            0
          ]
        ]
      },
      "test": {
        "threshold": 0.8,
        "accuracy": 0.20454545454545456,
        "precision": 0.0,
        "recall": 0.0,
        "f1": 0.0,
        "TNR": 1.0,
        "TPR": 0.0,
        "sensitivity": 0.0,
        "specificity": 1.0,
        "balanced_acc": 0.5,
        "TN": 9,
        "FP": 0,
        "FN": 35,
        "TP": 0,
        "confusion_matrix": [
          [
            9,
            0
          ],
          [
            35,
            0
          ]
        ]
      }
    },
    {
      "threshold": "fixed",
      "threshold_value": 0.9,
      "val": {
        "threshold": 0.9,
        "accuracy": 0.2222222222222222,
        "precision": 0.0,
        "recall": 0.0,
        "f1": 0.0,
        "TNR": 1.0,
        "TPR": 0.0,
        "sensitivity": 0.0,
        "specificity": 1.0,
        "balanced_acc": 0.5,
        "TN": 4,
        "FP": 0,
        "FN": 14,
        "TP": 0,
        "confusion_matrix": [
          [
            4,
            0
          ],
          [
            14,
            0
          ]
        ]
      },
      "test": {
        "threshold": 0.9,
        "accuracy": 0.20454545454545456,
        "precision": 0.0,
        "recall": 0.0,
        "f1": 0.0,
        "TNR": 1.0,
        "TPR": 0.0,
        "sensitivity": 0.0,
        "specificity": 1.0,
        "balanced_acc": 0.5,
        "TN": 9,
        "FP": 0,
        "FN": 35,
        "TP": 0,
        "confusion_matrix": [
          [
            9,
            0
          ],
          [
            35,
            0
          ]
        ]
      }
    },
    {
      "threshold": "optimal",
      "threshold_value": 0.49,
      "val": {
        "threshold": 0.49,
        "accuracy": 0.8333333333333334,
        "precision": 0.9230769230769231,
        "recall": 0.8571428571428571,
        "f1": 0.8888888888888888,
        "TNR": 0.75,