{
  "n_components": 12,
  "explained_variance_ratio": [
    0.11790996044874191,
    0.07236796617507935,
    0.05929884687066078,
    0.043229036033153534,
    0.04066723212599754,
    0.03317512571811676,
    0.02967500314116478,
    0.026617268100380898,
    0.024974269792437553,
    0.0237203910946846,
    0.020808033645153046,
    0.019404102116823196
  ],
  "total_explained_variance": 0.5118472576141357
}