{
  "per_day_test_accuracy": {
    "Dy3": 0.7777777777777778,
    "Dy6": 0.7777777777777778,
    "Dy8": 0.7037037037037037,
    "Dy10": 0.5925925925925926,
    "Dy13": 0.7037037037037037,
    "Dy15": 0.7037037037037037,
    "Dy17": 0.7777777777777778,
    "Dy20_5": 0.8148148148148148,
    "Dy24": 0.7777777777777778,
    "Dy28": 0.8148148148148148,
    "Dy30": 0.8518518518518519
  },
  "overall_best": {
    "day": "Dy30",
    "day_no": 30,
    "backbone_key": "vit",
    "test_accuracy": 0.8518518518518519,
    "test_f1": 0.9047619047619048,
    "test_roc_auc": null,
    "test_pr_auc": null,
    "selection_val_accuracy": 1.0
  },
  "batch_size_train": 16,
  "batch_size_valtest": 16,
  "split_fractions": {
    "train": 0.8,
    "val": 0.1,
    "test": 0.1
  }
}