{
  "per_model": {
    "vit": {
      "per_day": {
        "Dy3": {
          "day_no": 3,
          "test_accuracy": 0.7241379310344828,
          "test_f1": 0.8095238095238095,
          "test_roc_auc": 0.7678571428571428,
          "val_accuracy": 0.7586206896551724,
          "val_roc_auc": 0.7777777777777778,
          "test_num": 29
        },
        "Dy6": {
          "day_no": 6,
          "test_accuracy": 0.8275862068965517,
          "test_f1": 0.8888888888888888,
          "test_roc_auc": 0.7440476190476191,
          "val_accuracy": 0.7586206896551724,
          "val_roc_auc": 0.7333333333333333,
          "test_num": 29
        },
        "Dy8": {
          "day_no": 8,
          "test_accuracy": 0.7241379310344828,
          "test_f1": 0.8333333333333334,
          "test_roc_auc": 0.6607142857142856,
          "val_accuracy": 0.7241379310344828,
          "val_roc_auc": 0.6222222222222222,
          "test_num": 29
        },
        "Dy10": {
          "day_no": 10,
          "test_accuracy": 0.4482758620689655,
          "test_f1": 0.5555555555555556,
          "test_roc_auc": 0.5059523809523809,
          "val_accuracy": 0.7586206896551724,
          "val_roc_auc": 0.7111111111111112,
          "test_num": 29
        },
        "Dy13": {
          "day_no": 13,
          "test_accuracy": 0.5862068965517241,
          "test_f1": 0.7272727272727273,
          "test_roc_auc": 0.44047619047619047,
          "val_accuracy": 0.7586206896551724,
          "val_roc_auc": 0.5777777777777778,
          "test_num": 29
        },
        "Dy15": {
          "day_no": 15,
          "test_accuracy": 0.6206896551724138,
          "test_f1": 0.7317073170731707,
          "test_roc_auc": 0.7202380952380952,
          "val_accuracy": 0.7586206896551724,
          "val_roc_auc": 0.5388888888888889,
          "test_num": 29
        },
        "Dy17": {
          "day_no": 17,
          "test_accuracy": 0.6206896551724138,
          "test_f1": 0.7659574468085106,
          "test_roc_auc": 0.5952380952380952,
          "val_accuracy": 0.7931034482758621,
          "val_roc_auc": 0.6,
          "test_num": 29
        },
        "Dy20_5": {
          "day_no": 20,
          "test_accuracy": 0.7931034482758621,
          "test_f1": 0.8636363636363636,
          "test_roc_auc": 0.7916666666666666,
          "val_accuracy": 0.8275862068965517,
          "val_roc_auc": 0.6607142857142857,
          "test_num": 29
        },
        "Dy24": {
          "day_no": 24,
          "test_accuracy": 0.7931034482758621,
          "test_f1": 0.85,
          "test_roc_auc": 0.7888888888888889,
          "val_accuracy": 0.896551724137931,
          "val_roc_auc": 0.9,
          "test_num": 29
        },
        "Dy28": {
          "day_no": 28,
          "test_accuracy": 0.8333333333333334,
          "test_f1": 0.8837209302325582,
          "test_roc_auc": 0.8835978835978836,
          "val_accuracy": 0.9,
          "val_roc_auc": 0.8624338624338626,
          "test_num": 30
        },
        "Dy30": {
          "day_no": 30,
          "test_accuracy": 0.8666666666666667,
          "test_f1": 0.9130434782608695,
          "test_roc_auc": 0.8835978835978837,
          "val_accuracy": 0.9333333333333333,
          "val_roc_auc": 0.835978835978836,
          "test_num": 30
        }
      }
    },
    "resnet": {
      "per_day": {
        "Dy3": {
          "day_no": 3,
          "test_accuracy": 0.7241379310344828,
          "test_f1": 0.8181818181818182,
          "test_roc_auc": 0.7797619047619047,
          "val_accuracy": 0.7931034482758621,
          "val_roc_auc": 0.6777777777777778,
          "test_num": 29
        },
        "Dy6": {
          "day_no": 6,
          "test_accuracy": 0.7586206896551724,
          "test_f1": 0.8444444444444444,
          "test_roc_auc": 0.7797619047619047,
          "val_accuracy": 0.7241379310344828,
          "val_roc_auc": 0.6500000000000001,
          "test_num": 29
        },
        "Dy8": {
          "day_no": 8,
          "test_accuracy": 0.7241379310344828,
          "test_f1": 0.8181818181818182,
          "test_roc_auc": 0.7380952380952381,
          "val_accuracy": 0.7931034482758621,
          "val_roc_auc": 0.8222222222222222,
          "test_num": 29
        },
        "Dy10": {
          "day_no": 10,
          "test_accuracy": 0.7241379310344828,
          "test_f1": 0.84,
          "test_roc_auc": 0.5119047619047619,
          "val_accuracy": 0.6896551724137931,
          "val_roc_auc": 0.6333333333333333,
          "test_num": 29
        },
        "Dy13": {
          "day_no": 13,
          "test_accuracy": 0.5517241379310345,
          "test_f1": 0.6829268292682927,
          "test_roc_auc": 0.5773809523809523,
          "val_accuracy": 0.7586206896551724,
          "val_roc_auc": 0.6,
          "test_num": 29
        },
        "Dy15": {
          "day_no": 15,
          "test_accuracy": 0.6206896551724138,
          "test_f1": 0.7555555555555555,
          "test_roc_auc": 0.5357142857142857,
          "val_accuracy": 0.7241379310344828,
          "val_roc_auc": 0.5611111111111111,
          "test_num": 29
        },
        "Dy17": {
          "day_no": 17,
          "test_accuracy": 0.7931034482758621,
          "test_f1": 0.8571428571428571,
          "test_roc_auc": 0.7440476190476191,
          "val_accuracy": 0.7586206896551724,
          "val_roc_auc": 0.6277777777777778,
          "test_num": 29
        },
        "Dy20_5": {
          "day_no": 20,
          "test_accuracy": 0.8620689655172413,
          "test_f1": 0.9090909090909091,
          "test_roc_auc": 0.7440476190476191,
          "val_accuracy": 0.896551724137931,
          "val_roc_auc": 0.7440476190476191,
          "test_num": 29
        },
        "Dy24": {
          "day_no": 24,
          "test_accuracy": 0.7931034482758621,
          "test_f1": 0.85,
          "test_roc_auc": 0.7611111111111112,
          "val_accuracy": 0.896551724137931,
          "val_roc_auc": 0.9,
          "test_num": 29
        },
        "Dy28": {
          "day_no": 28,
          "test_accuracy": 0.8666666666666667,
          "test_f1": 0.9130434782608695,
          "test_roc_auc": 0.8201058201058202,
          "val_accuracy": 0.8666666666666667,
          "val_roc_auc": 0.7566137566137567,
          "test_num": 30
        },
        "Dy30": {
          "day_no": 30,
          "test_accuracy": 0.9,
          "test_f1": 0.9333333333333333,
          "test_roc_auc": 0.8941798941798942,
          "val_accuracy": 0.9,
          "val_roc_auc": 0.7566137566137567,
          "test_num": 30
        }
      }
    },
    "cnn": {
      "per_day": {
        "Dy3": {
          "day_no": 3,
          "test_accuracy": 0.6896551724137931,
          "test_f1": 0.8163265306122449,
          "test_roc_auc": 0.6964285714285714,
          "val_accuracy": 0.7586206896551724,
          "val_roc_auc": 0.7277777777777779,
          "test_num": 29
        },
        "Dy6": {
          "day_no": 6,
          "test_accuracy": 0.7586206896551724,
          "test_f1": 0.8292682926829268,
          "test_roc_auc": 0.6845238095238095,
          "val_accuracy": 0.7241379310344828,
          "val_roc_auc": 0.6833333333333333,
          "test_num": 29
        },
        "Dy8": {
          "day_no": 8,
          "test_accuracy": 0.7586206896551724,
          "test_f1": 0.851063829787234,
          "test_roc_auc": 0.7380952380952381,
          "val_accuracy": 0.7241379310344828,
          "val_roc_auc": 0.7222222222222223,
          "test_num": 29
        },
        "Dy10": {
          "day_no": 10,
          "test_accuracy": 0.7241379310344828,
          "test_f1": 0.8181818181818182,
          "test_roc_auc": 0.6547619047619048,
          "val_accuracy": 0.8275862068965517,
          "val_roc_auc": 0.7777777777777778,
          "test_num": 29
        },
        "Dy13": {
          "day_no": 13,
          "test_accuracy": 0.4827586206896552,
          "test_f1": 0.5945945945945946,