{
  "day": "Dy8",
  "split": "val",
  "accuracy": 0.7586206896551724,
  "f1": 0.8108108108108109,
  "n": 29,
  "batch_size": 16
}