{
  "day": "Dy6",
  "split": "val",
  "accuracy": 0.6896551724137931,
  "f1": 0.7692307692307693,
  "roc_auc": 0.6722222222222223,
  "pr_auc": 0.7901755803753885,
  "n": 29,
  "batch_size": 16,
  "input_key": "img_path",
  "use_mask": true
}