{
  "day": "Dy6",
  "day_no": 6,
  "split": "test",
  "accuracy": 0.6206896551724138,
  "f1": 0.717948717948718,
  "roc_auc": 0.6369047619047619,
  "pr_auc": 0.8485886094467459,
  "val_accuracy_for_selection": 0.6896551724137931,
  "val_n": 29,
  "test_n": 29,
  "actual_good": 21,
  "predicted_good": 18,
  "batch_size_train": 16,
  "batch_size_valtest": 16,
  "backbone_key": "resnet",
  "input_key": "img_path",
  "use_mask": true
}