{
  "day": "Dy28",
  "split": "val",
  "accuracy": 0.9,
  "f1": 0.9333333333333333,
  "roc_auc": 0.7936507936507937,
  "pr_auc": 0.8841377053098014,
  "n": 30,
  "batch_size": 16,
  "input_key": "img_path",
  "use_mask": true
}