{
  "model_type": "effnet_ts",
  "day": 24,
  "best_val_acc": 0.875,
  "optimal_threshold": 0.69,
  "val_at_optimal": {
    "threshold": 0.69,
    "accuracy": 0.4375,
    "precision": 1.0,
    "recall": 0.35714285714285715,
    "f1": 0.5263157894736842,
    "TNR": 1.0,
    "TPR": 0.35714285714285715,
    "sensitivity": 0.35714285714285715,
    "specificity": 1.0,
    "balanced_acc": 0.6785714285714286,
    "TN": 2,
    "FP": 0,
    "FN": 9,
    "TP": 5,
    "confusion_matrix": [
      [
        2,
        0
      ],
      [
        9,
        5
      ]
    ]
  },
  "test_at_optimal": {
    "threshold": 0.69,
    "accuracy": 0.4418604651162791,
    "precision": 1.0,
    "recall": 0.3142857142857143,
    "f1": 0.4782608695652174,
    "TNR": 1.0,
    "TPR": 0.3142857142857143,
    "sensitivity": 0.3142857142857143,
    "specificity": 1.0,
    "balanced_acc": 0.6571428571428571,
    "TN": 8,
    "FP": 0,
    "FN": 24,
    "TP": 11,
    "confusion_matrix": [
      [
        8,
        0
      ],
      [
        24,
        11
      ]
    ]
  },
  "val_at_0.5": {
    "threshold": 0.5,
    "accuracy": 0.875,
    "precision": 0.875,
    "recall": 1.0,
    "f1": 0.9333333333333333,
    "TNR": 0.0,
    "TPR": 1.0,
    "sensitivity": 1.0,
    "specificity": 0.0,
    "balanced_acc": 0.5,
    "TN": 0,
    "FP": 2,
    "FN": 0,
    "TP": 14,
    "confusion_matrix": [
      [
        0,
        2
      ],
      [
        0,
        14
      ]
    ]
  },
  "test_at_0.5": {
    "threshold": 0.5,
    "accuracy": 0.813953488372093,
    "precision": 0.813953488372093,
    "recall": 1.0,
    "f1": 0.8974358974358975,
    "TNR": 0.0,
    "TPR": 1.0,
    "sensitivity": 1.0,
    "specificity": 0.0,
    "balanced_acc": 0.5,
    "TN": 0,
    "FP": 8,
    "FN": 0,
    "TP": 35,
    "confusion_matrix": [
      [
        0,
        8
      ],
      [
        0,
        35
      ]
    ]
  },
  "threshold_results": [
    {
      "threshold": "fixed",
      "threshold_value": 0.5,
      "val": {
        "threshold": 0.5,
        "accuracy": 0.875,
        "precision": 0.875,
        "recall": 1.0,
        "f1": 0.9333333333333333,
        "TNR": 0.0,
        "TPR": 1.0,
        "sensitivity": 1.0,
        "specificity": 0.0,
        "balanced_acc": 0.5,
        "TN": 0,
        "FP": 2,
        "FN": 0,
        "TP": 14,
        "confusion_matrix": [
          [
            0,
            2
          ],
          [
            0,
            14
          ]
        ]
      },
      "test": {
        "threshold": 0.5,
        "accuracy": 0.813953488372093,
        "precision": 0.813953488372093,
        "recall": 1.0,
        "f1": 0.8974358974358975,
        "TNR": 0.0,
        "TPR": 1.0,
        "sensitivity": 1.0,
        "specificity": 0.0,
        "balanced_acc": 0.5,
        "TN": 0,
        "FP": 8,
        "FN": 0,
        "TP": 35,
        "confusion_matrix": [
          [
            0,
            8
          ],
          [
            0,
            35
          ]
        ]
      }
    },
    {
      "threshold": "fixed",
      "threshold_value": 0.6,
      "val": {
        "threshold": 0.6,
        "accuracy": 0.875,
        "precision": 0.875,
        "recall": 1.0,
        "f1": 0.9333333333333333,
        "TNR": 0.0,
        "TPR": 1.0,
        "sensitivity": 1.0,
        "specificity": 0.0,
        "balanced_acc": 0.5,
        "TN": 0,
        "FP": 2,
        "FN": 0,
        "TP": 14,
        "confusion_matrix": [
          [
            0,
            2
          ],
          [
            0,
            14
          ]
        ]
      },
      "test": {
        "threshold": 0.6,
        "accuracy": 0.9302325581395349,
        "precision": 0.9210526315789473,
        "recall": 1.0,
        "f1": 0.958904109589041,
        "TNR": 0.625,
        "TPR": 1.0,
        "sensitivity": 1.0,
        "specificity": 0.625,
        "balanced_acc": 0.8125,
        "TN": 5,
        "FP": 3,
        "FN": 0,
        "TP": 35,
        "confusion_matrix": [
          [
            5,
            3
          ],
          [
            0,
            35
          ]
        ]
      }
    },
    {
      "threshold": "fixed",
      "threshold_value": 0.7,
      "val": {
        "threshold": 0.7,
        "accuracy": 0.125,
        "precision": 0.0,
        "recall": 0.0,
        "f1": 0.0,
        "TNR": 1.0,
        "TPR": 0.0,
        "sensitivity": 0.0,
        "specificity": 1.0,
        "balanced_acc": 0.5,
        "TN": 2,
        "FP": 0,
        "FN": 14,
        "TP": 0,
        "confusion_matrix": [
          [
            2,
            0
          ],
          [
            14,
            0
          ]
        ]
      },
      "test": {
        "threshold": 0.7,
        "accuracy": 0.20930232558139536,
        "precision": 1.0,
        "recall": 0.02857142857142857,
        "f1": 0.05555555555555555,
        "TNR": 1.0,
        "TPR": 0.02857142857142857,
        "sensitivity": 0.02857142857142857,
        "specificity": 1.0,
        "balanced_acc": 0.5142857142857142,
        "TN": 8,
        "FP": 0,
        "FN": 34,
        "TP": 1,
        "confusion_matrix": [
          [
            8,
            0
          ],
          [
            34,
            1
          ]
        ]
      }
    },
    {
      "threshold": "fixed",
      "threshold_value": 0.8,
      "val": {
        "threshold": 0.8,
        "accuracy": 0.125,
        "precision": 0.0,
        "recall": 0.0,
        "f1": 0.0,
        "TNR": 1.0,
        "TPR": 0.0,
        "sensitivity": 0.0,
        "specificity": 1.0,
        "balanced_acc": 0.5,
        "TN": 2,
        "FP": 0,
        "FN": 14,
        "TP": 0,
        "confusion_matrix": [
          [
            2,
            0
          ],
          [
            14,
            0
          ]
        ]
      },
      "test": {
        "threshold": 0.8,
        "accuracy": 0.18604651162790697,
        "precision": 0.0,
        "recall": 0.0,
        "f1": 0.0,
        "TNR": 1.0,
        "TPR": 0.0,
        "sensitivity": 0.0,
        "specificity": 1.0,
        "balanced_acc": 0.5,
        "TN": 8,
        "FP": 0,
        "FN": 35,
        "TP": 0,
        "confusion_matrix": [
          [
            8,
            0
          ],
          [
            35,
            0
          ]
        ]
      }
    },
    {
      "threshold": "fixed",
      "threshold_value": 0.9,
      "val": {
        "threshold": 0.9,
        "accuracy": 0.125,
        "precision": 0.0,
        "recall": 0.0,
        "f1": 0.0,
        "TNR": 1.0,
        "TPR": 0.0,
        "sensitivity": 0.0,
        "specificity": 1.0,
        "balanced_acc": 0.5,
        "TN": 2,
        "FP": 0,
        "FN": 14,
        "TP": 0,
        "confusion_matrix": [
          [
            2,
            0
          ],
          [
            14,
            0
          ]
        ]
      },
      "test": {
        "threshold": 0.9,
        "accuracy": 0.18604651162790697,
        "precision": 0.0,
        "recall": 0.0,
        "f1": 0.0,
        "TNR": 1.0,
        "TPR": 0.0,
        "sensitivity": 0.0,
        "specificity": 1.0,
        "balanced_acc": 0.5,
        "TN": 8,
        "FP": 0,
        "FN": 35,
        "TP": 0,
        "confusion_matrix": [
          [
            8,
            0
          ],
          [
            35,
            0
          ]
        ]
      }
    },
    {
      "threshold": "optimal",
      "threshold_value": 0.69,
      "val": {
        "threshold": 0.69,
        "accuracy": 0.4375,
        "precision": 1.0,
        "recall": 0.35714285714285715,
        "f1": 0.5263157894736842,
        "TNR": 1.0,
        "TPR": 0.35714285714285715,
        "sensitivity": 0.35714285714285715,
        "specificity": 1.0,
        "balanced_acc": 0.6785714285714286,
        "TN": 2,
        "FP": 0,
        "FN": 9,
        "TP": 5,