{
  "day": "Dy8",
  "split": "val",
  "accuracy": 0.8148148148148148,
  "f1": 0.8484848484848485,
  "n": 27,
  "batch_size": 16
}