{
  "day": "Dy24",
  "split": "val",
  "accuracy": 0.9629629629629629,
  "f1": 0.9743589743589743,
  "roc_auc": 0.9714285714285714,
  "pr_auc": 0.9916666666666667,
  "n": 27,
  "batch_size": 16
}