{
  "day": "Dy24",
  "day_no": 24,
  "split": "test",
  "accuracy": 0.8518518518518519,
  "f1": 0.9,
  "roc_auc": 0.8947368421052632,
  "pr_auc": 0.9494923313971708,
  "val_accuracy_for_selection": 0.9629629629629629,
  "val_n": 27,
  "test_n": 27,
  "actual_good": 19,
  "predicted_good": 21,
  "batch_size_train": 16,
  "batch_size_valtest": 16,
  "backbone_key": "vit"
}