{
  "day": "Dy15",
  "split": "val",
  "accuracy": 0.7241379310344828,
  "f1": 0.8,
  "roc_auc": 0.5333333333333333,
  "pr_auc": 0.6995302378199726,
  "n": 29,
  "batch_size": 16,
  "input_key": "overlay_path",
  "use_mask": true
}