{
  "n_components": 12,
  "explained_variance_ratio": [
    0.20018123090267181,
    0.09241528809070587,
    0.0702005922794342,
    0.04839140176773071,
    0.0359884575009346,
    0.032231684774160385,
    0.026621397584676743,
    0.02448599599301815,
    0.0222385972738266,
    0.02016817219555378,
    0.017841694876551628,
    0.016708409413695335
  ],
  "total_explained_variance": 0.6074729561805725
}