{
  "day": "Dy13",
  "day_no": 13,
  "split": "test",
  "accuracy": 0.5172413793103449,
  "f1": 0.6666666666666666,
  "roc_auc": 0.38095238095238093,
  "pr_auc": 0.7498923416461156,
  "val_accuracy_for_selection": 0.7586206896551724,
  "val_n": 29,
  "test_n": 29,
  "actual_good": 21,
  "predicted_good": 21,
  "batch_size_train": 16,
  "batch_size_valtest": 16,
  "backbone_key": "vit",
  "input_key": "overlay_path",
  "use_mask": true
}