{
  "day": "Dy15",
  "day_no": 15,
  "split": "test",
  "accuracy": 0.6666666666666666,
  "f1": 0.7804878048780488,
  "val_accuracy_for_selection": 0.8888888888888888,
  "val_n": 27,
  "test_n": 27,
  "actual_good": 19,
  "predicted_good": 22,
  "batch_size_train": 16,
  "batch_size_valtest": 16,
  "backbone_key": "vit"
}