{
  "day": "Dy15",
  "split": "val",
  "accuracy": 0.8888888888888888,
  "f1": 0.9230769230769231,
  "n": 27,
  "batch_size": 16
}