{
  "day": "Dy10",
  "split": "val",
  "brier": 0.15458014607429504,
  "rmse": 0.39316681027412415,
  "acc@0.5": 0.7777777777777778,
  "f1@0.5": 0.8636363636363636,
  "corr": 0.4485245943069458,
  "roc_auc": 0.8142857142857143,
  "pr_auc": 0.9379117282213258,
  "chosen_threshold": 0.662,
  "threshold_method": "max_f1",
  "min_precision": null,
  "n": 27,
  "batch_size": 16
}