{
  "day": "Dy10",
  "day_no": 1000,
  "split": "test",
  "brier": 0.25675126910209656,
  "rmse": 0.5067062973976135,
  "corr": -0.1392628699541092,
  "acc@0.5": 0.6666666666666666,
  "f1@0.5": 0.7906976744186046,
  "actual_good@0.5": 19,
  "predicted_good@0.5": 24,
  "acc@t*": 0.5555555555555556,
  "f1@t*": 0.6842105263157895,
  "bal_acc@t*": 0.46710526315789475,
  "roc_auc": 0.3947368421052631,
  "pr_auc": 0.6861990797168018,
  "threshold_used": 0.662,
  "threshold_method": "max_f1",
  "min_precision": null,
  "val_brier_for_selection": 0.15458014607429504,
  "val_n": 27,
  "test_n": 27,
  "batch_size_train": 16,
  "batch_size_valtest": 16,
  "backbone_key": "resnet"
}