{
  "day": "Dy6",
  "split": "val",
  "accuracy": 0.7931034482758621,
  "f1": 0.8571428571428571,
  "roc_auc": 0.7444444444444445,
  "pr_auc": 0.8867666065237327,
  "n": 29,
  "batch_size": 16,
  "input_key": "overlay_path",
  "use_mask": true
}