{
  "model_type": "effnet_ts",
  "day": 10,
  "best_val_acc": 0.800000011920929,
  "optimal_threshold": 0.6,
  "val_at_optimal": {
    "threshold": 0.6,
    "accuracy": 0.3333333333333333,
    "precision": 0.75,
    "recall": 0.25,
    "f1": 0.375,
    "TNR": 0.6666666666666666,
    "TPR": 0.25,
    "sensitivity": 0.25,
    "specificity": 0.6666666666666666,
    "balanced_acc": 0.4583333333333333,
    "TN": 2,
    "FP": 1,
    "FN": 9,
    "TP": 3,
    "confusion_matrix": [
      [
        2,
        1
      ],
      [
        9,
        3
      ]
    ]
  },
  "test_at_optimal": {
    "threshold": 0.6,
    "accuracy": 0.6052631578947368,
    "precision": 0.9,
    "recall": 0.5806451612903226,
    "f1": 0.7058823529411765,
    "TNR": 0.7142857142857143,
    "TPR": 0.5806451612903226,
    "sensitivity": 0.5806451612903226,
    "specificity": 0.7142857142857143,
    "balanced_acc": 0.6474654377880185,
    "TN": 5,
    "FP": 2,
    "FN": 13,
    "TP": 18,
    "confusion_matrix": [
      [
        5,
        2
      ],
      [
        13,
        18
      ]
    ]
  },
  "val_at_0.5": {
    "threshold": 0.5,
    "accuracy": 0.8,
    "precision": 0.8,
    "recall": 1.0,
    "f1": 0.8888888888888888,
    "TNR": 0.0,
    "TPR": 1.0,
    "sensitivity": 1.0,
    "specificity": 0.0,
    "balanced_acc": 0.5,
    "TN": 0,
    "FP": 3,
    "FN": 0,
    "TP": 12,
    "confusion_matrix": [
      [
        0,
        3
      ],
      [
        0,
        12
      ]
    ]
  },
  "test_at_0.5": {
    "threshold": 0.5,
    "accuracy": 0.8157894736842105,
    "precision": 0.8157894736842105,
    "recall": 1.0,
    "f1": 0.8985507246376812,
    "TNR": 0.0,
    "TPR": 1.0,
    "sensitivity": 1.0,
    "specificity": 0.0,
    "balanced_acc": 0.5,
    "TN": 0,
    "FP": 7,
    "FN": 0,
    "TP": 31,
    "confusion_matrix": [
      [
        0,
        7
      ],
      [
        0,
        31
      ]
    ]
  },
  "threshold_results": [
    {
      "threshold": "fixed",
      "threshold_value": 0.5,
      "val": {
        "threshold": 0.5,
        "accuracy": 0.8,
        "precision": 0.8,
        "recall": 1.0,
        "f1": 0.8888888888888888,
        "TNR": 0.0,
        "TPR": 1.0,
        "sensitivity": 1.0,
        "specificity": 0.0,
        "balanced_acc": 0.5,
        "TN": 0,
        "FP": 3,
        "FN": 0,
        "TP": 12,
        "confusion_matrix": [
          [
            0,
            3
          ],
          [
            0,
            12
          ]
        ]
      },
      "test": {
        "threshold": 0.5,
        "accuracy": 0.8157894736842105,
        "precision": 0.8157894736842105,
        "recall": 1.0,
        "f1": 0.8985507246376812,
        "TNR": 0.0,
        "TPR": 1.0,
        "sensitivity": 1.0,
        "specificity": 0.0,
        "balanced_acc": 0.5,
        "TN": 0,
        "FP": 7,
        "FN": 0,
        "TP": 31,
        "confusion_matrix": [
          [
            0,
            7
          ],
          [
            0,
            31
          ]
        ]
      }
    },
    {
      "threshold": "fixed",
      "threshold_value": 0.6,
      "val": {
        "threshold": 0.6,
        "accuracy": 0.3333333333333333,
        "precision": 0.75,
        "recall": 0.25,
        "f1": 0.375,
        "TNR": 0.6666666666666666,
        "TPR": 0.25,
        "sensitivity": 0.25,
        "specificity": 0.6666666666666666,
        "balanced_acc": 0.4583333333333333,
        "TN": 2,
        "FP": 1,
        "FN": 9,
        "TP": 3,
        "confusion_matrix": [
          [
            2,
            1
          ],
          [
            9,
            3
          ]
        ]
      },
      "test": {
        "threshold": 0.6,
        "accuracy": 0.6052631578947368,
        "precision": 0.9,
        "recall": 0.5806451612903226,
        "f1": 0.7058823529411765,
        "TNR": 0.7142857142857143,
        "TPR": 0.5806451612903226,
        "sensitivity": 0.5806451612903226,
        "specificity": 0.7142857142857143,
        "balanced_acc": 0.6474654377880185,
        "TN": 5,
        "FP": 2,
        "FN": 13,
        "TP": 18,
        "confusion_matrix": [
          [
            5,
            2
          ],
          [
            13,
            18
          ]
        ]
      }
    },
    {
      "threshold": "fixed",
      "threshold_value": 0.7,
      "val": {
        "threshold": 0.7,
        "accuracy": 0.2,
        "precision": 0.0,
        "recall": 0.0,
        "f1": 0.0,
        "TNR": 1.0,
        "TPR": 0.0,
        "sensitivity": 0.0,
        "specificity": 1.0,
        "balanced_acc": 0.5,
        "TN": 3,
        "FP": 0,
        "FN": 12,
        "TP": 0,
        "confusion_matrix": [
          [
            3,
            0
          ],
          [
            12,
            0
          ]
        ]
      },
      "test": {
        "threshold": 0.7,
        "accuracy": 0.18421052631578946,
        "precision": 0.0,
        "recall": 0.0,
        "f1": 0.0,
        "TNR": 1.0,
        "TPR": 0.0,
        "sensitivity": 0.0,
        "specificity": 1.0,
        "balanced_acc": 0.5,
        "TN": 7,
        "FP": 0,
        "FN": 31,
        "TP": 0,
        "confusion_matrix": [
          [
            7,
            0
          ],
          [
            31,
            0
          ]
        ]
      }
    },
    {
      "threshold": "fixed",
      "threshold_value": 0.8,
      "val": {
        "threshold": 0.8,
        "accuracy": 0.2,
        "precision": 0.0,
        "recall": 0.0,
        "f1": 0.0,
        "TNR": 1.0,
        "TPR": 0.0,
        "sensitivity": 0.0,
        "specificity": 1.0,
        "balanced_acc": 0.5,
        "TN": 3,
        "FP": 0,
        "FN": 12,
        "TP": 0,
        "confusion_matrix": [
          [
            3,
            0
          ],
          [
            12,
            0
          ]
        ]
      },
      "test": {
        "threshold": 0.8,
        "accuracy": 0.18421052631578946,
        "precision": 0.0,
        "recall": 0.0,
        "f1": 0.0,
        "TNR": 1.0,
        "TPR": 0.0,
        "sensitivity": 0.0,
        "specificity": 1.0,
        "balanced_acc": 0.5,
        "TN": 7,
        "FP": 0,
        "FN": 31,
        "TP": 0,
        "confusion_matrix": [
          [
            7,
            0
          ],
          [
            31,
            0
          ]
        ]
      }
    },
    {
      "threshold": "fixed",
      "threshold_value": 0.9,
      "val": {
        "threshold": 0.9,
        "accuracy": 0.2,
        "precision": 0.0,
        "recall": 0.0,
        "f1": 0.0,
        "TNR": 1.0,
        "TPR": 0.0,
        "sensitivity": 0.0,
        "specificity": 1.0,
        "balanced_acc": 0.5,
        "TN": 3,
        "FP": 0,
        "FN": 12,
        "TP": 0,
        "confusion_matrix": [
          [
            3,
            0
          ],
          [
            12,
            0
          ]
        ]
      },
      "test": {
        "threshold": 0.9,
        "accuracy": 0.18421052631578946,
        "precision": 0.0,
        "recall": 0.0,
        "f1": 0.0,
        "TNR": 1.0,
        "TPR": 0.0,
        "sensitivity": 0.0,
        "specificity": 1.0,
        "balanced_acc": 0.5,
        "TN": 7,
        "FP": 0,
        "FN": 31,
        "TP": 0,
        "confusion_matrix": [
          [
            7,
            0
          ],
          [
            31,
            0
          ]
        ]
      }
    },
    {
      "threshold": "optimal",
      "threshold_value": 0.6,
      "val": {
        "threshold": 0.6,
        "accuracy": 0.3333333333333333,
        "precision": 0.75,
        "recall": 0.25,
        "f1": 0.375,
        "TNR": 0.6666666666666666,
        "TPR": 0.25,
        "sensitivity": 0.25,
        "specificity": 0.6666666666666666,
        "balanced_acc": 0.4583333333333333,
        "TN": 2,
        "FP": 1,
        "FN": 9,
        "TP": 3,