{
  "day": "Dy30",
  "split": "val",
  "accuracy": 0.8620689655172413,
  "f1": 0.9090909090909091,
  "n": 29,
  "batch_size": 16
}