{
  "day": "Dy10",
  "split": "val",
  "accuracy": 0.8275862068965517,
  "f1": 0.8837209302325582,
  "roc_auc": 0.7777777777777778,
  "pr_auc": 0.8925101905092572,
  "n": 29,
  "batch_size": 16,
  "input_key": "img_path",
  "use_mask": true
}