{
  "model_type": "per_day",
  "day": 30,
  "best_val_acc": 0.9444444179534912,
  "optimal_threshold": 0.52,
  "val_at_optimal": {
    "threshold": 0.52,
    "accuracy": 0.8888888888888888,
    "precision": 1.0,
    "recall": 0.8571428571428571,
    "f1": 0.9230769230769231,
    "TNR": 1.0,
    "TPR": 0.8571428571428571,
    "sensitivity": 0.8571428571428571,
    "specificity": 1.0,
    "balanced_acc": 0.9285714285714286,
    "TN": 4,
    "FP": 0,
    "FN": 2,
    "TP": 12,
    "confusion_matrix": [
      [
        4,
        0
      ],
      [
        2,
        12
      ]
    ]
  },
  "test_at_optimal": {
    "threshold": 0.52,
    "accuracy": 0.7727272727272727,
    "precision": 0.9032258064516129,
    "recall": 0.8,
    "f1": 0.8484848484848485,
    "TNR": 0.6666666666666666,
    "TPR": 0.8,
    "sensitivity": 0.8,
    "specificity": 0.6666666666666666,
    "balanced_acc": 0.7333333333333334,
    "TN": 6,
    "FP": 3,
    "FN": 7,
    "TP": 28,
    "confusion_matrix": [
      [
        6,
        3
      ],
      [
        7,
        28
      ]
    ]
  },
  "val_at_0.5": {
    "threshold": 0.5,
    "accuracy": 0.9444444444444444,
    "precision": 0.9333333333333333,
    "recall": 1.0,
    "f1": 0.9655172413793104,
    "TNR": 0.75,
    "TPR": 1.0,
    "sensitivity": 1.0,
    "specificity": 0.75,
    "balanced_acc": 0.875,
    "TN": 3,
    "FP": 1,
    "FN": 0,
    "TP": 14,
    "confusion_matrix": [
      [
        3,
        1
      ],
      [
        0,
        14
      ]
    ]
  },
  "test_at_0.5": {
    "threshold": 0.5,
    "accuracy": 0.8636363636363636,
    "precision": 0.8918918918918919,
    "recall": 0.9428571428571428,
    "f1": 0.9166666666666666,
    "TNR": 0.5555555555555556,
    "TPR": 0.9428571428571428,
    "sensitivity": 0.9428571428571428,
    "specificity": 0.5555555555555556,
    "balanced_acc": 0.7492063492063492,
    "TN": 5,
    "FP": 4,
    "FN": 2,
    "TP": 33,
    "confusion_matrix": [
      [
        5,
        4
      ],
      [
        2,
        33
      ]
    ]
  },
  "threshold_results": [
    {
      "threshold": "fixed",
      "threshold_value": 0.5,
      "val": {
        "threshold": 0.5,
        "accuracy": 0.9444444444444444,
        "precision": 0.9333333333333333,
        "recall": 1.0,
        "f1": 0.9655172413793104,
        "TNR": 0.75,
        "TPR": 1.0,
        "sensitivity": 1.0,
        "specificity": 0.75,
        "balanced_acc": 0.875,
        "TN": 3,
        "FP": 1,
        "FN": 0,
        "TP": 14,
        "confusion_matrix": [
          [
            3,
            1
          ],
          [
            0,
            14
          ]
        ]
      },
      "test": {
        "threshold": 0.5,
        "accuracy": 0.8636363636363636,
        "precision": 0.8918918918918919,
        "recall": 0.9428571428571428,
        "f1": 0.9166666666666666,
        "TNR": 0.5555555555555556,
        "TPR": 0.9428571428571428,
        "sensitivity": 0.9428571428571428,
        "specificity": 0.5555555555555556,
        "balanced_acc": 0.7492063492063492,
        "TN": 5,
        "FP": 4,
        "FN": 2,
        "TP": 33,
        "confusion_matrix": [
          [
            5,
            4
          ],
          [
            2,
            33
          ]
        ]
      }
    },
    {
      "threshold": "fixed",
      "threshold_value": 0.6,
      "val": {
        "threshold": 0.6,
        "accuracy": 0.5,
        "precision": 1.0,
        "recall": 0.35714285714285715,
        "f1": 0.5263157894736842,
        "TNR": 1.0,
        "TPR": 0.35714285714285715,
        "sensitivity": 0.35714285714285715,
        "specificity": 1.0,
        "balanced_acc": 0.6785714285714286,
        "TN": 4,
        "FP": 0,
        "FN": 9,
        "TP": 5,
        "confusion_matrix": [
          [
            4,
            0
          ],
          [
            9,
            5
          ]
        ]
      },
      "test": {
        "threshold": 0.6,
        "accuracy": 0.5909090909090909,
        "precision": 1.0,
        "recall": 0.4857142857142857,
        "f1": 0.6538461538461539,
        "TNR": 1.0,
        "TPR": 0.4857142857142857,
        "sensitivity": 0.4857142857142857,
        "specificity": 1.0,
        "balanced_acc": 0.7428571428571429,
        "TN": 9,
        "FP": 0,
        "FN": 18,
        "TP": 17,
        "confusion_matrix": [
          [
            9,
            0
          ],
          [
            18,
            17
          ]
        ]
      }
    },
    {
      "threshold": "fixed",
      "threshold_value": 0.7,
      "val": {
        "threshold": 0.7,
        "accuracy": 0.2222222222222222,
        "precision": 0.0,
        "recall": 0.0,
        "f1": 0.0,
        "TNR": 1.0,
        "TPR": 0.0,
        "sensitivity": 0.0,
        "specificity": 1.0,
        "balanced_acc": 0.5,
        "TN": 4,
        "FP": 0,
        "FN": 14,
        "TP": 0,
        "confusion_matrix": [
          [
            4,
            0
          ],
          [
            14,
            0
          ]
        ]
      },
      "test": {
        "threshold": 0.7,
        "accuracy": 0.20454545454545456,
        "precision": 0.0,
        "recall": 0.0,
        "f1": 0.0,
        "TNR": 1.0,
        "TPR": 0.0,
        "sensitivity": 0.0,
        "specificity": 1.0,
        "balanced_acc": 0.5,
        "TN": 9,
        "FP": 0,
        "FN": 35,
        "TP": 0,
        "confusion_matrix": [
          [
            9,
            0
          ],
          [
            35,
            0
          ]
        ]
      }
    },
    {
      "threshold": "fixed",
      "threshold_value": 0.8,
      "val": {
        "threshold": 0.8,
        "accuracy": 0.2222222222222222,
        "precision": 0.0,
        "recall": 0.0,
        "f1": 0.0,
        "TNR": 1.0,
        "TPR": 0.0,
        "sensitivity": 0.0,
        "specificity": 1.0,
        "balanced_acc": 0.5,
        "TN": 4,
        "FP": 0,
        "FN": 14,
        "TP": 0,
        "confusion_matrix": [
          [
            4,
            0
          ],
          [
            14,
            0
          ]
        ]
      },
      "test": {
        "threshold": 0.8,
        "accuracy": 0.20454545454545456,
        "precision": 0.0,
        "recall": 0.0,
        "f1": 0.0,
        "TNR": 1.0,
        "TPR": 0.0,
        "sensitivity": 0.0,
        "specificity": 1.0,
        "balanced_acc": 0.5,
        "TN": 9,
        "FP": 0,
        "FN": 35,
        "TP": 0,
        "confusion_matrix": [
          [
            9,
            0
          ],
          [
            35,
            0
          ]
        ]
      }
    },
    {
      "threshold": "fixed",
      "threshold_value": 0.9,
      "val": {
        "threshold": 0.9,
        "accuracy": 0.2222222222222222,
        "precision": 0.0,
        "recall": 0.0,
        "f1": 0.0,
        "TNR": 1.0,
        "TPR": 0.0,
        "sensitivity": 0.0,
        "specificity": 1.0,
        "balanced_acc": 0.5,
        "TN": 4,
        "FP": 0,
        "FN": 14,
        "TP": 0,
        "confusion_matrix": [
          [
            4,
            0
          ],
          [
            14,
            0
          ]
        ]
      },
      "test": {
        "threshold": 0.9,
        "accuracy": 0.20454545454545456,
        "precision": 0.0,
        "recall": 0.0,
        "f1": 0.0,
        "TNR": 1.0,
        "TPR": 0.0,
        "sensitivity": 0.0,
        "specificity": 1.0,
        "balanced_acc": 0.5,
        "TN": 9,
        "FP": 0,
        "FN": 35,
        "TP": 0,
        "confusion_matrix": [
          [
            9,
            0
          ],
          [
            35,
            0
          ]
        ]
      }
    },
    {
      "threshold": "optimal",
      "threshold_value": 0.52,
      "val": {
        "threshold": 0.52,
        "accuracy": 0.8888888888888888,
        "precision": 1.0,
        "recall": 0.8571428571428571,
        "f1": 0.9230769230769231,
        "TNR": 1.0,