{
  "day": "Dy8",
  "split": "val",
  "accuracy": 0.7037037037037037,
  "f1": 0.8260869565217391,
  "n": 27,
  "batch_size": 16
}