{
  "day": "Dy20_5",
  "split": "val",
  "accuracy": 0.8620689655172413,
  "f1": 0.9130434782608695,
  "roc_auc": 0.7619047619047619,
  "pr_auc": 0.8925370468784792,
  "n": 29,
  "batch_size": 16,
  "input_key": "img_path",
  "use_mask": false
}