{
  "model_type": "per_day",
  "day": 20.5,
  "best_val_acc": 0.8888888955116272,
  "optimal_threshold": 0.5700000000000001,
  "val_at_optimal": {
    "threshold": 0.5700000000000001,
    "accuracy": 0.8888888888888888,
    "precision": 0.9285714285714286,
    "recall": 0.9285714285714286,
    "f1": 0.9285714285714286,
    "TNR": 0.75,
    "TPR": 0.9285714285714286,
    "sensitivity": 0.9285714285714286,
    "specificity": 0.75,
    "balanced_acc": 0.8392857142857143,
    "TN": 3,
    "FP": 1,
    "FN": 1,
    "TP": 13,
    "confusion_matrix": [
      [
        3,
        1
      ],
      [
        1,
        13
      ]
    ]
  },
  "test_at_optimal": {
    "threshold": 0.5700000000000001,
    "accuracy": 0.6590909090909091,
    "precision": 0.9166666666666666,
    "recall": 0.6285714285714286,
    "f1": 0.7457627118644068,
    "TNR": 0.7777777777777778,
    "TPR": 0.6285714285714286,
    "sensitivity": 0.6285714285714286,
    "specificity": 0.7777777777777778,
    "balanced_acc": 0.7031746031746031,
    "TN": 7,
    "FP": 2,
    "FN": 13,
    "TP": 22,
    "confusion_matrix": [
      [
        7,
        2
      ],
      [
        13,
        22
      ]
    ]
  },
  "train_at_0.5": {
    "threshold": 0.5,
    "accuracy": 0.8544303797468354,
    "precision": 0.912,
    "recall": 0.9047619047619048,
    "f1": 0.9083665338645418,
    "TNR": 0.65625,
    "TPR": 0.9047619047619048,
    "sensitivity": 0.9047619047619048,
    "specificity": 0.65625,
    "balanced_acc": 0.7805059523809523,
    "TN": 21,
    "FP": 11,
    "FN": 12,
    "TP": 114,
    "confusion_matrix": [
      [
        21,
        11
      ],
      [
        12,
        114
      ]
    ]
  },
  "val_at_0.5": {
    "threshold": 0.5,
    "accuracy": 0.8888888888888888,
    "precision": 0.875,
    "recall": 1.0,
    "f1": 0.9333333333333333,
    "TNR": 0.5,
    "TPR": 1.0,
    "sensitivity": 1.0,
    "specificity": 0.5,
    "balanced_acc": 0.75,
    "TN": 2,
    "FP": 2,
    "FN": 0,
    "TP": 14,
    "confusion_matrix": [
      [
        2,
        2
      ],
      [
        0,
        14
      ]
    ]
  },
  "test_at_0.5": {
    "threshold": 0.5,
    "accuracy": 0.8181818181818182,
    "precision": 0.8857142857142857,
    "recall": 0.8857142857142857,
    "f1": 0.8857142857142857,
    "TNR": 0.5555555555555556,
    "TPR": 0.8857142857142857,
    "sensitivity": 0.8857142857142857,
    "specificity": 0.5555555555555556,
    "balanced_acc": 0.7206349206349206,
    "TN": 5,
    "FP": 4,
    "FN": 4,
    "TP": 31,
    "confusion_matrix": [
      [
        5,
        4
      ],
      [
        4,
        31
      ]
    ]
  },
  "threshold_results": [
    {
      "threshold": "fixed",
      "threshold_value": 0.5,
      "val": {
        "threshold": 0.5,
        "accuracy": 0.8888888888888888,
        "precision": 0.875,
        "recall": 1.0,
        "f1": 0.9333333333333333,
        "TNR": 0.5,
        "TPR": 1.0,
        "sensitivity": 1.0,
        "specificity": 0.5,
        "balanced_acc": 0.75,
        "TN": 2,
        "FP": 2,
        "FN": 0,
        "TP": 14,
        "confusion_matrix": [
          [
            2,
            2
          ],
          [
            0,
            14
          ]
        ]
      },
      "test": {
        "threshold": 0.5,
        "accuracy": 0.8181818181818182,
        "precision": 0.8857142857142857,
        "recall": 0.8857142857142857,
        "f1": 0.8857142857142857,
        "TNR": 0.5555555555555556,
        "TPR": 0.8857142857142857,
        "sensitivity": 0.8857142857142857,
        "specificity": 0.5555555555555556,
        "balanced_acc": 0.7206349206349206,
        "TN": 5,
        "FP": 4,
        "FN": 4,
        "TP": 31,
        "confusion_matrix": [
          [
            5,
            4
          ],
          [
            4,
            31
          ]
        ]
      },
      "train": {
        "threshold": 0.5,
        "accuracy": 0.8544303797468354,
        "precision": 0.912,
        "recall": 0.9047619047619048,
        "f1": 0.9083665338645418,
        "TNR": 0.65625,
        "TPR": 0.9047619047619048,
        "sensitivity": 0.9047619047619048,
        "specificity": 0.65625,
        "balanced_acc": 0.7805059523809523,
        "TN": 21,
        "FP": 11,
        "FN": 12,
        "TP": 114,
        "confusion_matrix": [
          [
            21,
            11
          ],
          [
            12,
            114
          ]
        ]
      }
    },
    {
      "threshold": "fixed",
      "threshold_value": 0.6,
      "val": {
        "threshold": 0.6,
        "accuracy": 0.8333333333333334,
        "precision": 0.9230769230769231,
        "recall": 0.8571428571428571,
        "f1": 0.8888888888888888,
        "TNR": 0.75,
        "TPR": 0.8571428571428571,
        "sensitivity": 0.8571428571428571,
        "specificity": 0.75,
        "balanced_acc": 0.8035714285714286,
        "TN": 3,
        "FP": 1,
        "FN": 2,
        "TP": 12,
        "confusion_matrix": [
          [
            3,
            1
          ],
          [
            2,
            12
          ]
        ]
      },
      "test": {
        "threshold": 0.6,
        "accuracy": 0.5454545454545454,
        "precision": 0.8947368421052632,
        "recall": 0.4857142857142857,
        "f1": 0.6296296296296297,
        "TNR": 0.7777777777777778,
        "TPR": 0.4857142857142857,
        "sensitivity": 0.4857142857142857,
        "specificity": 0.7777777777777778,
        "balanced_acc": 0.6317460317460317,
        "TN": 7,
        "FP": 2,
        "FN": 18,
        "TP": 17,
        "confusion_matrix": [
          [
            7,
            2
          ],
          [
            18,
            17
          ]
        ]
      },
      "train": {
        "threshold": 0.6,
        "accuracy": 0.6265822784810127,
        "precision": 0.958904109589041,
        "recall": 0.5555555555555556,
        "f1": 0.7035175879396985,
        "TNR": 0.90625,
        "TPR": 0.5555555555555556,
        "sensitivity": 0.5555555555555556,
        "specificity": 0.90625,
        "balanced_acc": 0.7309027777777778,
        "TN": 29,
        "FP": 3,
        "FN": 56,
        "TP": 70,
        "confusion_matrix": [
          [
            29,
            3
          ],
          [
            56,
            70
          ]
        ]
      }
    },
    {
      "threshold": "fixed",
      "threshold_value": 0.7,
      "val": {
        "threshold": 0.7,
        "accuracy": 0.3888888888888889,
        "precision": 1.0,
        "recall": 0.21428571428571427,
        "f1": 0.35294117647058826,
        "TNR": 1.0,
        "TPR": 0.21428571428571427,
        "sensitivity": 0.21428571428571427,
        "specificity": 1.0,
        "balanced_acc": 0.6071428571428571,
        "TN": 4,
        "FP": 0,
        "FN": 11,
        "TP": 3,
        "confusion_matrix": [
          [
            4,
            0
          ],
          [
            11,
            3
          ]
        ]
      },
      "test": {
        "threshold": 0.7,
        "accuracy": 0.3409090909090909,
        "precision": 1.0,
        "recall": 0.17142857142857143,
        "f1": 0.2926829268292683,
        "TNR": 1.0,
        "TPR": 0.17142857142857143,
        "sensitivity": 0.17142857142857143,
        "specificity": 1.0,
        "balanced_acc": 0.5857142857142857,
        "TN": 9,
        "FP": 0,
        "FN": 29,
        "TP": 6,
        "confusion_matrix": [
          [
            9,
            0
          ],
          [
            29,
            6
          ]
        ]
      },
      "train": {
        "threshold": 0.7,
        "accuracy": 0.3037974683544304,
        "precision": 1.0,
        "recall": 0.12698412698412698,
        "f1": 0.22535211267605634,
        "TNR": 1.0,
        "TPR": 0.12698412698412698,
        "sensitivity": 0.12698412698412698,
        "specificity": 1.0,
        "balanced_acc": 0.5634920634920635,
        "TN": 32,
        "FP": 0,
        "FN": 110,
        "TP": 16,