{
  "model_type": "per_day",
  "day": 24,
  "best_val_acc": 0.7777777910232544,
  "optimal_threshold": 0.53,
  "val_at_optimal": {
    "threshold": 0.53,
    "accuracy": 0.5,
    "precision": 1.0,
    "recall": 0.35714285714285715,
    "f1": 0.5263157894736842,
    "TNR": 1.0,
    "TPR": 0.35714285714285715,
    "sensitivity": 0.35714285714285715,
    "specificity": 1.0,
    "balanced_acc": 0.6785714285714286,
    "TN": 4,
    "FP": 0,
    "FN": 9,
    "TP": 5,
    "confusion_matrix": [
      [
        4,
        0
      ],
      [
        9,
        5
      ]
    ]
  },
  "test_at_optimal": {
    "threshold": 0.53,
    "accuracy": 0.5681818181818182,
    "precision": 1.0,
    "recall": 0.45714285714285713,
    "f1": 0.6274509803921569,
    "TNR": 1.0,
    "TPR": 0.45714285714285713,
    "sensitivity": 0.45714285714285713,
    "specificity": 1.0,
    "balanced_acc": 0.7285714285714285,
    "TN": 9,
    "FP": 0,
    "FN": 19,
    "TP": 16,
    "confusion_matrix": [
      [
        9,
        0
      ],
      [
        19,
        16
      ]
    ]
  },
  "val_at_0.5": {
    "threshold": 0.5,
    "accuracy": 0.7777777777777778,
    "precision": 0.8571428571428571,
    "recall": 0.8571428571428571,
    "f1": 0.8571428571428571,
    "TNR": 0.5,
    "TPR": 0.8571428571428571,
    "sensitivity": 0.8571428571428571,
    "specificity": 0.5,
    "balanced_acc": 0.6785714285714286,
    "TN": 2,
    "FP": 2,
    "FN": 2,
    "TP": 12,
    "confusion_matrix": [
      [
        2,
        2
      ],
      [
        2,
        12
      ]
    ]
  },
  "test_at_0.5": {
    "threshold": 0.5,
    "accuracy": 0.8181818181818182,
    "precision": 0.9090909090909091,
    "recall": 0.8571428571428571,
    "f1": 0.8823529411764706,
    "TNR": 0.6666666666666666,
    "TPR": 0.8571428571428571,
    "sensitivity": 0.8571428571428571,
    "specificity": 0.6666666666666666,
    "balanced_acc": 0.7619047619047619,
    "TN": 6,
    "FP": 3,
    "FN": 5,
    "TP": 30,
    "confusion_matrix": [
      [
        6,
        3
      ],
      [
        5,
        30
      ]
    ]
  },
  "threshold_results": [
    {
      "threshold": "fixed",
      "threshold_value": 0.5,
      "val": {
        "threshold": 0.5,
        "accuracy": 0.7777777777777778,
        "precision": 0.8571428571428571,
        "recall": 0.8571428571428571,
        "f1": 0.8571428571428571,
        "TNR": 0.5,
        "TPR": 0.8571428571428571,
        "sensitivity": 0.8571428571428571,
        "specificity": 0.5,
        "balanced_acc": 0.6785714285714286,
        "TN": 2,
        "FP": 2,
        "FN": 2,
        "TP": 12,
        "confusion_matrix": [
          [
            2,
            2
          ],
          [
            2,
            12
          ]
        ]
      },
      "test": {
        "threshold": 0.5,
        "accuracy": 0.8181818181818182,
        "precision": 0.9090909090909091,
        "recall": 0.8571428571428571,
        "f1": 0.8823529411764706,
        "TNR": 0.6666666666666666,
        "TPR": 0.8571428571428571,
        "sensitivity": 0.8571428571428571,
        "specificity": 0.6666666666666666,
        "balanced_acc": 0.7619047619047619,
        "TN": 6,
        "FP": 3,
        "FN": 5,
        "TP": 30,
        "confusion_matrix": [
          [
            6,
            3
          ],
          [
            5,
            30
          ]
        ]
      }
    },
    {
      "threshold": "fixed",
      "threshold_value": 0.6,
      "val": {
        "threshold": 0.6,
        "accuracy": 0.2222222222222222,
        "precision": 0.0,
        "recall": 0.0,
        "f1": 0.0,
        "TNR": 1.0,
        "TPR": 0.0,
        "sensitivity": 0.0,
        "specificity": 1.0,
        "balanced_acc": 0.5,
        "TN": 4,
        "FP": 0,
        "FN": 14,
        "TP": 0,
        "confusion_matrix": [
          [
            4,
            0
          ],
          [
            14,
            0
          ]
        ]
      },
      "test": {
        "threshold": 0.6,
        "accuracy": 0.20454545454545456,
        "precision": 0.0,
        "recall": 0.0,
        "f1": 0.0,
        "TNR": 1.0,
        "TPR": 0.0,
        "sensitivity": 0.0,
        "specificity": 1.0,
        "balanced_acc": 0.5,
        "TN": 9,
        "FP": 0,
        "FN": 35,
        "TP": 0,
        "confusion_matrix": [
          [
            9,
            0
          ],
          [
            35,
            0
          ]
        ]
      }
    },
    {
      "threshold": "fixed",
      "threshold_value": 0.7,
      "val": {
        "threshold": 0.7,
        "accuracy": 0.2222222222222222,
        "precision": 0.0,
        "recall": 0.0,
        "f1": 0.0,
        "TNR": 1.0,
        "TPR": 0.0,
        "sensitivity": 0.0,
        "specificity": 1.0,
        "balanced_acc": 0.5,
        "TN": 4,
        "FP": 0,
        "FN": 14,
        "TP": 0,
        "confusion_matrix": [
          [
            4,
            0
          ],
          [
            14,
            0
          ]
        ]
      },
      "test": {
        "threshold": 0.7,
        "accuracy": 0.20454545454545456,
        "precision": 0.0,
        "recall": 0.0,
        "f1": 0.0,
        "TNR": 1.0,
        "TPR": 0.0,
        "sensitivity": 0.0,
        "specificity": 1.0,
        "balanced_acc": 0.5,
        "TN": 9,
        "FP": 0,
        "FN": 35,
        "TP": 0,
        "confusion_matrix": [
          [
            9,
            0
          ],
          [
            35,
            0
          ]
        ]
      }
    },
    {
      "threshold": "fixed",
      "threshold_value": 0.8,
      "val": {
        "threshold": 0.8,
        "accuracy": 0.2222222222222222,
        "precision": 0.0,
        "recall": 0.0,
        "f1": 0.0,
        "TNR": 1.0,
        "TPR": 0.0,
        "sensitivity": 0.0,
        "specificity": 1.0,
        "balanced_acc": 0.5,
        "TN": 4,
        "FP": 0,
        "FN": 14,
        "TP": 0,
        "confusion_matrix": [
          [
            4,
            0
          ],
          [
            14,
            0
          ]
        ]
      },
      "test": {
        "threshold": 0.8,
        "accuracy": 0.20454545454545456,
        "precision": 0.0,
        "recall": 0.0,
        "f1": 0.0,
        "TNR": 1.0,
        "TPR": 0.0,
        "sensitivity": 0.0,
        "specificity": 1.0,
        "balanced_acc": 0.5,
        "TN": 9,
        "FP": 0,
        "FN": 35,
        "TP": 0,
        "confusion_matrix": [
          [
            9,
            0
          ],
          [
            35,
            0
          ]
        ]
      }
    },
    {
      "threshold": "fixed",
      "threshold_value": 0.9,
      "val": {
        "threshold": 0.9,
        "accuracy": 0.2222222222222222,
        "precision": 0.0,
        "recall": 0.0,
        "f1": 0.0,
        "TNR": 1.0,
        "TPR": 0.0,
        "sensitivity": 0.0,
        "specificity": 1.0,
        "balanced_acc": 0.5,
        "TN": 4,
        "FP": 0,
        "FN": 14,
        "TP": 0,
        "confusion_matrix": [
          [
            4,
            0
          ],
          [
            14,
            0
          ]
        ]
      },
      "test": {
        "threshold": 0.9,
        "accuracy": 0.20454545454545456,
        "precision": 0.0,
        "recall": 0.0,
        "f1": 0.0,
        "TNR": 1.0,
        "TPR": 0.0,
        "sensitivity": 0.0,
        "specificity": 1.0,
        "balanced_acc": 0.5,
        "TN": 9,
        "FP": 0,
        "FN": 35,
        "TP": 0,
        "confusion_matrix": [
          [
            9,
            0
          ],
          [
            35,
            0
          ]
        ]
      }
    },
    {
      "threshold": "optimal",
      "threshold_value": 0.53,
      "val": {
        "threshold": 0.53,
        "accuracy": 0.5,
        "precision": 1.0,
        "recall": 0.35714285714285715,
        "f1": 0.5263157894736842,
        "TNR": 1.0,
        "TPR": 0.35714285714285715,