{
  "model_type": "cnn_lstm",
  "day": 28.0,
  "best_val_acc": 0.8888888888888888,
  "optimal_threshold": 0.61,
  "val_at_optimal": {
    "threshold": 0.61,
    "accuracy": 0.8333333333333334,
    "precision": 0.9230769230769231,
    "recall": 0.8571428571428571,
    "f1": 0.8888888888888888,
    "TNR": 0.75,
    "TPR": 0.8571428571428571,
    "balanced_acc": 0.8035714285714286,
    "TN": 3,
    "FP": 1,
    "FN": 2,
    "TP": 12,
    "confusion_matrix": [
      [
        3,
        1
      ],
      [
        2,
        12
      ]
    ]
  },
  "test_at_optimal": {
    "threshold": 0.61,
    "accuracy": 0.6818181818181818,
    "precision": 0.8888888888888888,
    "recall": 0.6857142857142857,
    "f1": 0.7741935483870968,
    "TNR": 0.6666666666666666,
    "TPR": 0.6857142857142857,
    "balanced_acc": 0.6761904761904762,
    "TN": 6,
    "FP": 3,
    "FN": 11,
    "TP": 24,
    "confusion_matrix": [
      [
        6,
        3
      ],
      [
        11,
        24
      ]
    ]
  },
  "val_at_0.5": {
    "threshold": 0.5,
    "accuracy": 0.8888888888888888,
    "precision": 0.875,
    "recall": 1.0,
    "f1": 0.9333333333333333,
    "TNR": 0.5,
    "TPR": 1.0,
    "balanced_acc": 0.75,
    "TN": 2,
    "FP": 2,
    "FN": 0,
    "TP": 14,
    "confusion_matrix": [
      [
        2,
        2
      ],
      [
        0,
        14
      ]
    ]
  },
  "test_at_0.5": {
    "threshold": 0.5,
    "accuracy": 0.8181818181818182,
    "precision": 0.9090909090909091,
    "recall": 0.8571428571428571,
    "f1": 0.8823529411764706,
    "TNR": 0.6666666666666666,
    "TPR": 0.8571428571428571,
    "balanced_acc": 0.7619047619047619,
    "TN": 6,
    "FP": 3,
    "FN": 5,
    "TP": 30,
    "confusion_matrix": [
      [
        6,
        3
      ],
      [
        5,
        30
      ]
    ]
  },
  "train_history": [
    {
      "epoch": 1,
      "train_loss": 0.6632384568452835,
      "train_acc": 0.7848101265822784,
      "val_loss": 0.6262405316034952,
      "val_acc": 0.8333333333333334,
      "val_precision": 0.8235294117647058,
      "val_recall": 1.0,
      "val_f1": 0.9032258064516129
    },
    {
      "epoch": 2,
      "train_loss": 0.6321983367204667,
      "train_acc": 0.8227848101265823,
      "val_loss": 0.5879307786623637,
      "val_acc": 0.8333333333333334,
      "val_precision": 0.8235294117647058,
      "val_recall": 1.0,
      "val_f1": 0.9032258064516129
    },
    {
      "epoch": 3,
      "train_loss": 0.582633376121521,
      "train_acc": 0.8670886075949367,
      "val_loss": 0.5507713258266449,
      "val_acc": 0.8888888888888888,
      "val_precision": 0.875,
      "val_recall": 1.0,
      "val_f1": 0.9333333333333333
    },
    {
      "epoch": 4,
      "train_loss": 0.47056708931922914,
      "train_acc": 0.8924050632911392,
      "val_loss": 0.4746721088886261,
      "val_acc": 0.8888888888888888,
      "val_precision": 0.875,
      "val_recall": 1.0,
      "val_f1": 0.9333333333333333
    },
    {
      "epoch": 5,
      "train_loss": 0.334608668088913,
      "train_acc": 0.9177215189873418,
      "val_loss": 0.36488576233386993,
      "val_acc": 0.8333333333333334,
      "val_precision": 0.8666666666666667,
      "val_recall": 0.9285714285714286,
      "val_f1": 0.896551724137931
    },
    {
      "epoch": 6,
      "train_loss": 0.2412990503013134,
      "train_acc": 0.9493670886075949,
      "val_loss": 0.28928909699122113,
      "val_acc": 0.8333333333333334,
      "val_precision": 0.9230769230769231,
      "val_recall": 0.8571428571428571,
      "val_f1": 0.8888888888888888
    },
    {
      "epoch": 7,
      "train_loss": 0.21173521243035792,
      "train_acc": 0.9556962025316456,
      "val_loss": 0.8013453471163908,
      "val_acc": 0.8333333333333334,
      "val_precision": 0.8235294117647058,
      "val_recall": 1.0,
      "val_f1": 0.9032258064516129
    },
    {
      "epoch": 8,
      "train_loss": 0.16083447467535733,
      "train_acc": 0.9493670886075949,
      "val_loss": 0.986442801853021,
      "val_acc": 0.8333333333333334,
      "val_precision": 0.8666666666666667,
      "val_recall": 0.9285714285714286,
      "val_f1": 0.896551724137931
    },
    {
      "epoch": 9,
      "train_loss": 0.19649737235158682,
      "train_acc": 0.9240506329113924,
      "val_loss": 1.0944866941620905,
      "val_acc": 0.8333333333333334,
      "val_precision": 0.8666666666666667,
      "val_recall": 0.9285714285714286,
      "val_f1": 0.896551724137931
    },
    {
      "epoch": 10,
      "train_loss": 0.15377343948930502,
      "train_acc": 0.9556962025316456,
      "val_loss": 1.039367510471493,
      "val_acc": 0.7777777777777778,
      "val_precision": 0.8125,
      "val_recall": 0.9285714285714286,
      "val_f1": 0.8666666666666667
    },
    {
      "epoch": 11,
      "train_loss": 0.15432647224515678,
      "train_acc": 0.9430379746835443,
      "val_loss": 1.0978314772558708,
      "val_acc": 0.7777777777777778,
      "val_precision": 0.8125,
      "val_recall": 0.9285714285714286,
      "val_f1": 0.8666666666666667
    },
    {
      "epoch": 12,
      "train_loss": 0.13408942362293602,
      "train_acc": 0.9556962025316456,
      "val_loss": 1.551851817406714,
      "val_acc": 0.8333333333333334,
      "val_precision": 0.8235294117647058,
      "val_recall": 1.0,
      "val_f1": 0.9032258064516129
    },
    {
      "epoch": 13,
      "train_loss": 0.12387736290693283,
      "train_acc": 0.9620253164556962,
      "val_loss": 1.2820856757462025,
      "val_acc": 0.8333333333333334,
      "val_precision": 0.8235294117647058,
      "val_recall": 1.0,
      "val_f1": 0.9032258064516129
    },
    {
      "epoch": 14,
      "train_loss": 0.09582086075097322,
      "train_acc": 0.9620253164556962,
      "val_loss": 1.5544033483214055,
      "val_acc": 0.8333333333333334,
      "val_precision": 0.8235294117647058,
      "val_recall": 1.0,
      "val_f1": 0.9032258064516129
    },
    {
      "epoch": 15,
      "train_loss": 0.08601440745405853,
      "train_acc": 0.9683544303797469,
      "val_loss": 1.5034375153093908,
      "val_acc": 0.8333333333333334,
      "val_precision": 0.8235294117647058,
      "val_recall": 1.0,
      "val_f1": 0.9032258064516129
    },
    {
      "epoch": 16,
      "train_loss": 0.08201838824898004,
      "train_acc": 0.9683544303797469,
      "val_loss": 1.6906362989878592,
      "val_acc": 0.8333333333333334,
      "val_precision": 0.8235294117647058,
      "val_recall": 1.0,
      "val_f1": 0.9032258064516129
    },
    {
      "epoch": 17,
      "train_loss": 0.09422826124355196,
      "train_acc": 0.9620253164556962,
      "val_loss": 1.5335904081196834,
      "val_acc": 0.8333333333333334,
      "val_precision": 0.8235294117647058,
      "val_recall": 1.0,
      "val_f1": 0.9032258064516129
    },
    {
      "epoch": 18,
      "train_loss": 0.06425505720544607,
      "train_acc": 0.9810126582278481,
      "val_loss": 1.5230208865832537,
      "val_acc": 0.7777777777777778,
      "val_precision": 0.8125,
      "val_recall": 0.9285714285714286,
      "val_f1": 0.8666666666666667
    },
    {
      "epoch": 19,
      "train_loss": 0.08968238506931811,
      "train_acc": 0.9620253164556962,
      "val_loss": 1.582861820041823,
      "val_acc": 0.7777777777777778,
      "val_precision": 0.8125,
      "val_recall": 0.9285714285714286,
      "val_f1": 0.8666666666666667
    },
    {
      "epoch": 20,
      "train_loss": 0.03319388297386468,
      "train_acc": 0.9936708860759493,
      "val_loss": 1.7452514589531347,
      "val_acc": 0.8333333333333334,
      "val_precision": 0.8235294117647058,
      "val_recall": 1.0,
      "val_f1": 0.9032258064516129
    }
  ],
  "model_path": "/home/tonyluo/amanda_temporal/comparison_runs/per_day_study_overlay/cnn_lstm/day_28_0/best_model.pth"
}