{
  "day": "Dy8",
  "day_no": 8,
  "split": "test",
  "accuracy": 0.4827586206896552,
  "f1": 0.5161290322580645,
  "roc_auc": 0.5595238095238095,
  "pr_auc": 0.8196073336801246,
  "val_accuracy_for_selection": 0.6896551724137931,
  "val_n": 29,
  "test_n": 29,
  "actual_good": 21,
  "predicted_good": 10,
  "batch_size_train": 16,
  "batch_size_valtest": 16,
  "backbone_key": "vit",
  "input_key": "img_path",
  "use_mask": true
}