{
  "day": "Dy8",
  "split": "val",
  "accuracy": 0.6896551724137931,
  "f1": 0.7096774193548387,
  "roc_auc": 0.711111111111111,
  "pr_auc": 0.8900798260058007,
  "n": 29,
  "batch_size": 16,
  "input_key": "img_path",
  "use_mask": true
}