{
  "day": "Dy8",
  "day_no": 800,
  "split": "test",
  "brier": 0.2159854620695114,
  "rmse": 0.46474236249923706,
  "corr": 0.10583270341157913,
  "acc@0.5": 0.7407407407407407,
  "f1@0.5": 0.8444444444444444,
  "actual_good@0.5": 19,
  "predicted_good@0.5": 26,
  "acc@t*": 0.7407407407407407,
  "f1@t*": 0.8444444444444444,
  "bal_acc@t*": 0.5625,
  "roc_auc": 0.5197368421052632,
  "pr_auc": 0.7366300446984253,
  "threshold_used": 0.445,
  "threshold_method": "max_f1",
  "min_precision": null,
  "val_brier_for_selection": 0.18178494274616241,
  "val_n": 27,
  "test_n": 27,
  "batch_size_train": 16,
  "batch_size_valtest": 16,
  "backbone_key": "vit"
}