{
  "day": "Dy28",
  "split": "val",
  "accuracy": 0.9,
  "f1": 0.9333333333333333,
  "roc_auc": 0.8518518518518519,
  "pr_auc": 0.9197347996253831,
  "n": 30,
  "batch_size": 16,
  "input_key": "overlay_path",
  "use_mask": true
}