{
  "n_components": 12,
  "explained_variance_ratio": [
    0.09538766741752625,
    0.07724051922559738,
    0.05235832929611206,
    0.0442529022693634,
    0.03933796286582947,
    0.030486980453133583,
    0.02812395989894867,
    0.024096308276057243,
    0.02296164259314537,
    0.018537303432822227,
    0.018424658104777336,
    0.018102239817380905
  ],
  "total_explained_variance": 0.4693104922771454
}