{
  "day": "Dy6",
  "split": "val",
  "accuracy": 0.8888888888888888,
  "f1": 0.926829268292683,
  "n": 27,
  "batch_size": 16
}