{
  "day": "Dy10",
  "split": "val",
  "brier": 0.09173542261123657,
  "rmse": 0.30287855863571167,
  "acc@0.5": 0.8888888888888888,
  "f1@0.5": 0.9230769230769231,
  "corr": 0.7240680456161499,
  "roc_auc": 0.8928571428571428,
  "pr_auc": 0.9527777859488893,
  "chosen_threshold": 0.199,
  "threshold_method": "max_f1",
  "min_precision": null,
  "n": 27,
  "batch_size": 16
}