{
  "day": "Dy10",
  "day_no": 1000,
  "split": "test",
  "brier": 0.28529247641563416,
  "rmse": 0.5341277718544006,
  "corr": -0.035672929137945175,
  "acc@0.5": 0.6666666666666666,
  "f1@0.5": 0.8,
  "actual_good@0.5": 19,
  "predicted_good@0.5": 26,
  "acc@t*": 0.6666666666666666,
  "f1@t*": 0.8,
  "bal_acc@t*": 0.47368421052631576,
  "roc_auc": 0.4407894736842105,
  "pr_auc": 0.6611910749315018,
  "threshold_used": 0.199,
  "threshold_method": "max_f1",
  "min_precision": null,
  "val_brier_for_selection": 0.09173542261123657,
  "val_n": 27,
  "test_n": 27,
  "batch_size_train": 16,
  "batch_size_valtest": 16,
  "backbone_key": "resnet"
}