{
  "day": "Dy17",
  "split": "val",
  "accuracy": 0.8275862068965517,
  "f1": 0.8837209302325582,
  "n": 29,
  "batch_size": 16
}