{
  "day": "Dy03",
  "day_no": 3,
  "n_metabolite_features": 12,
  "n_image_features": 12,
  "n_total_features": 24,
  "test_accuracy": 0.7894736842105263,
  "test_f1_acceptable": 0.8787878787878788,
  "test_f1_notacceptable": 0.2,
  "test_recall_acceptable": 0.9354838709677419,
  "test_recall_notacceptable": 0.14285714285714285,
  "test_precision_acceptable": 0.8285714285714286,
  "test_precision_notacceptable": 0.3333333333333333,
  "test_specificity": 0.14285714285714285,
  "test_pr_auc": 0.8578681241297514,
  "best_params": {
    "colsample_bytree": 0.8,
    "learning_rate": 0.05,
    "max_depth": 3,
    "min_child_samples": 10,
    "n_estimators": 500,
    "num_leaves": 31,
    "subsample": 0.8
  },
  "cv_score": 0.20806100217864923,
  "pca_explained_variance": 0.6091386079788208,
  "confusion_matrix": {
    "TP": 29,
    "FP": 6,
    "TN": 1,
    "FN": 2
  }
}