{
  "n_components": 12,
  "explained_variance_ratio": [
    0.1957869976758957,
    0.09209522604942322,
    0.06972379982471466,
    0.04812523350119591,
    0.037919942289590836,
    0.033654406666755676,
    0.027877597138285637,
    0.025260046124458313,
    0.02244868315756321,
    0.02157353237271309,
    0.018390683457255363,
    0.016282489523291588
  ],
  "total_explained_variance": 0.6091386079788208
}