{
  "day": "Dy3",
  "split": "val",
  "accuracy": 0.7241379310344828,
  "f1": 0.7647058823529411,
  "n": 29,
  "batch_size": 16
}