{
  "n_components": 12,
  "explained_variance_ratio": [
    0.12552037835121155,
    0.07586415857076645,
    0.04947327822446823,
    0.03948203846812248,
    0.03527166694402695,
    0.02999253198504448,
    0.028716888278722763,
    0.02584030106663704,
    0.021584004163742065,
    0.0210579801350832,
    0.019758770242333412,
    0.017247233539819717
  ],
  "total_explained_variance": 0.4898092448711395
}