{
  "day": "Dy15",
  "split": "val",
  "brier": 0.1377113163471222,
  "rmse": 0.3710947632789612,
  "acc@0.5": 0.8148148148148148,
  "f1@0.5": 0.8888888888888888,
  "corr": 0.5555195808410645,
  "roc_auc": 0.8214285714285714,
  "pr_auc": 0.9253798774754658,
  "chosen_threshold": 0.674,
  "threshold_method": "max_f1",
  "min_precision": null,
  "n": 27,
  "batch_size": 16
}