{
  "day": "Dy15",
  "day_no": 1500,
  "split": "test",
  "brier": 0.17235104739665985,
  "rmse": 0.41515183448791504,
  "corr": 0.46441346406936646,
  "acc@0.5": 0.7407407407407407,
  "f1@0.5": 0.8372093023255814,
  "actual_good@0.5": 19,
  "predicted_good@0.5": 24,
  "acc@t*": 0.7777777777777778,
  "f1@t*": 0.85,
  "bal_acc@t*": 0.6973684210526316,
  "roc_auc": 0.7960526315789473,
  "pr_auc": 0.9004170063047434,
  "threshold_used": 0.674,
  "threshold_method": "max_f1",
  "min_precision": null,
  "val_brier_for_selection": 0.1377113163471222,
  "val_n": 27,
  "test_n": 27,
  "batch_size_train": 16,
  "batch_size_valtest": 16,
  "backbone_key": "resnet"
}