{
  "day": "Dy10",
  "day_no": 10,
  "split": "test",
  "accuracy": 0.48148148148148145,
  "f1": 0.631578947368421,
  "roc_auc": 0.618421052631579,
  "pr_auc": 0.8500478202194448,
  "val_accuracy_for_selection": 0.7777777777777778,
  "val_n": 27,
  "test_n": 27,
  "actual_good": 19,
  "predicted_good": 19,
  "batch_size_train": 16,
  "batch_size_valtest": 16,
  "backbone_key": "efficientnet"
}