{
  "day": "Dy10",
  "split": "val",
  "accuracy": 0.7777777777777778,
  "f1": 0.85,
  "roc_auc": 0.7214285714285714,
  "pr_auc": 0.8935032945926911,
  "n": 27,
  "batch_size": 16
}