{
  "day": "Dy10",
  "day_no": 10,
  "split": "test",
  "accuracy": 0.7241379310344828,
  "f1": 0.7894736842105263,
  "roc_auc": 0.6904761904761905,
  "pr_auc": 0.809837733591235,
  "val_accuracy_for_selection": 0.7931034482758621,
  "val_n": 29,
  "test_n": 29,
  "actual_good": 21,
  "predicted_good": 17,
  "batch_size_train": 16,
  "batch_size_valtest": 16,
  "backbone_key": "vit",
  "input_key": "img_path",
  "use_mask": false
}