{
  "per_model": {
    "vit": {
      "per_day": {
        "Dy3": {
          "day_no": 3,
          "test_accuracy": 0.7241379310344828,
          "test_f1": 0.8181818181818182,
          "test_roc_auc": 0.7916666666666666,
          "val_accuracy": 0.6896551724137931,
          "val_roc_auc": 0.6611111111111112,
          "test_num": 29
        },
        "Dy6": {
          "day_no": 6,
          "test_accuracy": 0.6896551724137931,
          "test_f1": 0.8,
          "test_roc_auc": 0.7142857142857143,
          "val_accuracy": 0.7586206896551724,
          "val_roc_auc": 0.7611111111111111,
          "test_num": 29
        },
        "Dy8": {
          "day_no": 8,
          "test_accuracy": 0.7241379310344828,
          "test_f1": 0.8260869565217391,
          "test_roc_auc": 0.7142857142857143,
          "val_accuracy": 0.6896551724137931,
          "val_roc_auc": 0.6444444444444445,
          "test_num": 29
        },
        "Dy10": {
          "day_no": 10,
          "test_accuracy": 0.6551724137931034,
          "test_f1": 0.782608695652174,
          "test_roc_auc": 0.47023809523809523,
          "val_accuracy": 0.7931034482758621,
          "val_roc_auc": 0.7055555555555555,
          "test_num": 29
        },
        "Dy13": {
          "day_no": 13,
          "test_accuracy": 0.7586206896551724,
          "test_f1": 0.8372093023255814,
          "test_roc_auc": 0.6607142857142857,
          "val_accuracy": 0.6896551724137931,
          "val_roc_auc": 0.5277777777777778,
          "test_num": 29
        },
        "Dy15": {
          "day_no": 15,
          "test_accuracy": 0.7241379310344828,
          "test_f1": 0.84,
          "test_roc_auc": 0.625,
          "val_accuracy": 0.6896551724137931,
          "val_roc_auc": 0.5055555555555555,
          "test_num": 29
        },
        "Dy17": {
          "day_no": 17,
          "test_accuracy": 0.6896551724137931,
          "test_f1": 0.8,
          "test_roc_auc": 0.6666666666666666,
          "val_accuracy": 0.7931034482758621,
          "val_roc_auc": 0.65,
          "test_num": 29
        },
        "Dy20_5": {
          "day_no": 20,
          "test_accuracy": 0.7586206896551724,
          "test_f1": 0.8444444444444444,
          "test_roc_auc": 0.625,
          "val_accuracy": 0.7931034482758621,
          "val_roc_auc": 0.6964285714285714,
          "test_num": 29
        },
        "Dy24": {
          "day_no": 24,
          "test_accuracy": 0.8275862068965517,
          "test_f1": 0.8717948717948718,
          "test_roc_auc": 0.8222222222222222,
          "val_accuracy": 0.9310344827586207,
          "val_roc_auc": 0.9166666666666667,
          "test_num": 29
        },
        "Dy28": {
          "day_no": 28,
          "test_accuracy": 0.8666666666666667,
          "test_f1": 0.9130434782608695,
          "test_roc_auc": 0.835978835978836,
          "val_accuracy": 0.9,
          "val_roc_auc": 0.7883597883597884,
          "test_num": 30
        },
        "Dy30": {
          "day_no": 30,
          "test_accuracy": 0.8666666666666667,
          "test_f1": 0.9130434782608695,
          "test_roc_auc": 0.888888888888889,
          "val_accuracy": 0.9,
          "val_roc_auc": 0.835978835978836,
          "test_num": 30
        }
      }
    },
    "resnet": {
      "per_day": {
        "Dy3": {
          "day_no": 3,
          "test_accuracy": 0.6896551724137931,
          "test_f1": 0.7906976744186046,
          "test_roc_auc": 0.6309523809523809,
          "val_accuracy": 0.7241379310344828,
          "val_roc_auc": 0.6722222222222223,
          "test_num": 29
        },
        "Dy6": {
          "day_no": 6,
          "test_accuracy": 0.6896551724137931,
          "test_f1": 0.7804878048780488,
          "test_roc_auc": 0.7202380952380952,
          "val_accuracy": 0.7241379310344828,
          "val_roc_auc": 0.7111111111111111,
          "test_num": 29
        },
        "Dy8": {
          "day_no": 8,
          "test_accuracy": 0.6896551724137931,
          "test_f1": 0.8,
          "test_roc_auc": 0.6011904761904763,
          "val_accuracy": 0.7586206896551724,
          "val_roc_auc": 0.7222222222222222,
          "test_num": 29
        },
        "Dy10": {
          "day_no": 10,
          "test_accuracy": 0.5517241379310345,
          "test_f1": 0.6829268292682927,
          "test_roc_auc": 0.5654761904761905,
          "val_accuracy": 0.7931034482758621,
          "val_roc_auc": 0.7555555555555555,
          "test_num": 29
        },
        "Dy13": {
          "day_no": 13,
          "test_accuracy": 0.7241379310344828,
          "test_f1": 0.84,
          "test_roc_auc": 0.42857142857142855,
          "val_accuracy": 0.6896551724137931,
          "val_roc_auc": 0.33888888888888885,
          "test_num": 29
        },
        "Dy15": {
          "day_no": 15,
          "test_accuracy": 0.6551724137931034,
          "test_f1": 0.7727272727272727,
          "test_roc_auc": 0.6130952380952381,
          "val_accuracy": 0.7241379310344828,
          "val_roc_auc": 0.6444444444444444,
          "test_num": 29
        },
        "Dy17": {
          "day_no": 17,
          "test_accuracy": 0.7241379310344828,
          "test_f1": 0.84,
          "test_roc_auc": 0.8511904761904762,
          "val_accuracy": 0.6896551724137931,
          "val_roc_auc": 0.5166666666666667,
          "test_num": 29
        },
        "Dy20_5": {
          "day_no": 20,
          "test_accuracy": 0.8275862068965517,
          "test_f1": 0.8888888888888888,
          "test_roc_auc": 0.7559523809523809,
          "val_accuracy": 0.8275862068965517,
          "val_roc_auc": 0.7321428571428571,
          "test_num": 29
        },
        "Dy24": {
          "day_no": 24,
          "test_accuracy": 0.8275862068965517,
          "test_f1": 0.8717948717948718,
          "test_roc_auc": 0.8222222222222222,
          "val_accuracy": 0.9310344827586207,
          "val_roc_auc": 0.9444444444444444,
          "test_num": 29
        },
        "Dy28": {
          "day_no": 28,
          "test_accuracy": 0.9,
          "test_f1": 0.9333333333333333,
          "test_roc_auc": 0.9259259259259259,
          "val_accuracy": 0.8666666666666667,
          "val_roc_auc": 0.8253968253968254,
          "test_num": 30
        },
        "Dy30": {
          "day_no": 30,
          "test_accuracy": 0.8333333333333334,
          "test_f1": 0.8936170212765957,
          "test_roc_auc": 0.7407407407407407,
          "val_accuracy": 0.8333333333333334,
          "val_roc_auc": 0.783068783068783,
          "test_num": 30
        }
      }
    },
    "cnn": {
      "per_day": {
        "Dy3": {
          "day_no": 3,
          "test_accuracy": 0.6551724137931034,
          "test_f1": 0.782608695652174,
          "test_roc_auc": 0.6607142857142857,
          "val_accuracy": 0.7586206896551724,
          "val_roc_auc": 0.7,
          "test_num": 29
        },
        "Dy6": {
          "day_no": 6,
          "test_accuracy": 0.7586206896551724,
          "test_f1": 0.8292682926829268,
          "test_roc_auc": 0.6785714285714286,
          "val_accuracy": 0.7241379310344828,
          "val_roc_auc": 0.6666666666666667,
          "test_num": 29
        },
        "Dy8": {
          "day_no": 8,
          "test_accuracy": 0.7241379310344828,
          "test_f1": 0.8333333333333334,
          "test_roc_auc": 0.6369047619047619,
          "val_accuracy": 0.6896551724137931,
          "val_roc_auc": 0.5777777777777777,
          "test_num": 29
        },
        "Dy10": {
          "day_no": 10,
          "test_accuracy": 0.7241379310344828,
          "test_f1": 0.8095238095238095,
          "test_roc_auc": 0.6369047619047619,
          "val_accuracy": 0.8275862068965517,
          "val_roc_auc": 0.6944444444444444,
          "test_num": 29
        },
        "Dy13": {
          "day_no": 13,
          "test_accuracy": 0.6551724137931034,
          "test_f1": 0.75,
          "test_roc_auc": 0.6428571428571428,