{
  "day": "Dy13",
  "split": "val",
  "accuracy": 0.8275862068965517,
  "f1": 0.8837209302325582,
  "roc_auc": 0.8166666666666668,
  "pr_auc": 0.8958147073085154,
  "n": 29,
  "batch_size": 16,
  "input_key": "overlay_path",
  "use_mask": true
}