{
  "day": "Dy13",
  "day_no": 13,
  "split": "test",
  "accuracy": 0.6206896551724138,
  "f1": 0.7659574468085106,
  "roc_auc": 0.5297619047619047,
  "pr_auc": 0.7803336015754336,
  "val_accuracy_for_selection": 0.8275862068965517,
  "val_n": 29,
  "test_n": 29,
  "actual_good": 21,
  "predicted_good": 26,
  "batch_size_train": 16,
  "batch_size_valtest": 16,
  "backbone_key": "vit",
  "input_key": "overlay_path",
  "use_mask": true
}