{
  "day": "Dy6",
  "split": "val",
  "accuracy": 0.8518518518518519,
  "f1": 0.9047619047619048,
  "n": 27,
  "batch_size": 16
}