{
  "day": "Dy3",
  "split": "val",
  "accuracy": 0.7586206896551724,
  "f1": 0.851063829787234,
  "roc_auc": 0.7277777777777779,
  "pr_auc": 0.8723673722691763,
  "n": 29,
  "batch_size": 16,
  "input_key": "img_path",
  "use_mask": true
}