{
  "day": "Dy17",
  "day_no": 17,
  "split": "test",
  "accuracy": 0.6896551724137931,
  "f1": 0.7906976744186046,
  "roc_auc": 0.5595238095238095,
  "pr_auc": 0.7905174666736787,
  "val_accuracy_for_selection": 0.7586206896551724,
  "val_n": 29,
  "test_n": 29,
  "actual_good": 21,
  "predicted_good": 22,
  "batch_size_train": 16,
  "batch_size_valtest": 16,
  "backbone_key": "vit",
  "input_key": "img_path",
  "use_mask": false
}