{
  "day": "Dy28",
  "split": "val",
  "brier": 0.02045910619199276,
  "rmse": 0.14303533732891083,
  "acc@0.5": 0.9629629629629629,
  "f1@0.5": 0.9743589743589743,
  "corr": 0.9462462663650513,
  "roc_auc": 1.0,
  "pr_auc": 1.0,
  "chosen_threshold": 0.198,
  "threshold_method": "max_f1",
  "min_precision": null,
  "n": 27,
  "batch_size": 16
}