{
  "day": "Dy28",
  "day_no": 2800,
  "split": "test",
  "brier": 0.1434805542230606,
  "rmse": 0.3787882626056671,
  "corr": 0.6470186114311218,
  "acc@0.5": 0.8518518518518519,
  "f1@0.5": 0.9047619047619048,
  "actual_good@0.5": 19,
  "predicted_good@0.5": 23,
  "acc@t*": 0.8148148148148148,
  "f1@t*": 0.8837209302325582,
  "bal_acc@t*": 0.6875,
  "roc_auc": 0.9144736842105263,
  "pr_auc": 0.9623411554840484,
  "threshold_used": 0.198,
  "threshold_method": "max_f1",
  "min_precision": null,
  "val_brier_for_selection": 0.02045910619199276,
  "val_n": 27,
  "test_n": 27,
  "batch_size_train": 16,
  "batch_size_valtest": 16,
  "backbone_key": "efficientnet"
}