{
  "day": "Dy13",
  "day_no": 13,
  "split": "test",
  "accuracy": 0.6896551724137931,
  "f1": 0.8163265306122449,
  "roc_auc": 0.5297619047619048,
  "pr_auc": 0.7652043341550325,
  "val_accuracy_for_selection": 0.7586206896551724,
  "val_n": 29,
  "test_n": 29,
  "actual_good": 21,
  "predicted_good": 28,
  "batch_size_train": 16,
  "batch_size_valtest": 16,
  "backbone_key": "resnet",
  "input_key": "img_path",
  "use_mask": false
}