{
  "day": "Dy3",
  "day_no": 3,
  "split": "test",
  "accuracy": 0.6206896551724138,
  "f1": 0.7317073170731707,
  "roc_auc": 0.6726190476190476,
  "pr_auc": 0.8545964088821234,
  "val_accuracy_for_selection": 0.7931034482758621,
  "val_n": 29,
  "test_n": 29,
  "actual_good": 21,
  "predicted_good": 20,
  "batch_size_train": 16,
  "batch_size_valtest": 16,
  "backbone_key": "cnn",
  "input_key": "img_path",
  "use_mask": false
}