{
  "day": "Dy3",
  "split": "val",
  "accuracy": 0.7931034482758621,
  "f1": 0.8421052631578947,
  "roc_auc": 0.7666666666666667,
  "pr_auc": 0.8920051398342476,
  "n": 29,
  "batch_size": 16,
  "input_key": "img_path",
  "use_mask": false
}