{
  "model_type": "per_day",
  "day": 26,
  "best_val_acc": 0.8333333134651184,
  "optimal_threshold": 0.52,
  "val_at_optimal": {
    "threshold": 0.52,
    "accuracy": 0.8333333333333334,
    "precision": 0.8666666666666667,
    "recall": 0.9285714285714286,
    "f1": 0.896551724137931,
    "TNR": 0.5,
    "TPR": 0.9285714285714286,
    "sensitivity": 0.9285714285714286,
    "specificity": 0.5,
    "balanced_acc": 0.7142857142857143,
    "TN": 2,
    "FP": 2,
    "FN": 1,
    "TP": 13,
    "confusion_matrix": [
      [
        2,
        2
      ],
      [
        1,
        13
      ]
    ]
  },
  "test_at_optimal": {
    "threshold": 0.52,
    "accuracy": 0.7954545454545454,
    "precision": 0.8611111111111112,
    "recall": 0.8857142857142857,
    "f1": 0.8732394366197183,
    "TNR": 0.4444444444444444,
    "TPR": 0.8857142857142857,
    "sensitivity": 0.8857142857142857,
    "specificity": 0.4444444444444444,
    "balanced_acc": 0.665079365079365,
    "TN": 4,
    "FP": 5,
    "FN": 4,
    "TP": 31,
    "confusion_matrix": [
      [
        4,
        5
      ],
      [
        4,
        31
      ]
    ]
  },
  "train_at_0.5": {
    "threshold": 0.5,
    "accuracy": 0.8164556962025317,
    "precision": 0.8211920529801324,
    "recall": 0.9841269841269841,
    "f1": 0.8953068592057761,
    "TNR": 0.15625,
    "TPR": 0.9841269841269841,
    "sensitivity": 0.9841269841269841,
    "specificity": 0.15625,
    "balanced_acc": 0.5701884920634921,
    "TN": 5,
    "FP": 27,
    "FN": 2,
    "TP": 124,
    "confusion_matrix": [
      [
        5,
        27
      ],
      [
        2,
        124
      ]
    ]
  },
  "val_at_0.5": {
    "threshold": 0.5,
    "accuracy": 0.8333333333333334,
    "precision": 0.8235294117647058,
    "recall": 1.0,
    "f1": 0.9032258064516129,
    "TNR": 0.25,
    "TPR": 1.0,
    "sensitivity": 1.0,
    "specificity": 0.25,
    "balanced_acc": 0.625,
    "TN": 1,
    "FP": 3,
    "FN": 0,
    "TP": 14,
    "confusion_matrix": [
      [
        1,
        3
      ],
      [
        0,
        14
      ]
    ]
  },
  "test_at_0.5": {
    "threshold": 0.5,
    "accuracy": 0.8409090909090909,
    "precision": 0.85,
    "recall": 0.9714285714285714,
    "f1": 0.9066666666666666,
    "TNR": 0.3333333333333333,
    "TPR": 0.9714285714285714,
    "sensitivity": 0.9714285714285714,
    "specificity": 0.3333333333333333,
    "balanced_acc": 0.6523809523809524,
    "TN": 3,
    "FP": 6,
    "FN": 1,
    "TP": 34,
    "confusion_matrix": [
      [
        3,
        6
      ],
      [
        1,
        34
      ]
    ]
  },
  "threshold_results": [
    {
      "threshold": "fixed",
      "threshold_value": 0.5,
      "val": {
        "threshold": 0.5,
        "accuracy": 0.8333333333333334,
        "precision": 0.8235294117647058,
        "recall": 1.0,
        "f1": 0.9032258064516129,
        "TNR": 0.25,
        "TPR": 1.0,
        "sensitivity": 1.0,
        "specificity": 0.25,
        "balanced_acc": 0.625,
        "TN": 1,
        "FP": 3,
        "FN": 0,
        "TP": 14,
        "confusion_matrix": [
          [
            1,
            3
          ],
          [
            0,
            14
          ]
        ]
      },
      "test": {
        "threshold": 0.5,
        "accuracy": 0.8409090909090909,
        "precision": 0.85,
        "recall": 0.9714285714285714,
        "f1": 0.9066666666666666,
        "TNR": 0.3333333333333333,
        "TPR": 0.9714285714285714,
        "sensitivity": 0.9714285714285714,
        "specificity": 0.3333333333333333,
        "balanced_acc": 0.6523809523809524,
        "TN": 3,
        "FP": 6,
        "FN": 1,
        "TP": 34,
        "confusion_matrix": [
          [
            3,
            6
          ],
          [
            1,
            34
          ]
        ]
      },
      "train": {
        "threshold": 0.5,
        "accuracy": 0.8164556962025317,
        "precision": 0.8211920529801324,
        "recall": 0.9841269841269841,
        "f1": 0.8953068592057761,
        "TNR": 0.15625,
        "TPR": 0.9841269841269841,
        "sensitivity": 0.9841269841269841,
        "specificity": 0.15625,
        "balanced_acc": 0.5701884920634921,
        "TN": 5,
        "FP": 27,
        "FN": 2,
        "TP": 124,
        "confusion_matrix": [
          [
            5,
            27
          ],
          [
            2,
            124
          ]
        ]
      }
    },
    {
      "threshold": "fixed",
      "threshold_value": 0.6,
      "val": {
        "threshold": 0.6,
        "accuracy": 0.2777777777777778,
        "precision": 1.0,
        "recall": 0.07142857142857142,
        "f1": 0.13333333333333333,
        "TNR": 1.0,
        "TPR": 0.07142857142857142,
        "sensitivity": 0.07142857142857142,
        "specificity": 1.0,
        "balanced_acc": 0.5357142857142857,
        "TN": 4,
        "FP": 0,
        "FN": 13,
        "TP": 1,
        "confusion_matrix": [
          [
            4,
            0
          ],
          [
            13,
            1
          ]
        ]
      },
      "test": {
        "threshold": 0.6,
        "accuracy": 0.2727272727272727,
        "precision": 1.0,
        "recall": 0.08571428571428572,
        "f1": 0.15789473684210525,
        "TNR": 1.0,
        "TPR": 0.08571428571428572,
        "sensitivity": 0.08571428571428572,
        "specificity": 1.0,
        "balanced_acc": 0.5428571428571428,
        "TN": 9,
        "FP": 0,
        "FN": 32,
        "TP": 3,
        "confusion_matrix": [
          [
            9,
            0
          ],
          [
            32,
            3
          ]
        ]
      },
      "train": {
        "threshold": 0.6,
        "accuracy": 0.22151898734177214,
        "precision": 1.0,
        "recall": 0.023809523809523808,
        "f1": 0.046511627906976744,
        "TNR": 1.0,
        "TPR": 0.023809523809523808,
        "sensitivity": 0.023809523809523808,
        "specificity": 1.0,
        "balanced_acc": 0.5119047619047619,
        "TN": 32,
        "FP": 0,
        "FN": 123,
        "TP": 3,
        "confusion_matrix": [
          [
            32,
            0
          ],
          [
            123,
            3
          ]
        ]
      }
    },
    {
      "threshold": "fixed",
      "threshold_value": 0.7,
      "val": {
        "threshold": 0.7,
        "accuracy": 0.2222222222222222,
        "precision": 0.0,
        "recall": 0.0,
        "f1": 0.0,
        "TNR": 1.0,
        "TPR": 0.0,
        "sensitivity": 0.0,
        "specificity": 1.0,
        "balanced_acc": 0.5,
        "TN": 4,
        "FP": 0,
        "FN": 14,
        "TP": 0,
        "confusion_matrix": [
          [
            4,
            0
          ],
          [
            14,
            0
          ]
        ]
      },
      "test": {
        "threshold": 0.7,
        "accuracy": 0.20454545454545456,
        "precision": 0.0,
        "recall": 0.0,
        "f1": 0.0,
        "TNR": 1.0,
        "TPR": 0.0,
        "sensitivity": 0.0,
        "specificity": 1.0,
        "balanced_acc": 0.5,
        "TN": 9,
        "FP": 0,
        "FN": 35,
        "TP": 0,
        "confusion_matrix": [
          [
            9,
            0
          ],
          [
            35,
            0
          ]
        ]
      },
      "train": {
        "threshold": 0.7,
        "accuracy": 0.20253164556962025,
        "precision": 0.0,
        "recall": 0.0,
        "f1": 0.0,
        "TNR": 1.0,
        "TPR": 0.0,
        "sensitivity": 0.0,
        "specificity": 1.0,
        "balanced_acc": 0.5,
        "TN": 32,
        "FP": 0,
        "FN": 126,
        "TP": 0,
        "confusion_matrix": [
          [
            32,
            0
          ],
          [
            126,
            0
          ]
        ]
      }
    },
    {
      "threshold": "fixed",
      "threshold_value": 0.8,
      "val": {
        "threshold": 0.8,
        "accuracy": 0.2222222222222222,
        "precision": 0.0,