{
  "day": "Dy10",
  "split": "val",
  "brier": 0.17568384110927582,
  "rmse": 0.4191465675830841,
  "acc@0.5": 0.7777777777777778,
  "f1@0.5": 0.8636363636363636,
  "corr": 0.29465723037719727,
  "roc_auc": 0.7,
  "pr_auc": 0.8770832794226757,
  "chosen_threshold": 0.402,
  "threshold_method": "max_f1",
  "min_precision": null,
  "n": 27,
  "batch_size": 16
}