{
  "day": "Dy10",
  "day_no": 1000,
  "split": "test",
  "brier": 0.2518157362937927,
  "rmse": 0.5018124580383301,
  "corr": -0.18874019384384155,
  "acc@0.5": 0.6666666666666666,
  "f1@0.5": 0.7906976744186046,
  "actual_good@0.5": 19,
  "predicted_good@0.5": 24,
  "acc@t*": 0.6666666666666666,
  "f1@t*": 0.8,
  "bal_acc@t*": 0.47368421052631576,
  "roc_auc": 0.34868421052631576,
  "pr_auc": 0.6673547051744868,
  "threshold_used": 0.402,
  "threshold_method": "max_f1",
  "min_precision": null,
  "val_brier_for_selection": 0.17568384110927582,
  "val_n": 27,
  "test_n": 27,
  "batch_size_train": 16,
  "batch_size_valtest": 16,
  "backbone_key": "vit"
}