{
  "day": "Dy10",
  "split": "val",
  "accuracy": 0.8275862068965517,
  "f1": 0.8780487804878049,
  "roc_auc": 0.8111111111111111,
  "pr_auc": 0.8950448911457378,
  "n": 29,
  "batch_size": 16,
  "input_key": "overlay_path",
  "use_mask": true
}