{
  "n_components": 12,
  "explained_variance_ratio": [
    0.1246459111571312,
    0.07338844984769821,
    0.05737030506134033,
    0.04866692051291466,
    0.03919914737343788,
    0.031727902591228485,
    0.027213238179683685,
    0.026026343926787376,
    0.023756330832839012,
    0.023000523447990417,
    0.022026967257261276,
    0.019157035276293755
  ],
  "total_explained_variance": 0.516179084777832
}