{
  "day": "Dy28",
  "split": "val",
  "accuracy": 0.8666666666666667,
  "f1": 0.9047619047619048,
  "roc_auc": 0.8306878306878307,
  "pr_auc": 0.9073310385782747,
  "n": 30,
  "batch_size": 16,
  "input_key": "img_path",
  "use_mask": false
}