{
  "model_type": "per_day",
  "day": 13,
  "best_val_acc": 0.8333333134651184,
  "optimal_threshold": 0.69,
  "val_at_optimal": {
    "threshold": 0.69,
    "accuracy": 0.5555555555555556,
    "precision": 1.0,
    "recall": 0.42857142857142855,
    "f1": 0.6,
    "TNR": 1.0,
    "TPR": 0.42857142857142855,
    "sensitivity": 0.42857142857142855,
    "specificity": 1.0,
    "balanced_acc": 0.7142857142857143,
    "TN": 4,
    "FP": 0,
    "FN": 8,
    "TP": 6,
    "confusion_matrix": [
      [
        4,
        0
      ],
      [
        8,
        6
      ]
    ]
  },
  "test_at_optimal": {
    "threshold": 0.69,
    "accuracy": 0.2727272727272727,
    "precision": 0.8,
    "recall": 0.11428571428571428,
    "f1": 0.2,
    "TNR": 0.8888888888888888,
    "TPR": 0.11428571428571428,
    "sensitivity": 0.11428571428571428,
    "specificity": 0.8888888888888888,
    "balanced_acc": 0.5015873015873016,
    "TN": 8,
    "FP": 1,
    "FN": 31,
    "TP": 4,
    "confusion_matrix": [
      [
        8,
        1
      ],
      [
        31,
        4
      ]
    ]
  },
  "val_at_0.5": {
    "threshold": 0.5,
    "accuracy": 0.8333333333333334,
    "precision": 0.8235294117647058,
    "recall": 1.0,
    "f1": 0.9032258064516129,
    "TNR": 0.25,
    "TPR": 1.0,
    "sensitivity": 1.0,
    "specificity": 0.25,
    "balanced_acc": 0.625,
    "TN": 1,
    "FP": 3,
    "FN": 0,
    "TP": 14,
    "confusion_matrix": [
      [
        1,
        3
      ],
      [
        0,
        14
      ]
    ]
  },
  "test_at_0.5": {
    "threshold": 0.5,
    "accuracy": 0.8181818181818182,
    "precision": 0.8648648648648649,
    "recall": 0.9142857142857143,
    "f1": 0.8888888888888888,
    "TNR": 0.4444444444444444,
    "TPR": 0.9142857142857143,
    "sensitivity": 0.9142857142857143,
    "specificity": 0.4444444444444444,
    "balanced_acc": 0.6793650793650794,
    "TN": 4,
    "FP": 5,
    "FN": 3,
    "TP": 32,
    "confusion_matrix": [
      [
        4,
        5
      ],
      [
        3,
        32
      ]
    ]
  },
  "threshold_results": [
    {
      "threshold": "fixed",
      "threshold_value": 0.5,
      "val": {
        "threshold": 0.5,
        "accuracy": 0.8333333333333334,
        "precision": 0.8235294117647058,
        "recall": 1.0,
        "f1": 0.9032258064516129,
        "TNR": 0.25,
        "TPR": 1.0,
        "sensitivity": 1.0,
        "specificity": 0.25,
        "balanced_acc": 0.625,
        "TN": 1,
        "FP": 3,
        "FN": 0,
        "TP": 14,
        "confusion_matrix": [
          [
            1,
            3
          ],
          [
            0,
            14
          ]
        ]
      },
      "test": {
        "threshold": 0.5,
        "accuracy": 0.8181818181818182,
        "precision": 0.8648648648648649,
        "recall": 0.9142857142857143,
        "f1": 0.8888888888888888,
        "TNR": 0.4444444444444444,
        "TPR": 0.9142857142857143,
        "sensitivity": 0.9142857142857143,
        "specificity": 0.4444444444444444,
        "balanced_acc": 0.6793650793650794,
        "TN": 4,
        "FP": 5,
        "FN": 3,
        "TP": 32,
        "confusion_matrix": [
          [
            4,
            5
          ],
          [
            3,
            32
          ]
        ]
      }
    },
    {
      "threshold": "fixed",
      "threshold_value": 0.6,
      "val": {
        "threshold": 0.6,
        "accuracy": 0.6111111111111112,
        "precision": 0.7692307692307693,
        "recall": 0.7142857142857143,
        "f1": 0.7407407407407407,
        "TNR": 0.25,
        "TPR": 0.7142857142857143,
        "sensitivity": 0.7142857142857143,
        "specificity": 0.25,
        "balanced_acc": 0.48214285714285715,
        "TN": 1,
        "FP": 3,
        "FN": 4,
        "TP": 10,
        "confusion_matrix": [
          [
            1,
            3
          ],
          [
            4,
            10
          ]
        ]
      },
      "test": {
        "threshold": 0.6,
        "accuracy": 0.6136363636363636,
        "precision": 0.9090909090909091,
        "recall": 0.5714285714285714,
        "f1": 0.7017543859649122,
        "TNR": 0.7777777777777778,
        "TPR": 0.5714285714285714,
        "sensitivity": 0.5714285714285714,
        "specificity": 0.7777777777777778,
        "balanced_acc": 0.6746031746031746,
        "TN": 7,
        "FP": 2,
        "FN": 15,
        "TP": 20,
        "confusion_matrix": [
          [
            7,
            2
          ],
          [
            15,
            20
          ]
        ]
      }
    },
    {
      "threshold": "fixed",
      "threshold_value": 0.7,
      "val": {
        "threshold": 0.7,
        "accuracy": 0.5,
        "precision": 1.0,
        "recall": 0.35714285714285715,
        "f1": 0.5263157894736842,
        "TNR": 1.0,
        "TPR": 0.35714285714285715,
        "sensitivity": 0.35714285714285715,
        "specificity": 1.0,
        "balanced_acc": 0.6785714285714286,
        "TN": 4,
        "FP": 0,
        "FN": 9,
        "TP": 5,
        "confusion_matrix": [
          [
            4,
            0
          ],
          [
            9,
            5
          ]
        ]
      },
      "test": {
        "threshold": 0.7,
        "accuracy": 0.25,
        "precision": 0.75,
        "recall": 0.08571428571428572,
        "f1": 0.15384615384615385,
        "TNR": 0.8888888888888888,
        "TPR": 0.08571428571428572,
        "sensitivity": 0.08571428571428572,
        "specificity": 0.8888888888888888,
        "balanced_acc": 0.4873015873015873,
        "TN": 8,
        "FP": 1,
        "FN": 32,
        "TP": 3,
        "confusion_matrix": [
          [
            8,
            1
          ],
          [
            32,
            3
          ]
        ]
      }
    },
    {
      "threshold": "fixed",
      "threshold_value": 0.8,
      "val": {
        "threshold": 0.8,
        "accuracy": 0.2222222222222222,
        "precision": 0.0,
        "recall": 0.0,
        "f1": 0.0,
        "TNR": 1.0,
        "TPR": 0.0,
        "sensitivity": 0.0,
        "specificity": 1.0,
        "balanced_acc": 0.5,
        "TN": 4,
        "FP": 0,
        "FN": 14,
        "TP": 0,
        "confusion_matrix": [
          [
            4,
            0
          ],
          [
            14,
            0
          ]
        ]
      },
      "test": {
        "threshold": 0.8,
        "accuracy": 0.20454545454545456,
        "precision": 0.0,
        "recall": 0.0,
        "f1": 0.0,
        "TNR": 1.0,
        "TPR": 0.0,
        "sensitivity": 0.0,
        "specificity": 1.0,
        "balanced_acc": 0.5,
        "TN": 9,
        "FP": 0,
        "FN": 35,
        "TP": 0,
        "confusion_matrix": [
          [
            9,
            0
          ],
          [
            35,
            0
          ]
        ]
      }
    },
    {
      "threshold": "fixed",
      "threshold_value": 0.9,
      "val": {
        "threshold": 0.9,
        "accuracy": 0.2222222222222222,
        "precision": 0.0,
        "recall": 0.0,
        "f1": 0.0,
        "TNR": 1.0,
        "TPR": 0.0,
        "sensitivity": 0.0,
        "specificity": 1.0,
        "balanced_acc": 0.5,
        "TN": 4,
        "FP": 0,
        "FN": 14,
        "TP": 0,
        "confusion_matrix": [
          [
            4,
            0
          ],
          [
            14,
            0
          ]
        ]
      },
      "test": {
        "threshold": 0.9,
        "accuracy": 0.20454545454545456,
        "precision": 0.0,
        "recall": 0.0,
        "f1": 0.0,
        "TNR": 1.0,
        "TPR": 0.0,
        "sensitivity": 0.0,
        "specificity": 1.0,
        "balanced_acc": 0.5,
        "TN": 9,
        "FP": 0,
        "FN": 35,
        "TP": 0,
        "confusion_matrix": [
          [
            9,
            0
          ],
          [
            35,
            0
          ]
        ]
      }
    },
    {
      "threshold": "optimal",