{
  "day": "Dy17",
  "day_no": 17,
  "split": "test",
  "accuracy": 0.6896551724137931,
  "f1": 0.8163265306122449,
  "roc_auc": 0.7142857142857143,
  "pr_auc": 0.8733681028330345,
  "val_accuracy_for_selection": 0.6896551724137931,
  "val_n": 29,
  "test_n": 29,
  "actual_good": 21,
  "predicted_good": 28,
  "batch_size_train": 16,
  "batch_size_valtest": 16,
  "backbone_key": "cnn",
  "input_key": "overlay_path",
  "use_mask": true
}