{
  "day": "Dy20_5",
  "day_no": 20,
  "split": "test",
  "accuracy": 0.896551724137931,
  "f1": 0.9333333333333333,
  "roc_auc": 0.7857142857142857,
  "pr_auc": 0.8865707345064309,
  "val_accuracy_for_selection": 0.8620689655172413,
  "val_n": 29,
  "test_n": 29,
  "actual_good": 21,
  "predicted_good": 24,
  "batch_size_train": 16,
  "batch_size_valtest": 16,
  "backbone_key": "cnn",
  "input_key": "overlay_path",
  "use_mask": false
}