{
  "day": "Dy6",
  "split": "val",
  "accuracy": 0.8888888888888888,
  "f1": 0.926829268292683,
  "roc_auc": 0.9214285714285714,
  "pr_auc": 0.9745191409897294,
  "n": 27,
  "batch_size": 16
}