{
  "day": "Dy3",
  "split": "val",
  "brier": 0.12061279267072678,
  "rmse": 0.34729352593421936,
  "acc@0.5": 0.8148148148148148,
  "f1@0.5": 0.8888888888888888,
  "corr": 0.7324762344360352,
  "roc_auc": 0.8499999999999999,
  "pr_auc": 0.8885912780123811,
  "chosen_threshold": 0.8180000000000001,
  "threshold_method": "max_f1",
  "min_precision": null,
  "n": 27,
  "batch_size": 16
}