{
  "day": "Dy3",
  "day_no": 300,
  "split": "test",
  "brier": 0.25598156452178955,
  "rmse": 0.5059462189674377,
  "corr": 0.10282289236783981,
  "acc@0.5": 0.7037037037037037,
  "f1@0.5": 0.8181818181818182,
  "actual_good@0.5": 19,
  "predicted_good@0.5": 25,
  "acc@t*": 0.5925925925925926,
  "f1@t*": 0.717948717948718,
  "bal_acc@t*": 0.4934210526315789,
  "roc_auc": 0.5921052631578947,
  "pr_auc": 0.8162351998013806,
  "threshold_used": 0.8180000000000001,
  "threshold_method": "max_f1",
  "min_precision": null,
  "val_brier_for_selection": 0.12061279267072678,
  "val_n": 27,
  "test_n": 27,
  "batch_size_train": 16,
  "batch_size_valtest": 16,
  "backbone_key": "resnet"
}