{
  "day": "Dy24",
  "day_no": 24,
  "split": "test",
  "accuracy": 0.7586206896551724,
  "f1": 0.8292682926829268,
  "roc_auc": 0.788888888888889,
  "pr_auc": 0.9136970749838398,
  "val_accuracy_for_selection": 0.8620689655172413,
  "val_n": 29,
  "test_n": 29,
  "actual_good": 20,
  "predicted_good": 21,
  "batch_size_train": 16,
  "batch_size_valtest": 16,
  "backbone_key": "cnn",
  "input_key": "overlay_path",
  "use_mask": false
}