{
  "day": "Dy24",
  "split": "val",
  "accuracy": 0.8620689655172413,
  "f1": 0.9090909090909091,
  "roc_auc": 0.888888888888889,
  "pr_auc": 0.9449819064328084,
  "n": 29,
  "batch_size": 16,
  "input_key": "overlay_path",
  "use_mask": false
}