{
  "model_type": "cnn_lstm",
  "day": 20.5,
  "best_val_acc": 0.8823529411764706,
  "optimal_threshold": 0.76,
  "val_at_optimal": {
    "threshold": 0.76,
    "accuracy": 0.7647058823529411,
    "precision": 1.0,
    "recall": 0.7142857142857143,
    "f1": 0.8333333333333334,
    "TNR": 1.0,
    "TPR": 0.7142857142857143,
    "balanced_acc": 0.8571428571428572,
    "TN": 3,
    "FP": 0,
    "FN": 4,
    "TP": 10,
    "confusion_matrix": [
      [
        3,
        0
      ],
      [
        4,
        10
      ]
    ]
  },
  "test_at_optimal": {
    "threshold": 0.76,
    "accuracy": 0.46153846153846156,
    "precision": 0.9285714285714286,
    "recall": 0.3939393939393939,
    "f1": 0.5531914893617021,
    "TNR": 0.8333333333333334,
    "TPR": 0.3939393939393939,
    "balanced_acc": 0.6136363636363636,
    "TN": 5,
    "FP": 1,
    "FN": 20,
    "TP": 13,
    "confusion_matrix": [
      [
        5,
        1
      ],
      [
        20,
        13
      ]
    ]
  },
  "val_at_0.5": {
    "threshold": 0.5,
    "accuracy": 0.8823529411764706,
    "precision": 0.9285714285714286,
    "recall": 0.9285714285714286,
    "f1": 0.9285714285714286,
    "TNR": 0.6666666666666666,
    "TPR": 0.9285714285714286,
    "balanced_acc": 0.7976190476190477,
    "TN": 2,
    "FP": 1,
    "FN": 1,
    "TP": 13,
    "confusion_matrix": [
      [
        2,
        1
      ],
      [
        1,
        13
      ]
    ]
  },
  "test_at_0.5": {
    "threshold": 0.5,
    "accuracy": 0.5128205128205128,
    "precision": 0.85,
    "recall": 0.5151515151515151,
    "f1": 0.6415094339622641,
    "TNR": 0.5,
    "TPR": 0.5151515151515151,
    "balanced_acc": 0.5075757575757576,
    "TN": 3,
    "FP": 3,
    "FN": 16,
    "TP": 17,
    "confusion_matrix": [
      [
        3,
        3
      ],
      [
        16,
        17
      ]
    ]
  },
  "train_history": [
    {
      "epoch": 1,
      "train_loss": 0.6900112315228111,
      "train_acc": 0.7181208053691275,
      "val_loss": 0.666421135266622,
      "val_acc": 0.8235294117647058,
      "val_precision": 0.8235294117647058,
      "val_recall": 1.0,
      "val_f1": 0.9032258064516129
    },
    {
      "epoch": 2,
      "train_loss": 0.6686211228370667,
      "train_acc": 0.8187919463087249,
      "val_loss": 0.6541844407717387,
      "val_acc": 0.8235294117647058,
      "val_precision": 0.8235294117647058,
      "val_recall": 1.0,
      "val_f1": 0.9032258064516129
    },
    {
      "epoch": 3,
      "train_loss": 0.6556999840234455,
      "train_acc": 0.8053691275167785,
      "val_loss": 0.6398298343022665,
      "val_acc": 0.8235294117647058,
      "val_precision": 0.8235294117647058,
      "val_recall": 1.0,
      "val_f1": 0.9032258064516129
    },
    {
      "epoch": 4,
      "train_loss": 0.6027546054438541,
      "train_acc": 0.8523489932885906,
      "val_loss": 0.641829232374827,
      "val_acc": 0.7647058823529411,
      "val_precision": 0.8125,
      "val_recall": 0.9285714285714286,
      "val_f1": 0.8666666666666667
    },
    {
      "epoch": 5,
      "train_loss": 0.4928780668660214,
      "train_acc": 0.8926174496644296,
      "val_loss": 0.5823330283164978,
      "val_acc": 0.7647058823529411,
      "val_precision": 0.8125,
      "val_recall": 0.9285714285714286,
      "val_f1": 0.8666666666666667
    },
    {
      "epoch": 6,
      "train_loss": 0.35907608192217977,
      "train_acc": 0.912751677852349,
      "val_loss": 0.6068176875511805,
      "val_acc": 0.7647058823529411,
      "val_precision": 0.8125,
      "val_recall": 0.9285714285714286,
      "val_f1": 0.8666666666666667
    },
    {
      "epoch": 7,
      "train_loss": 0.23884265830642298,
      "train_acc": 0.9463087248322147,
      "val_loss": 1.0089406066884596,
      "val_acc": 0.7647058823529411,
      "val_precision": 0.8125,
      "val_recall": 0.9285714285714286,
      "val_f1": 0.8666666666666667
    },
    {
      "epoch": 8,
      "train_loss": 0.22249450738002596,
      "train_acc": 0.9463087248322147,
      "val_loss": 0.5066623290379842,
      "val_acc": 0.7647058823529411,
      "val_precision": 0.9166666666666666,
      "val_recall": 0.7857142857142857,
      "val_f1": 0.8461538461538461
    },
    {
      "epoch": 9,
      "train_loss": 0.24798337154482542,
      "train_acc": 0.8791946308724832,
      "val_loss": 0.7061366339524587,
      "val_acc": 0.5294117647058824,
      "val_precision": 1.0,
      "val_recall": 0.42857142857142855,
      "val_f1": 0.6
    },
    {
      "epoch": 10,
      "train_loss": 0.2074051598871225,
      "train_acc": 0.9530201342281879,
      "val_loss": 0.43909422556559247,
      "val_acc": 0.8823529411764706,
      "val_precision": 0.9285714285714286,
      "val_recall": 0.9285714285714286,
      "val_f1": 0.9285714285714286
    },
    {
      "epoch": 11,
      "train_loss": 0.11309228763964616,
      "train_acc": 0.959731543624161,
      "val_loss": 0.8811961275835832,
      "val_acc": 0.8235294117647058,
      "val_precision": 0.8666666666666667,
      "val_recall": 0.9285714285714286,
      "val_f1": 0.896551724137931
    },
    {
      "epoch": 12,
      "train_loss": 0.20131388512489043,
      "train_acc": 0.9395973154362416,
      "val_loss": 0.6460836914678415,
      "val_acc": 0.7647058823529411,
      "val_precision": 0.8571428571428571,
      "val_recall": 0.8571428571428571,
      "val_f1": 0.8571428571428571
    },
    {
      "epoch": 13,
      "train_loss": 0.09764025634840916,
      "train_acc": 0.9664429530201343,
      "val_loss": 0.8461929919819037,
      "val_acc": 0.7647058823529411,
      "val_precision": 0.8571428571428571,
      "val_recall": 0.8571428571428571,
      "val_f1": 0.8571428571428571
    },
    {
      "epoch": 14,
      "train_loss": 0.060538524026541335,
      "train_acc": 0.9731543624161074,
      "val_loss": 1.213728417797635,
      "val_acc": 0.8235294117647058,
      "val_precision": 0.8666666666666667,
      "val_recall": 0.9285714285714286,
      "val_f1": 0.896551724137931
    },
    {
      "epoch": 15,
      "train_loss": 0.08340392773970962,
      "train_acc": 0.959731543624161,
      "val_loss": 1.1702366818984349,
      "val_acc": 0.7647058823529411,
      "val_precision": 0.8571428571428571,
      "val_recall": 0.8571428571428571,
      "val_f1": 0.8571428571428571
    },
    {
      "epoch": 16,
      "train_loss": 0.03785254196018765,
      "train_acc": 0.9731543624161074,
      "val_loss": 1.1741005964577198,
      "val_acc": 0.7647058823529411,
      "val_precision": 0.8571428571428571,
      "val_recall": 0.8571428571428571,
      "val_f1": 0.8571428571428571
    },
    {
      "epoch": 17,
      "train_loss": 0.03710074427439586,
      "train_acc": 0.9932885906040269,
      "val_loss": 1.1564709295829136,
      "val_acc": 0.8235294117647058,
      "val_precision": 0.8666666666666667,
      "val_recall": 0.9285714285714286,
      "val_f1": 0.896551724137931
    },
    {
      "epoch": 18,
      "train_loss": 0.024668556147892224,
      "train_acc": 0.9932885906040269,
      "val_loss": 1.409795795256893,
      "val_acc": 0.8235294117647058,
      "val_precision": 0.8666666666666667,
      "val_recall": 0.9285714285714286,
      "val_f1": 0.896551724137931
    },
    {
      "epoch": 19,
      "train_loss": 0.035468477106310035,
      "train_acc": 0.9798657718120806,
      "val_loss": 1.3739804855237405,
      "val_acc": 0.8235294117647058,
      "val_precision": 0.8666666666666667,
      "val_recall": 0.9285714285714286,
      "val_f1": 0.896551724137931
    },
    {
      "epoch": 20,
      "train_loss": 0.018239697919374232,
      "train_acc": 0.9865771812080537,
      "val_loss": 1.026698152224223,
      "val_acc": 0.6470588235294118,
      "val_precision": 0.9,
      "val_recall": 0.6428571428571429,
      "val_f1": 0.75
    }
  ],
  "model_path": "/home/tonyluo/amanda_temporal/comparison_runs/per_day_study_overlay/cnn_lstm/day_20_5/best_model.pth"
}