{
  "day": "Dy30",
  "day_no": 30,
  "split": "test",
  "accuracy": 0.8333333333333334,
  "f1": 0.8936170212765957,
  "roc_auc": 0.962962962962963,
  "pr_auc": 0.9852261606396948,
  "val_accuracy_for_selection": 0.9333333333333333,
  "val_n": 30,
  "test_n": 30,
  "actual_good": 21,
  "predicted_good": 26,
  "batch_size_train": 16,
  "batch_size_valtest": 16,
  "backbone_key": "vit",
  "input_key": "img_path",
  "use_mask": false
}