{
  "n_components": 12,
  "explained_variance_ratio": [
    0.09037850797176361,
    0.08236701786518097,
    0.054766248911619186,
    0.04606296122074127,
    0.0422937348484993,
    0.03178064152598381,
    0.02628670632839203,
    0.024868788197636604,
    0.020854726433753967,
    0.019803907722234726,
    0.016891811043024063,
    0.016547461971640587
  ],
  "total_explained_variance": 0.4729025065898895
}