{
  "model_type": "per_day",
  "day": 6,
  "best_val_acc": 0.8888888955116272,
  "optimal_threshold": 0.48,
  "val_at_optimal": {
    "threshold": 0.48,
    "accuracy": 0.8888888888888888,
    "precision": 0.9285714285714286,
    "recall": 0.9285714285714286,
    "f1": 0.9285714285714286,
    "TNR": 0.75,
    "TPR": 0.9285714285714286,
    "sensitivity": 0.9285714285714286,
    "specificity": 0.75,
    "balanced_acc": 0.8392857142857143,
    "TN": 3,
    "FP": 1,
    "FN": 1,
    "TP": 13,
    "confusion_matrix": [
      [
        3,
        1
      ],
      [
        1,
        13
      ]
    ]
  },
  "test_at_optimal": {
    "threshold": 0.48,
    "accuracy": 0.7045454545454546,
    "precision": 0.8928571428571429,
    "recall": 0.7142857142857143,
    "f1": 0.7936507936507936,
    "TNR": 0.6666666666666666,
    "TPR": 0.7142857142857143,
    "sensitivity": 0.7142857142857143,
    "specificity": 0.6666666666666666,
    "balanced_acc": 0.6904761904761905,
    "TN": 6,
    "FP": 3,
    "FN": 10,
    "TP": 25,
    "confusion_matrix": [
      [
        6,
        3
      ],
      [
        10,
        25
      ]
    ]
  },
  "val_at_0.5": {
    "threshold": 0.5,
    "accuracy": 0.7777777777777778,
    "precision": 0.9166666666666666,
    "recall": 0.7857142857142857,
    "f1": 0.8461538461538461,
    "TNR": 0.75,
    "TPR": 0.7857142857142857,
    "sensitivity": 0.7857142857142857,
    "specificity": 0.75,
    "balanced_acc": 0.7678571428571428,
    "TN": 3,
    "FP": 1,
    "FN": 3,
    "TP": 11,
    "confusion_matrix": [
      [
        3,
        1
      ],
      [
        3,
        11
      ]
    ]
  },
  "test_at_0.5": {
    "threshold": 0.5,
    "accuracy": 0.6818181818181818,
    "precision": 0.8888888888888888,
    "recall": 0.6857142857142857,
    "f1": 0.7741935483870968,
    "TNR": 0.6666666666666666,
    "TPR": 0.6857142857142857,
    "sensitivity": 0.6857142857142857,
    "specificity": 0.6666666666666666,
    "balanced_acc": 0.6761904761904762,
    "TN": 6,
    "FP": 3,
    "FN": 11,
    "TP": 24,
    "confusion_matrix": [
      [
        6,
        3
      ],
      [
        11,
        24
      ]
    ]
  },
  "threshold_results": [
    {
      "threshold": "fixed",
      "threshold_value": 0.5,
      "val": {
        "threshold": 0.5,
        "accuracy": 0.7777777777777778,
        "precision": 0.9166666666666666,
        "recall": 0.7857142857142857,
        "f1": 0.8461538461538461,
        "TNR": 0.75,
        "TPR": 0.7857142857142857,
        "sensitivity": 0.7857142857142857,
        "specificity": 0.75,
        "balanced_acc": 0.7678571428571428,
        "TN": 3,
        "FP": 1,
        "FN": 3,
        "TP": 11,
        "confusion_matrix": [
          [
            3,
            1
          ],
          [
            3,
            11
          ]
        ]
      },
      "test": {
        "threshold": 0.5,
        "accuracy": 0.6818181818181818,
        "precision": 0.8888888888888888,
        "recall": 0.6857142857142857,
        "f1": 0.7741935483870968,
        "TNR": 0.6666666666666666,
        "TPR": 0.6857142857142857,
        "sensitivity": 0.6857142857142857,
        "specificity": 0.6666666666666666,
        "balanced_acc": 0.6761904761904762,
        "TN": 6,
        "FP": 3,
        "FN": 11,
        "TP": 24,
        "confusion_matrix": [
          [
            6,
            3
          ],
          [
            11,
            24
          ]
        ]
      }
    },
    {
      "threshold": "fixed",
      "threshold_value": 0.6,
      "val": {
        "threshold": 0.6,
        "accuracy": 0.6666666666666666,
        "precision": 0.9,
        "recall": 0.6428571428571429,
        "f1": 0.75,
        "TNR": 0.75,
        "TPR": 0.6428571428571429,
        "sensitivity": 0.6428571428571429,
        "specificity": 0.75,
        "balanced_acc": 0.6964285714285714,
        "TN": 3,
        "FP": 1,
        "FN": 5,
        "TP": 9,
        "confusion_matrix": [
          [
            3,
            1
          ],
          [
            5,
            9
          ]
        ]
      },
      "test": {
        "threshold": 0.6,
        "accuracy": 0.5227272727272727,
        "precision": 0.8888888888888888,
        "recall": 0.45714285714285713,
        "f1": 0.6037735849056604,
        "TNR": 0.7777777777777778,
        "TPR": 0.45714285714285713,
        "sensitivity": 0.45714285714285713,
        "specificity": 0.7777777777777778,
        "balanced_acc": 0.6174603174603175,
        "TN": 7,
        "FP": 2,
        "FN": 19,
        "TP": 16,
        "confusion_matrix": [
          [
            7,
            2
          ],
          [
            19,
            16
          ]
        ]
      }
    },
    {
      "threshold": "fixed",
      "threshold_value": 0.7,
      "val": {
        "threshold": 0.7,
        "accuracy": 0.6111111111111112,
        "precision": 0.8888888888888888,
        "recall": 0.5714285714285714,
        "f1": 0.6956521739130435,
        "TNR": 0.75,
        "TPR": 0.5714285714285714,
        "sensitivity": 0.5714285714285714,
        "specificity": 0.75,
        "balanced_acc": 0.6607142857142857,
        "TN": 3,
        "FP": 1,
        "FN": 6,
        "TP": 8,
        "confusion_matrix": [
          [
            3,
            1
          ],
          [
            6,
            8
          ]
        ]
      },
      "test": {
        "threshold": 0.7,
        "accuracy": 0.5,
        "precision": 0.9333333333333333,
        "recall": 0.4,
        "f1": 0.56,
        "TNR": 0.8888888888888888,
        "TPR": 0.4,
        "sensitivity": 0.4,
        "specificity": 0.8888888888888888,
        "balanced_acc": 0.6444444444444444,
        "TN": 8,
        "FP": 1,
        "FN": 21,
        "TP": 14,
        "confusion_matrix": [
          [
            8,
            1
          ],
          [
            21,
            14
          ]
        ]
      }
    },
    {
      "threshold": "fixed",
      "threshold_value": 0.8,
      "val": {
        "threshold": 0.8,
        "accuracy": 0.5,
        "precision": 0.8571428571428571,
        "recall": 0.42857142857142855,
        "f1": 0.5714285714285714,
        "TNR": 0.75,
        "TPR": 0.42857142857142855,
        "sensitivity": 0.42857142857142855,
        "specificity": 0.75,
        "balanced_acc": 0.5892857142857143,
        "TN": 3,
        "FP": 1,
        "FN": 8,
        "TP": 6,
        "confusion_matrix": [
          [
            3,
            1
          ],
          [
            8,
            6
          ]
        ]
      },
      "test": {
        "threshold": 0.8,
        "accuracy": 0.45454545454545453,
        "precision": 0.9230769230769231,
        "recall": 0.34285714285714286,
        "f1": 0.5,
        "TNR": 0.8888888888888888,
        "TPR": 0.34285714285714286,
        "sensitivity": 0.34285714285714286,
        "specificity": 0.8888888888888888,
        "balanced_acc": 0.6158730158730159,
        "TN": 8,
        "FP": 1,
        "FN": 23,
        "TP": 12,
        "confusion_matrix": [
          [
            8,
            1
          ],
          [
            23,
            12
          ]
        ]
      }
    },
    {
      "threshold": "fixed",
      "threshold_value": 0.9,
      "val": {
        "threshold": 0.9,
        "accuracy": 0.2222222222222222,
        "precision": 0.0,
        "recall": 0.0,
        "f1": 0.0,
        "TNR": 1.0,
        "TPR": 0.0,
        "sensitivity": 0.0,
        "specificity": 1.0,
        "balanced_acc": 0.5,
        "TN": 4,
        "FP": 0,
        "FN": 14,
        "TP": 0,
        "confusion_matrix": [
          [
            4,
            0
          ],
          [
            14,
            0
          ]
        ]
      },
      "test": {
        "threshold": 0.9,
        "accuracy": 0.25,
        "precision": 1.0,
        "recall": 0.05714285714285714,
        "f1": 0.10810810810810811,
        "TNR": 1.0,
        "TPR": 0.05714285714285714,