{
  "day": "Dy6",
  "split": "val",
  "accuracy": 0.6896551724137931,
  "f1": 0.8,
  "roc_auc": 0.5888888888888889,
  "pr_auc": 0.7642291829237164,
  "n": 29,
  "batch_size": 16,
  "input_key": "img_path",
  "use_mask": false
}