{
  "day": "Dy13",
  "split": "val",
  "accuracy": 0.6896551724137931,
  "f1": 0.7567567567567568,
  "n": 29,
  "batch_size": 16
}