{
  "day": "Dy15",
  "split": "val",
  "accuracy": 0.6896551724137931,
  "f1": 0.7906976744186046,
  "roc_auc": 0.538888888888889,
  "pr_auc": 0.7406144571273291,
  "n": 29,
  "batch_size": 16,
  "input_key": "overlay_path",
  "use_mask": false
}