{
  "day": "Dy15",
  "day_no": 15,
  "split": "test",
  "accuracy": 0.5862068965517241,
  "f1": 0.7272727272727273,
  "roc_auc": 0.6190476190476191,
  "pr_auc": 0.8665287952907867,
  "val_accuracy_for_selection": 0.6896551724137931,
  "val_n": 29,
  "test_n": 29,
  "actual_good": 21,
  "predicted_good": 23,
  "batch_size_train": 16,
  "batch_size_valtest": 16,
  "backbone_key": "vit",
  "input_key": "overlay_path",
  "use_mask": false
}