{
  "day": "Dy3",
  "split": "val",
  "accuracy": 0.7586206896551724,
  "f1": 0.8372093023255814,
  "roc_auc": 0.7444444444444445,
  "pr_auc": 0.8839991430723697,
  "n": 29,
  "batch_size": 16,
  "input_key": "overlay_path",
  "use_mask": true
}