{
  "day": "Dy24",
  "day_no": 24,
  "split": "test",
  "accuracy": 0.8888888888888888,
  "f1": 0.926829268292683,
  "roc_auc": 0.9144736842105263,
  "pr_auc": 0.9602920256558025,
  "val_accuracy_for_selection": 0.9629629629629629,
  "val_n": 27,
  "test_n": 27,
  "actual_good": 19,
  "predicted_good": 22,
  "batch_size_train": 16,
  "batch_size_valtest": 16,
  "backbone_key": "efficientnet"
}