{
  "day": "Dy24",
  "split": "val",
  "accuracy": 0.9629629629629629,
  "f1": 0.9743589743589743,
  "roc_auc": 0.9785714285714284,
  "pr_auc": 0.9934782608695654,
  "n": 27,
  "batch_size": 16
}