{
  "day": "Dy20_5",
  "day_no": 20,
  "split": "test",
  "accuracy": 0.7777777777777778,
  "f1": 0.8333333333333334,
  "roc_auc": 0.8157894736842105,
  "pr_auc": 0.9021622638039453,
  "val_accuracy_for_selection": 0.9629629629629629,
  "val_n": 27,
  "test_n": 27,
  "actual_good": 19,
  "predicted_good": 17,
  "batch_size_train": 16,
  "batch_size_valtest": 16,
  "backbone_key": "efficientnet"
}