{
  "day": "Dy20_5",
  "split": "val",
  "accuracy": 0.9629629629629629,
  "f1": 0.9743589743589743,
  "roc_auc": 1.0,
  "pr_auc": 1.0,
  "n": 27,
  "batch_size": 16
}