{
  "day": "Dy8",
  "split": "val",
  "accuracy": 0.8275862068965517,
  "f1": 0.8780487804878049,
  "n": 29,
  "batch_size": 16
}