{
  "per_day_test_accuracy": {
    "Dy3": 0.7586206896551724,
    "Dy6": 0.7241379310344828,
    "Dy8": 0.7241379310344828,
    "Dy10": 0.6428571428571429,
    "Dy13": 0.7586206896551724,
    "Dy15": 0.6206896551724138,
    "Dy17": 0.7241379310344828,
    "Dy20_5": 0.6896551724137931,
    "Dy24": 0.7586206896551724,
    "Dy28": 0.8275862068965517,
    "Dy30": 0.8620689655172413
  },
  "overall_best": {
    "day": "Dy30",
    "day_no": 30,
    "backbone_key": "vit",
    "test_accuracy": 0.8620689655172413,
    "test_f1": 0.9047619047619048,
    "selection_val_accuracy": 0.8620689655172413
  },
  "batch_size_train": 16,
  "batch_size_valtest": 16,
  "split_fractions": {
    "train": 0.8,
    "val": 0.1,
    "test": 0.1
  }
}