{
  "day": "Dy6",
  "split": "val",
  "accuracy": 0.6896551724137931,
  "f1": 0.8163265306122449,
  "roc_auc": 0.6722222222222223,
  "pr_auc": 0.8067404752476014,
  "n": 29,
  "batch_size": 16,
  "input_key": "img_path",
  "use_mask": false
}