{
  "n_components": 12,
  "explained_variance_ratio": [
    0.17640335857868195,
    0.09534808993339539,
    0.06931642442941666,
    0.053786665201187134,
    0.04477647691965103,
    0.040279895067214966,
    0.031116116791963577,
    0.02685871720314026,
    0.02382414974272251,
    0.02206430584192276,
    0.018619799986481667,
    0.014964448288083076
  ],
  "total_explained_variance": 0.6173585057258606
}