{
  "day": "Dy15",
  "day_no": 15,
  "split": "test",
  "accuracy": 0.6896551724137931,
  "f1": 0.8085106382978723,
  "val_accuracy_for_selection": 0.6896551724137931,
  "val_n": 29,
  "test_n": 29,
  "actual_good": 21,
  "predicted_good": 26,
  "batch_size_train": 16,
  "batch_size_valtest": 16,
  "backbone_key": "vit"
}