{
  "day": "Dy6",
  "split": "val",
  "accuracy": 0.7241379310344828,
  "f1": 0.8095238095238095,
  "roc_auc": 0.7000000000000001,
  "pr_auc": 0.8377238964738966,
  "n": 29,
  "batch_size": 16,
  "input_key": "overlay_path",
  "use_mask": true
}