{
  "n_components": 12,
  "explained_variance_ratio": [
    0.09393259882926941,
    0.07775521278381348,
    0.05674324557185173,
    0.05110795050859451,
    0.0400799959897995,
    0.029351618140935898,
    0.02718815766274929,
    0.023810196667909622,
    0.021307244896888733,
    0.01834510639309883,
    0.01704399287700653,
    0.016825521364808083
  ],
  "total_explained_variance": 0.4734908640384674
}