{
  "day": "Dy10",
  "day_no": 10,
  "split": "test",
  "accuracy": 0.5862068965517241,
  "f1": 0.7142857142857143,
  "roc_auc": 0.636904761904762,
  "pr_auc": 0.8335458811164027,
  "val_accuracy_for_selection": 0.7241379310344828,
  "val_n": 29,
  "test_n": 29,
  "actual_good": 21,
  "predicted_good": 21,
  "batch_size_train": 16,
  "batch_size_valtest": 16,
  "backbone_key": "resnet",
  "input_key": "img_path",
  "use_mask": true
}