{
  "n_components": 12,
  "explained_variance_ratio": [
    0.18181440234184265,
    0.0893510952591896,
    0.07102561742067337,
    0.0515584833920002,
    0.04441316798329353,
    0.038313400000333786,
    0.03346382454037666,
    0.027588343247771263,
    0.023623617365956306,
    0.021530380472540855,
    0.01872572861611843,
    0.015508259646594524
  ],
  "total_explained_variance": 0.6169163584709167
}