{
  "n_components": 12,
  "explained_variance_ratio": [
    0.1007039025425911,
    0.07765130698680878,
    0.05590585991740227,
    0.04954873397946358,
    0.041506487876176834,
    0.029534270986914635,
    0.02510935068130493,
    0.022227147594094276,
    0.021152282133698463,
    0.019482366740703583,
    0.01863875798881054,
    0.01774199865758419
  ],
  "total_explained_variance": 0.4792024791240692
}