{
  "n_components": 12,
  "explained_variance_ratio": [
    0.18181848526000977,
    0.08935103565454483,
    0.07102302461862564,
    0.0515640527009964,
    0.04441151022911072,
    0.0383232980966568,
    0.033461473882198334,
    0.02758760005235672,
    0.02362494356930256,
    0.021534034982323647,
    0.01872028224170208,
    0.015507408417761326
  ],
  "total_explained_variance": 0.6169271469116211
}