{
  "day": "Dy15",
  "split": "val",
  "accuracy": 0.6896551724137931,
  "f1": 0.8085106382978723,
  "roc_auc": 0.5,
  "pr_auc": 0.7222579620460055,
  "n": 29,
  "batch_size": 16,
  "input_key": "overlay_path",
  "use_mask": false
}