{
  "day": "Dy6",
  "split": "val",
  "accuracy": 0.7586206896551724,
  "f1": 0.8108108108108109,
  "roc_auc": 0.6944444444444444,
  "pr_auc": 0.8162615018932411,
  "n": 29,
  "batch_size": 16,
  "input_key": "img_path",
  "use_mask": false
}