{
  "day": "Dy6",
  "day_no": 6,
  "split": "test",
  "accuracy": 0.6206896551724138,
  "f1": 0.6857142857142857,
  "roc_auc": 0.7083333333333333,
  "pr_auc": 0.8908591888269952,
  "val_accuracy_for_selection": 0.7586206896551724,
  "val_n": 29,
  "test_n": 29,
  "actual_good": 21,
  "predicted_good": 14,
  "batch_size_train": 16,
  "batch_size_valtest": 16,
  "backbone_key": "resnet",
  "input_key": "img_path",
  "use_mask": false
}