{
  "day": "Dy24",
  "split": "val",
  "accuracy": 0.896551724137931,
  "f1": 0.926829268292683,
  "roc_auc": 0.8666666666666667,
  "pr_auc": 0.9062162654596866,
  "n": 29,
  "batch_size": 16,
  "input_key": "overlay_path",
  "use_mask": true
}