{
  "day": "Dy17",
  "day_no": 17,
  "n_metabolite_features": 12,
  "n_image_features": 12,
  "n_total_features": 24,
  "test_accuracy": 0.8378378378378378,
  "test_f1_acceptable": 0.9090909090909091,
  "test_f1_notacceptable": 0.25,
  "test_recall_acceptable": 0.967741935483871,
  "test_recall_notacceptable": 0.16666666666666666,
  "test_precision_acceptable": 0.8571428571428571,
  "test_precision_notacceptable": 0.5,
  "test_specificity": 0.16666666666666666,
  "test_pr_auc": 0.8825516700990735,
  "best_params": {
    "colsample_bytree": 0.8,
    "learning_rate": 0.1,
    "max_depth": 6,
    "min_child_samples": 20,
    "n_estimators": 200,
    "num_leaves": 31,
    "subsample": 0.8
  },
  "cv_score": 0.2793650793650793,
  "pca_explained_variance": 0.5049057006835938,
  "confusion_matrix": {
    "TP": 30,
    "FP": 5,
    "TN": 1,
    "FN": 1
  }
}