{
  "n_components": 12,
  "explained_variance_ratio": [
    0.11816513538360596,
    0.07492711395025253,
    0.06370469927787781,
    0.04732516035437584,
    0.035592153668403625,
    0.03169345110654831,
    0.028092393651604652,
    0.02392439916729927,
    0.023042993620038033,
    0.02131086215376854,
    0.01964760757982731,
    0.017479734495282173
  ],
  "total_explained_variance": 0.5049057006835938
}