{
  "day": "Dy28",
  "day_no": 28,
  "n_metabolite_features": 12,
  "n_image_features": 12,
  "n_total_features": 24,
  "test_accuracy": 0.8409090909090909,
  "test_f1_acceptable": 0.9041095890410958,
  "test_f1_notacceptable": 0.5333333333333333,
  "test_recall_acceptable": 0.9428571428571428,
  "test_recall_notacceptable": 0.4444444444444444,
  "test_precision_acceptable": 0.868421052631579,
  "test_precision_notacceptable": 0.6666666666666666,
  "test_specificity": 0.4444444444444444,
  "test_pr_auc": 0.981979429344596,
  "best_params": {
    "colsample_bytree": 0.8,
    "learning_rate": 0.05,
    "max_depth": 3,
    "min_child_samples": 20,
    "n_estimators": 200,
    "num_leaves": 31,
    "subsample": 0.8
  },
  "cv_score": 0.5922222222222223,
  "pca_explained_variance": 0.4614950716495514,
  "confusion_matrix": {
    "TP": 33,
    "FP": 5,
    "TN": 4,
    "FN": 2
  }
}