{
  "n_components": 12,
  "explained_variance_ratio": [
    0.11080577969551086,
    0.06136070564389229,
    0.052845582365989685,
    0.04267426207661629,
    0.035715069621801376,
    0.029194217175245285,
    0.026453537866473198,
    0.02422512136399746,
    0.02199164219200611,
    0.020311452448368073,
    0.018113426864147186,
    0.01780429668724537
  ],
  "total_explained_variance": 0.4614950716495514
}