{
  "day": "Dy3",
  "split": "val",
  "accuracy": 0.7586206896551724,
  "f1": 0.851063829787234,
  "n": 29,
  "batch_size": 16
}