{
  "day": "Dy30",
  "day_no": 30,
  "split": "test",
  "accuracy": 0.8518518518518519,
  "f1": 0.9047619047619048,
  "roc_auc": 0.9078947368421053,
  "pr_auc": 0.9610038353459405,
  "val_accuracy_for_selection": 1.0,
  "val_n": 27,
  "test_n": 27,
  "actual_good": 19,
  "predicted_good": 23,
  "batch_size_train": 16,
  "batch_size_valtest": 16,
  "backbone_key": "vit"
}