{
  "day": "Dy13",
  "split": "val",
  "accuracy": 0.7777777777777778,
  "f1": 0.8571428571428571,
  "n": 27,
  "batch_size": 16
}