{
  "n_components": 12,
  "explained_variance_ratio": [
    0.11266309022903442,
    0.057459693402051926,
    0.052600372582674026,
    0.041280347853899,
    0.03332534059882164,
    0.029716268181800842,
    0.027866147458553314,
    0.02369214966893196,
    0.02268853224813938,
    0.020572159439325333,
    0.018582431599497795,
    0.01812310330569744
  ],
  "total_explained_variance": 0.45856964588165283
}