{
  "model_type": "per_day",
  "day": 13,
  "best_val_acc": 0.8333333134651184,
  "optimal_threshold": 0.58,
  "val_at_optimal": {
    "threshold": 0.58,
    "accuracy": 0.6111111111111112,
    "precision": 1.0,
    "recall": 0.5,
    "f1": 0.6666666666666666,
    "TNR": 1.0,
    "TPR": 0.5,
    "sensitivity": 0.5,
    "specificity": 1.0,
    "balanced_acc": 0.75,
    "TN": 4,
    "FP": 0,
    "FN": 7,
    "TP": 7,
    "confusion_matrix": [
      [
        4,
        0
      ],
      [
        7,
        7
      ]
    ]
  },
  "test_at_optimal": {
    "threshold": 0.58,
    "accuracy": 0.6136363636363636,
    "precision": 0.9090909090909091,
    "recall": 0.5714285714285714,
    "f1": 0.7017543859649122,
    "TNR": 0.7777777777777778,
    "TPR": 0.5714285714285714,
    "sensitivity": 0.5714285714285714,
    "specificity": 0.7777777777777778,
    "balanced_acc": 0.6746031746031746,
    "TN": 7,
    "FP": 2,
    "FN": 15,
    "TP": 20,
    "confusion_matrix": [
      [
        7,
        2
      ],
      [
        15,
        20
      ]
    ]
  },
  "val_at_0.5": {
    "threshold": 0.5,
    "accuracy": 0.8333333333333334,
    "precision": 0.8235294117647058,
    "recall": 1.0,
    "f1": 0.9032258064516129,
    "TNR": 0.25,
    "TPR": 1.0,
    "sensitivity": 1.0,
    "specificity": 0.25,
    "balanced_acc": 0.625,
    "TN": 1,
    "FP": 3,
    "FN": 0,
    "TP": 14,
    "confusion_matrix": [
      [
        1,
        3
      ],
      [
        0,
        14
      ]
    ]
  },
  "test_at_0.5": {
    "threshold": 0.5,
    "accuracy": 0.7954545454545454,
    "precision": 0.825,
    "recall": 0.9428571428571428,
    "f1": 0.88,
    "TNR": 0.2222222222222222,
    "TPR": 0.9428571428571428,
    "sensitivity": 0.9428571428571428,
    "specificity": 0.2222222222222222,
    "balanced_acc": 0.5825396825396825,
    "TN": 2,
    "FP": 7,
    "FN": 2,
    "TP": 33,
    "confusion_matrix": [
      [
        2,
        7
      ],
      [
        2,
        33
      ]
    ]
  },
  "threshold_results": [
    {
      "threshold": "fixed",
      "threshold_value": 0.5,
      "val": {
        "threshold": 0.5,
        "accuracy": 0.8333333333333334,
        "precision": 0.8235294117647058,
        "recall": 1.0,
        "f1": 0.9032258064516129,
        "TNR": 0.25,
        "TPR": 1.0,
        "sensitivity": 1.0,
        "specificity": 0.25,
        "balanced_acc": 0.625,
        "TN": 1,
        "FP": 3,
        "FN": 0,
        "TP": 14,
        "confusion_matrix": [
          [
            1,
            3
          ],
          [
            0,
            14
          ]
        ]
      },
      "test": {
        "threshold": 0.5,
        "accuracy": 0.7954545454545454,
        "precision": 0.825,
        "recall": 0.9428571428571428,
        "f1": 0.88,
        "TNR": 0.2222222222222222,
        "TPR": 0.9428571428571428,
        "sensitivity": 0.9428571428571428,
        "specificity": 0.2222222222222222,
        "balanced_acc": 0.5825396825396825,
        "TN": 2,
        "FP": 7,
        "FN": 2,
        "TP": 33,
        "confusion_matrix": [
          [
            2,
            7
          ],
          [
            2,
            33
          ]
        ]
      }
    },
    {
      "threshold": "fixed",
      "threshold_value": 0.6,
      "val": {
        "threshold": 0.6,
        "accuracy": 0.3333333333333333,
        "precision": 1.0,
        "recall": 0.14285714285714285,
        "f1": 0.25,
        "TNR": 1.0,
        "TPR": 0.14285714285714285,
        "sensitivity": 0.14285714285714285,
        "specificity": 1.0,
        "balanced_acc": 0.5714285714285714,
        "TN": 4,
        "FP": 0,
        "FN": 12,
        "TP": 2,
        "confusion_matrix": [
          [
            4,
            0
          ],
          [
            12,
            2
          ]
        ]
      },
      "test": {
        "threshold": 0.6,
        "accuracy": 0.45454545454545453,
        "precision": 0.8666666666666667,
        "recall": 0.37142857142857144,
        "f1": 0.52,
        "TNR": 0.7777777777777778,
        "TPR": 0.37142857142857144,
        "sensitivity": 0.37142857142857144,
        "specificity": 0.7777777777777778,
        "balanced_acc": 0.5746031746031746,
        "TN": 7,
        "FP": 2,
        "FN": 22,
        "TP": 13,
        "confusion_matrix": [
          [
            7,
            2
          ],
          [
            22,
            13
          ]
        ]
      }
    },
    {
      "threshold": "fixed",
      "threshold_value": 0.7,
      "val": {
        "threshold": 0.7,
        "accuracy": 0.2222222222222222,
        "precision": 0.0,
        "recall": 0.0,
        "f1": 0.0,
        "TNR": 1.0,
        "TPR": 0.0,
        "sensitivity": 0.0,
        "specificity": 1.0,
        "balanced_acc": 0.5,
        "TN": 4,
        "FP": 0,
        "FN": 14,
        "TP": 0,
        "confusion_matrix": [
          [
            4,
            0
          ],
          [
            14,
            0
          ]
        ]
      },
      "test": {
        "threshold": 0.7,
        "accuracy": 0.20454545454545456,
        "precision": 0.0,
        "recall": 0.0,
        "f1": 0.0,
        "TNR": 1.0,
        "TPR": 0.0,
        "sensitivity": 0.0,
        "specificity": 1.0,
        "balanced_acc": 0.5,
        "TN": 9,
        "FP": 0,
        "FN": 35,
        "TP": 0,
        "confusion_matrix": [
          [
            9,
            0
          ],
          [
            35,
            0
          ]
        ]
      }
    },
    {
      "threshold": "fixed",
      "threshold_value": 0.8,
      "val": {
        "threshold": 0.8,
        "accuracy": 0.2222222222222222,
        "precision": 0.0,
        "recall": 0.0,
        "f1": 0.0,
        "TNR": 1.0,
        "TPR": 0.0,
        "sensitivity": 0.0,
        "specificity": 1.0,
        "balanced_acc": 0.5,
        "TN": 4,
        "FP": 0,
        "FN": 14,
        "TP": 0,
        "confusion_matrix": [
          [
            4,
            0
          ],
          [
            14,
            0
          ]
        ]
      },
      "test": {
        "threshold": 0.8,
        "accuracy": 0.20454545454545456,
        "precision": 0.0,
        "recall": 0.0,
        "f1": 0.0,
        "TNR": 1.0,
        "TPR": 0.0,
        "sensitivity": 0.0,
        "specificity": 1.0,
        "balanced_acc": 0.5,
        "TN": 9,
        "FP": 0,
        "FN": 35,
        "TP": 0,
        "confusion_matrix": [
          [
            9,
            0
          ],
          [
            35,
            0
          ]
        ]
      }
    },
    {
      "threshold": "fixed",
      "threshold_value": 0.9,
      "val": {
        "threshold": 0.9,
        "accuracy": 0.2222222222222222,
        "precision": 0.0,
        "recall": 0.0,
        "f1": 0.0,
        "TNR": 1.0,
        "TPR": 0.0,
        "sensitivity": 0.0,
        "specificity": 1.0,
        "balanced_acc": 0.5,
        "TN": 4,
        "FP": 0,
        "FN": 14,
        "TP": 0,
        "confusion_matrix": [
          [
            4,
            0
          ],
          [
            14,
            0
          ]
        ]
      },
      "test": {
        "threshold": 0.9,
        "accuracy": 0.20454545454545456,
        "precision": 0.0,
        "recall": 0.0,
        "f1": 0.0,
        "TNR": 1.0,
        "TPR": 0.0,
        "sensitivity": 0.0,
        "specificity": 1.0,
        "balanced_acc": 0.5,
        "TN": 9,
        "FP": 0,
        "FN": 35,
        "TP": 0,
        "confusion_matrix": [
          [
            9,
            0
          ],
          [
            35,
            0
          ]
        ]
      }
    },
    {
      "threshold": "optimal",
      "threshold_value": 0.58,
      "val": {
        "threshold": 0.58,
        "accuracy": 0.6111111111111112,
        "precision": 1.0,
        "recall": 0.5,
        "f1": 0.6666666666666666,
        "TNR": 1.0,
        "TPR": 0.5,
        "sensitivity": 0.5,