{
  "model_type": "per_day",
  "day": 15,
  "best_val_acc": 0.7777777910232544,
  "optimal_threshold": 0.5700000000000001,
  "val_at_optimal": {
    "threshold": 0.5700000000000001,
    "accuracy": 0.6666666666666666,
    "precision": 0.9,
    "recall": 0.6428571428571429,
    "f1": 0.75,
    "TNR": 0.75,
    "TPR": 0.6428571428571429,
    "sensitivity": 0.6428571428571429,
    "specificity": 0.75,
    "balanced_acc": 0.6964285714285714,
    "TN": 3,
    "FP": 1,
    "FN": 5,
    "TP": 9,
    "confusion_matrix": [
      [
        3,
        1
      ],
      [
        5,
        9
      ]
    ]
  },
  "test_at_optimal": {
    "threshold": 0.5700000000000001,
    "accuracy": 0.6136363636363636,
    "precision": 0.875,
    "recall": 0.6,
    "f1": 0.711864406779661,
    "TNR": 0.6666666666666666,
    "TPR": 0.6,
    "sensitivity": 0.6,
    "specificity": 0.6666666666666666,
    "balanced_acc": 0.6333333333333333,
    "TN": 6,
    "FP": 3,
    "FN": 14,
    "TP": 21,
    "confusion_matrix": [
      [
        6,
        3
      ],
      [
        14,
        21
      ]
    ]
  },
  "val_at_0.5": {
    "threshold": 0.5,
    "accuracy": 0.7777777777777778,
    "precision": 0.8125,
    "recall": 0.9285714285714286,
    "f1": 0.8666666666666667,
    "TNR": 0.25,
    "TPR": 0.9285714285714286,
    "sensitivity": 0.9285714285714286,
    "specificity": 0.25,
    "balanced_acc": 0.5892857142857143,
    "TN": 1,
    "FP": 3,
    "FN": 1,
    "TP": 13,
    "confusion_matrix": [
      [
        1,
        3
      ],
      [
        1,
        13
      ]
    ]
  },
  "test_at_0.5": {
    "threshold": 0.5,
    "accuracy": 0.8181818181818182,
    "precision": 0.9090909090909091,
    "recall": 0.8571428571428571,
    "f1": 0.8823529411764706,
    "TNR": 0.6666666666666666,
    "TPR": 0.8571428571428571,
    "sensitivity": 0.8571428571428571,
    "specificity": 0.6666666666666666,
    "balanced_acc": 0.7619047619047619,
    "TN": 6,
    "FP": 3,
    "FN": 5,
    "TP": 30,
    "confusion_matrix": [
      [
        6,
        3
      ],
      [
        5,
        30
      ]
    ]
  },
  "threshold_results": [
    {
      "threshold": "fixed",
      "threshold_value": 0.5,
      "val": {
        "threshold": 0.5,
        "accuracy": 0.7777777777777778,
        "precision": 0.8125,
        "recall": 0.9285714285714286,
        "f1": 0.8666666666666667,
        "TNR": 0.25,
        "TPR": 0.9285714285714286,
        "sensitivity": 0.9285714285714286,
        "specificity": 0.25,
        "balanced_acc": 0.5892857142857143,
        "TN": 1,
        "FP": 3,
        "FN": 1,
        "TP": 13,
        "confusion_matrix": [
          [
            1,
            3
          ],
          [
            1,
            13
          ]
        ]
      },
      "test": {
        "threshold": 0.5,
        "accuracy": 0.8181818181818182,
        "precision": 0.9090909090909091,
        "recall": 0.8571428571428571,
        "f1": 0.8823529411764706,
        "TNR": 0.6666666666666666,
        "TPR": 0.8571428571428571,
        "sensitivity": 0.8571428571428571,
        "specificity": 0.6666666666666666,
        "balanced_acc": 0.7619047619047619,
        "TN": 6,
        "FP": 3,
        "FN": 5,
        "TP": 30,
        "confusion_matrix": [
          [
            6,
            3
          ],
          [
            5,
            30
          ]
        ]
      }
    },
    {
      "threshold": "fixed",
      "threshold_value": 0.6,
      "val": {
        "threshold": 0.6,
        "accuracy": 0.6666666666666666,
        "precision": 0.9,
        "recall": 0.6428571428571429,
        "f1": 0.75,
        "TNR": 0.75,
        "TPR": 0.6428571428571429,
        "sensitivity": 0.6428571428571429,
        "specificity": 0.75,
        "balanced_acc": 0.6964285714285714,
        "TN": 3,
        "FP": 1,
        "FN": 5,
        "TP": 9,
        "confusion_matrix": [
          [
            3,
            1
          ],
          [
            5,
            9
          ]
        ]
      },
      "test": {
        "threshold": 0.6,
        "accuracy": 0.5,
        "precision": 0.8421052631578947,
        "recall": 0.45714285714285713,
        "f1": 0.5925925925925926,
        "TNR": 0.6666666666666666,
        "TPR": 0.45714285714285713,
        "sensitivity": 0.45714285714285713,
        "specificity": 0.6666666666666666,
        "balanced_acc": 0.5619047619047619,
        "TN": 6,
        "FP": 3,
        "FN": 19,
        "TP": 16,
        "confusion_matrix": [
          [
            6,
            3
          ],
          [
            19,
            16
          ]
        ]
      }
    },
    {
      "threshold": "fixed",
      "threshold_value": 0.7,
      "val": {
        "threshold": 0.7,
        "accuracy": 0.2777777777777778,
        "precision": 0.6666666666666666,
        "recall": 0.14285714285714285,
        "f1": 0.23529411764705882,
        "TNR": 0.75,
        "TPR": 0.14285714285714285,
        "sensitivity": 0.14285714285714285,
        "specificity": 0.75,
        "balanced_acc": 0.4464285714285714,
        "TN": 3,
        "FP": 1,
        "FN": 12,
        "TP": 2,
        "confusion_matrix": [
          [
            3,
            1
          ],
          [
            12,
            2
          ]
        ]
      },
      "test": {
        "threshold": 0.7,
        "accuracy": 0.2727272727272727,
        "precision": 0.8,
        "recall": 0.11428571428571428,
        "f1": 0.2,
        "TNR": 0.8888888888888888,
        "TPR": 0.11428571428571428,
        "sensitivity": 0.11428571428571428,
        "specificity": 0.8888888888888888,
        "balanced_acc": 0.5015873015873016,
        "TN": 8,
        "FP": 1,
        "FN": 31,
        "TP": 4,
        "confusion_matrix": [
          [
            8,
            1
          ],
          [
            31,
            4
          ]
        ]
      }
    },
    {
      "threshold": "fixed",
      "threshold_value": 0.8,
      "val": {
        "threshold": 0.8,
        "accuracy": 0.2222222222222222,
        "precision": 0.0,
        "recall": 0.0,
        "f1": 0.0,
        "TNR": 1.0,
        "TPR": 0.0,
        "sensitivity": 0.0,
        "specificity": 1.0,
        "balanced_acc": 0.5,
        "TN": 4,
        "FP": 0,
        "FN": 14,
        "TP": 0,
        "confusion_matrix": [
          [
            4,
            0
          ],
          [
            14,
            0
          ]
        ]
      },
      "test": {
        "threshold": 0.8,
        "accuracy": 0.25,
        "precision": 1.0,
        "recall": 0.05714285714285714,
        "f1": 0.10810810810810811,
        "TNR": 1.0,
        "TPR": 0.05714285714285714,
        "sensitivity": 0.05714285714285714,
        "specificity": 1.0,
        "balanced_acc": 0.5285714285714286,
        "TN": 9,
        "FP": 0,
        "FN": 33,
        "TP": 2,
        "confusion_matrix": [
          [
            9,
            0
          ],
          [
            33,
            2
          ]
        ]
      }
    },
    {
      "threshold": "fixed",
      "threshold_value": 0.9,
      "val": {
        "threshold": 0.9,
        "accuracy": 0.2222222222222222,
        "precision": 0.0,
        "recall": 0.0,
        "f1": 0.0,
        "TNR": 1.0,
        "TPR": 0.0,
        "sensitivity": 0.0,
        "specificity": 1.0,
        "balanced_acc": 0.5,
        "TN": 4,
        "FP": 0,
        "FN": 14,
        "TP": 0,
        "confusion_matrix": [
          [
            4,
            0
          ],
          [
            14,
            0
          ]
        ]
      },
      "test": {
        "threshold": 0.9,
        "accuracy": 0.20454545454545456,
        "precision": 0.0,
        "recall": 0.0,
        "f1": 0.0,
        "TNR": 1.0,
        "TPR": 0.0,
        "sensitivity": 0.0,
        "specificity": 1.0,
        "balanced_acc": 0.5,
        "TN": 9,
        "FP": 0,
        "FN": 35,
        "TP": 0,