{
  "model_type": "per_day",
  "day": 10,
  "best_val_acc": 0.6111111044883728,
  "optimal_threshold": 0.48,
  "val_at_optimal": {
    "threshold": 0.48,
    "accuracy": 0.6111111111111112,
    "precision": 0.8888888888888888,
    "recall": 0.5714285714285714,
    "f1": 0.6956521739130435,
    "TNR": 0.75,
    "TPR": 0.5714285714285714,
    "sensitivity": 0.5714285714285714,
    "specificity": 0.75,
    "balanced_acc": 0.6607142857142857,
    "TN": 3,
    "FP": 1,
    "FN": 6,
    "TP": 8,
    "confusion_matrix": [
      [
        3,
        1
      ],
      [
        6,
        8
      ]
    ]
  },
  "test_at_optimal": {
    "threshold": 0.48,
    "accuracy": 0.75,
    "precision": 0.875,
    "recall": 0.8,
    "f1": 0.835820895522388,
    "TNR": 0.5555555555555556,
    "TPR": 0.8,
    "sensitivity": 0.8,
    "specificity": 0.5555555555555556,
    "balanced_acc": 0.6777777777777778,
    "TN": 5,
    "FP": 4,
    "FN": 7,
    "TP": 28,
    "confusion_matrix": [
      [
        5,
        4
      ],
      [
        7,
        28
      ]
    ]
  },
  "val_at_0.5": {
    "threshold": 0.5,
    "accuracy": 0.6111111111111112,
    "precision": 0.8888888888888888,
    "recall": 0.5714285714285714,
    "f1": 0.6956521739130435,
    "TNR": 0.75,
    "TPR": 0.5714285714285714,
    "sensitivity": 0.5714285714285714,
    "specificity": 0.75,
    "balanced_acc": 0.6607142857142857,
    "TN": 3,
    "FP": 1,
    "FN": 6,
    "TP": 8,
    "confusion_matrix": [
      [
        3,
        1
      ],
      [
        6,
        8
      ]
    ]
  },
  "test_at_0.5": {
    "threshold": 0.5,
    "accuracy": 0.7272727272727273,
    "precision": 0.896551724137931,
    "recall": 0.7428571428571429,
    "f1": 0.8125,
    "TNR": 0.6666666666666666,
    "TPR": 0.7428571428571429,
    "sensitivity": 0.7428571428571429,
    "specificity": 0.6666666666666666,
    "balanced_acc": 0.7047619047619047,
    "TN": 6,
    "FP": 3,
    "FN": 9,
    "TP": 26,
    "confusion_matrix": [
      [
        6,
        3
      ],
      [
        9,
        26
      ]
    ]
  },
  "threshold_results": [
    {
      "threshold": "fixed",
      "threshold_value": 0.5,
      "val": {
        "threshold": 0.5,
        "accuracy": 0.6111111111111112,
        "precision": 0.8888888888888888,
        "recall": 0.5714285714285714,
        "f1": 0.6956521739130435,
        "TNR": 0.75,
        "TPR": 0.5714285714285714,
        "sensitivity": 0.5714285714285714,
        "specificity": 0.75,
        "balanced_acc": 0.6607142857142857,
        "TN": 3,
        "FP": 1,
        "FN": 6,
        "TP": 8,
        "confusion_matrix": [
          [
            3,
            1
          ],
          [
            6,
            8
          ]
        ]
      },
      "test": {
        "threshold": 0.5,
        "accuracy": 0.7272727272727273,
        "precision": 0.896551724137931,
        "recall": 0.7428571428571429,
        "f1": 0.8125,
        "TNR": 0.6666666666666666,
        "TPR": 0.7428571428571429,
        "sensitivity": 0.7428571428571429,
        "specificity": 0.6666666666666666,
        "balanced_acc": 0.7047619047619047,
        "TN": 6,
        "FP": 3,
        "FN": 9,
        "TP": 26,
        "confusion_matrix": [
          [
            6,
            3
          ],
          [
            9,
            26
          ]
        ]
      }
    },
    {
      "threshold": "fixed",
      "threshold_value": 0.6,
      "val": {
        "threshold": 0.6,
        "accuracy": 0.2777777777777778,
        "precision": 0.6666666666666666,
        "recall": 0.14285714285714285,
        "f1": 0.23529411764705882,
        "TNR": 0.75,
        "TPR": 0.14285714285714285,
        "sensitivity": 0.14285714285714285,
        "specificity": 0.75,
        "balanced_acc": 0.4464285714285714,
        "TN": 3,
        "FP": 1,
        "FN": 12,
        "TP": 2,
        "confusion_matrix": [
          [
            3,
            1
          ],
          [
            12,
            2
          ]
        ]
      },
      "test": {
        "threshold": 0.6,
        "accuracy": 0.5454545454545454,
        "precision": 1.0,
        "recall": 0.42857142857142855,
        "f1": 0.6,
        "TNR": 1.0,
        "TPR": 0.42857142857142855,
        "sensitivity": 0.42857142857142855,
        "specificity": 1.0,
        "balanced_acc": 0.7142857142857143,
        "TN": 9,
        "FP": 0,
        "FN": 20,
        "TP": 15,
        "confusion_matrix": [
          [
            9,
            0
          ],
          [
            20,
            15
          ]
        ]
      }
    },
    {
      "threshold": "fixed",
      "threshold_value": 0.7,
      "val": {
        "threshold": 0.7,
        "accuracy": 0.2777777777777778,
        "precision": 1.0,
        "recall": 0.07142857142857142,
        "f1": 0.13333333333333333,
        "TNR": 1.0,
        "TPR": 0.07142857142857142,
        "sensitivity": 0.07142857142857142,
        "specificity": 1.0,
        "balanced_acc": 0.5357142857142857,
        "TN": 4,
        "FP": 0,
        "FN": 13,
        "TP": 1,
        "confusion_matrix": [
          [
            4,
            0
          ],
          [
            13,
            1
          ]
        ]
      },
      "test": {
        "threshold": 0.7,
        "accuracy": 0.2727272727272727,
        "precision": 1.0,
        "recall": 0.08571428571428572,
        "f1": 0.15789473684210525,
        "TNR": 1.0,
        "TPR": 0.08571428571428572,
        "sensitivity": 0.08571428571428572,
        "specificity": 1.0,
        "balanced_acc": 0.5428571428571428,
        "TN": 9,
        "FP": 0,
        "FN": 32,
        "TP": 3,
        "confusion_matrix": [
          [
            9,
            0
          ],
          [
            32,
            3
          ]
        ]
      }
    },
    {
      "threshold": "fixed",
      "threshold_value": 0.8,
      "val": {
        "threshold": 0.8,
        "accuracy": 0.2222222222222222,
        "precision": 0.0,
        "recall": 0.0,
        "f1": 0.0,
        "TNR": 1.0,
        "TPR": 0.0,
        "sensitivity": 0.0,
        "specificity": 1.0,
        "balanced_acc": 0.5,
        "TN": 4,
        "FP": 0,
        "FN": 14,
        "TP": 0,
        "confusion_matrix": [
          [
            4,
            0
          ],
          [
            14,
            0
          ]
        ]
      },
      "test": {
        "threshold": 0.8,
        "accuracy": 0.20454545454545456,
        "precision": 0.0,
        "recall": 0.0,
        "f1": 0.0,
        "TNR": 1.0,
        "TPR": 0.0,
        "sensitivity": 0.0,
        "specificity": 1.0,
        "balanced_acc": 0.5,
        "TN": 9,
        "FP": 0,
        "FN": 35,
        "TP": 0,
        "confusion_matrix": [
          [
            9,
            0
          ],
          [
            35,
            0
          ]
        ]
      }
    },
    {
      "threshold": "fixed",
      "threshold_value": 0.9,
      "val": {
        "threshold": 0.9,
        "accuracy": 0.2222222222222222,
        "precision": 0.0,
        "recall": 0.0,
        "f1": 0.0,
        "TNR": 1.0,
        "TPR": 0.0,
        "sensitivity": 0.0,
        "specificity": 1.0,
        "balanced_acc": 0.5,
        "TN": 4,
        "FP": 0,
        "FN": 14,
        "TP": 0,
        "confusion_matrix": [
          [
            4,
            0
          ],
          [
            14,
            0
          ]
        ]
      },
      "test": {
        "threshold": 0.9,
        "accuracy": 0.20454545454545456,
        "precision": 0.0,
        "recall": 0.0,
        "f1": 0.0,
        "TNR": 1.0,
        "TPR": 0.0,
        "sensitivity": 0.0,
        "specificity": 1.0,
        "balanced_acc": 0.5,
        "TN": 9,
        "FP": 0,
        "FN": 35,
        "TP": 0,
        "confusion_matrix": [
          [
            9,
            0
          ],
          [
            35,
            0
          ]
        ]
      }
    },
    {
      "threshold": "optimal",