{
  "day": "Dy13",
  "day_no": 13,
  "n_metabolite_features": 12,
  "n_image_features": 12,
  "n_total_features": 24,
  "test_accuracy": 0.7567567567567568,
  "test_f1_acceptable": 0.8571428571428571,
  "test_f1_notacceptable": 0.18181818181818182,
  "test_recall_acceptable": 0.8709677419354839,
  "test_recall_notacceptable": 0.16666666666666666,
  "test_precision_acceptable": 0.84375,
  "test_precision_notacceptable": 0.2,
  "test_specificity": 0.16666666666666666,
  "test_pr_auc": 0.9346190414097394,
  "best_params": {
    "colsample_bytree": 0.8,
    "learning_rate": 0.05,
    "max_depth": 3,
    "min_child_samples": 10,
    "n_estimators": 200,
    "num_leaves": 31,
    "subsample": 0.8
  },
  "cv_score": 0.34788359788359785,
  "pca_explained_variance": 0.49151867628097534,
  "confusion_matrix": {
    "TP": 27,
    "FP": 5,
    "TN": 1,
    "FN": 4
  }
}