{
  "n_components": 12,
  "explained_variance_ratio": [
    0.12463649362325668,
    0.08373016864061356,
    0.045038167387247086,
    0.03957848250865936,
    0.03496493026614189,
    0.03135758638381958,
    0.02959660068154335,
    0.02492574043571949,
    0.020823519676923752,
    0.01985078677535057,
    0.01903638243675232,
    0.017979836091399193
  ],
  "total_explained_variance": 0.49151867628097534
}