{
  "day": "Dy13",
  "split": "val",
  "accuracy": 0.6551724137931034,
  "f1": 0.7368421052631579,
  "roc_auc": 0.49444444444444446,
  "pr_auc": 0.6973804760638036,
  "n": 29,
  "batch_size": 16,
  "input_key": "overlay_path",
  "use_mask": true
}