{
  "n_components": 12,
  "explained_variance_ratio": [
    0.20018403232097626,
    0.09241969138383865,
    0.07021945714950562,
    0.04838426038622856,
    0.035984355956315994,
    0.032231707125902176,
    0.026618586853146553,
    0.024480929598212242,
    0.022233441472053528,
    0.02016761712729931,
    0.017840877175331116,
    0.016706665977835655
  ],
  "total_explained_variance": 0.6074715256690979
}