{
  "day": "Dy13",
  "split": "val",
  "accuracy": 0.7241379310344828,
  "f1": 0.8333333333333334,
  "roc_auc": 0.5833333333333333,
  "pr_auc": 0.7297672879709493,
  "n": 29,
  "batch_size": 16,
  "input_key": "img_path",
  "use_mask": true
}