{
  "n_components": 12,
  "explained_variance_ratio": [
    0.12746602296829224,
    0.0821862667798996,
    0.04713284596800804,
    0.03931966796517372,
    0.03541317954659462,
    0.03151432424783707,
    0.030531348660588264,
    0.02493908628821373,
    0.021572325378656387,
    0.019647791981697083,
    0.019219864159822464,
    0.018308335915207863
  ],
  "total_explained_variance": 0.49725109338760376
}