{
  "n_components": 12,
  "explained_variance_ratio": [
    0.13188660144805908,
    0.10407859832048416,
    0.0867612212896347,
    0.05182734131813049,
    0.04656975343823433,
    0.038804102689027786,
    0.02812374010682106,
    0.024827826768159866,
    0.02347184717655182,
    0.021064002066850662,
    0.0181672852486372,
    0.017988301813602448
  ],
  "total_explained_variance": 0.5935705304145813
}