{
  "day": "Dy20_5",
  "split": "val",
  "accuracy": 0.7931034482758621,
  "f1": 0.875,
  "roc_auc": 0.6309523809523809,
  "pr_auc": 0.8028488491458416,
  "n": 29,
  "batch_size": 16,
  "input_key": "img_path",
  "use_mask": false
}