{
  "model_type": "cnn_lstm",
  "day": 6.0,
  "best_val_acc": 0.9411764705882353,
  "optimal_threshold": 0.25,
  "val_at_optimal": {
    "threshold": 0.25,
    "accuracy": 0.9411764705882353,
    "precision": 0.9333333333333333,
    "recall": 1.0,
    "f1": 0.9655172413793104,
    "TNR": 0.6666666666666666,
    "TPR": 1.0,
    "balanced_acc": 0.8333333333333333,
    "TN": 2,
    "FP": 1,
    "FN": 0,
    "TP": 14,
    "confusion_matrix": [
      [
        2,
        1
      ],
      [
        0,
        14
      ]
    ]
  },
  "test_at_optimal": {
    "threshold": 0.25,
    "accuracy": 0.8648648648648649,
    "precision": 0.8611111111111112,
    "recall": 1.0,
    "f1": 0.9253731343283582,
    "TNR": 0.16666666666666666,
    "TPR": 1.0,
    "balanced_acc": 0.5833333333333334,
    "TN": 1,
    "FP": 5,
    "FN": 0,
    "TP": 31,
    "confusion_matrix": [
      [
        1,
        5
      ],
      [
        0,
        31
      ]
    ]
  },
  "val_at_0.5": {
    "threshold": 0.5,
    "accuracy": 0.9411764705882353,
    "precision": 0.9333333333333333,
    "recall": 1.0,
    "f1": 0.9655172413793104,
    "TNR": 0.6666666666666666,
    "TPR": 1.0,
    "balanced_acc": 0.8333333333333333,
    "TN": 2,
    "FP": 1,
    "FN": 0,
    "TP": 14,
    "confusion_matrix": [
      [
        2,
        1
      ],
      [
        0,
        14
      ]
    ]
  },
  "test_at_0.5": {
    "threshold": 0.5,
    "accuracy": 0.8648648648648649,
    "precision": 0.8823529411764706,
    "recall": 0.967741935483871,
    "f1": 0.9230769230769231,
    "TNR": 0.3333333333333333,
    "TPR": 0.967741935483871,
    "balanced_acc": 0.6505376344086021,
    "TN": 2,
    "FP": 4,
    "FN": 1,
    "TP": 30,
    "confusion_matrix": [
      [
        2,
        4
      ],
      [
        1,
        30
      ]
    ]
  },
  "train_history": [
    {
      "epoch": 1,
      "train_loss": 0.6842394570509592,
      "train_acc": 0.7887323943661971,
      "val_loss": 0.6548984249432882,
      "val_acc": 0.8235294117647058,
      "val_precision": 0.8235294117647058,
      "val_recall": 1.0,
      "val_f1": 0.9032258064516129
    },
    {
      "epoch": 2,
      "train_loss": 0.6501618226369222,
      "train_acc": 0.7746478873239436,
      "val_loss": 0.6115990877151489,
      "val_acc": 0.7058823529411765,
      "val_precision": 0.9090909090909091,
      "val_recall": 0.7142857142857143,
      "val_f1": 0.8
    },
    {
      "epoch": 3,
      "train_loss": 0.5845266895161735,
      "train_acc": 0.7253521126760564,
      "val_loss": 0.6082843691110611,
      "val_acc": 0.7647058823529411,
      "val_precision": 0.8571428571428571,
      "val_recall": 0.8571428571428571,
      "val_f1": 0.8571428571428571
    },
    {
      "epoch": 4,
      "train_loss": 0.6364046302106645,
      "train_acc": 0.8450704225352113,
      "val_loss": 0.6113142520189285,
      "val_acc": 0.8235294117647058,
      "val_precision": 0.8666666666666667,
      "val_recall": 0.9285714285714286,
      "val_f1": 0.896551724137931
    },
    {
      "epoch": 5,
      "train_loss": 0.46821275022294784,
      "train_acc": 0.8732394366197183,
      "val_loss": 0.6464431981245676,
      "val_acc": 0.8235294117647058,
      "val_precision": 0.9230769230769231,
      "val_recall": 0.8571428571428571,
      "val_f1": 0.8888888888888888
    },
    {
      "epoch": 6,
      "train_loss": 0.38800301568375695,
      "train_acc": 0.971830985915493,
      "val_loss": 0.7361620763937632,
      "val_acc": 0.8823529411764706,
      "val_precision": 0.875,
      "val_recall": 1.0,
      "val_f1": 0.9333333333333333
    },
    {
      "epoch": 7,
      "train_loss": 0.29760491102933884,
      "train_acc": 0.9577464788732394,
      "val_loss": 0.949537788828214,
      "val_acc": 0.8823529411764706,
      "val_precision": 0.875,
      "val_recall": 1.0,
      "val_f1": 0.9333333333333333
    },
    {
      "epoch": 8,
      "train_loss": 0.2713921715815862,
      "train_acc": 0.9577464788732394,
      "val_loss": 1.08900184246401,
      "val_acc": 0.8235294117647058,
      "val_precision": 0.8235294117647058,
      "val_recall": 1.0,
      "val_f1": 0.9032258064516129
    },
    {
      "epoch": 9,
      "train_loss": 0.16549571231007576,
      "train_acc": 0.9929577464788732,
      "val_loss": 0.9595760721713305,
      "val_acc": 0.8823529411764706,
      "val_precision": 0.9285714285714286,
      "val_recall": 0.9285714285714286,
      "val_f1": 0.9285714285714286
    },
    {
      "epoch": 10,
      "train_loss": 0.12801827262673113,
      "train_acc": 0.9929577464788732,
      "val_loss": 0.8540867765744528,
      "val_acc": 0.8823529411764706,
      "val_precision": 0.9285714285714286,
      "val_recall": 0.9285714285714286,
      "val_f1": 0.9285714285714286
    },
    {
      "epoch": 11,
      "train_loss": 0.10697290549675624,
      "train_acc": 0.9929577464788732,
      "val_loss": 0.8852251979211966,
      "val_acc": 0.9411764705882353,
      "val_precision": 0.9333333333333333,
      "val_recall": 1.0,
      "val_f1": 0.9655172413793104
    },
    {
      "epoch": 12,
      "train_loss": 0.10202005112336741,
      "train_acc": 0.971830985915493,
      "val_loss": 0.8532769419252872,
      "val_acc": 0.9411764705882353,
      "val_precision": 0.9333333333333333,
      "val_recall": 1.0,
      "val_f1": 0.9655172413793104
    },
    {
      "epoch": 13,
      "train_loss": 0.10731188777006334,
      "train_acc": 0.9859154929577465,
      "val_loss": 0.7974645470579466,
      "val_acc": 0.9411764705882353,
      "val_precision": 0.9333333333333333,
      "val_recall": 1.0,
      "val_f1": 0.9655172413793104
    },
    {
      "epoch": 14,
      "train_loss": 0.08717430853802297,
      "train_acc": 0.9859154929577465,
      "val_loss": 1.0036860660960276,
      "val_acc": 0.7647058823529411,
      "val_precision": 0.9166666666666666,
      "val_recall": 0.7857142857142857,
      "val_f1": 0.8461538461538461
    },
    {
      "epoch": 15,
      "train_loss": 0.045470154016382165,
      "train_acc": 1.0,
      "val_loss": 1.0030643107990425,
      "val_acc": 0.7647058823529411,
      "val_precision": 0.9166666666666666,
      "val_recall": 0.7857142857142857,
      "val_f1": 0.8461538461538461
    },
    {
      "epoch": 16,
      "train_loss": 0.0320284329354763,
      "train_acc": 1.0,
      "val_loss": 0.9945755489170551,
      "val_acc": 0.8235294117647058,
      "val_precision": 0.9230769230769231,
      "val_recall": 0.8571428571428571,
      "val_f1": 0.8888888888888888
    },
    {
      "epoch": 17,
      "train_loss": 0.050832828144646354,
      "train_acc": 0.9859154929577465,
      "val_loss": 0.9551484237114588,
      "val_acc": 0.8823529411764706,
      "val_precision": 0.875,
      "val_recall": 1.0,
      "val_f1": 0.9333333333333333
    },
    {
      "epoch": 18,
      "train_loss": 0.04152343846443626,
      "train_acc": 0.9929577464788732,
      "val_loss": 0.9821333885192871,
      "val_acc": 0.8823529411764706,
      "val_precision": 0.875,
      "val_recall": 1.0,
      "val_f1": 0.9333333333333333
    },
    {
      "epoch": 19,
      "train_loss": 0.0304824553637041,
      "train_acc": 0.9929577464788732,
      "val_loss": 0.902532493074735,
      "val_acc": 0.9411764705882353,
      "val_precision": 0.9333333333333333,
      "val_recall": 1.0,
      "val_f1": 0.9655172413793104
    },
    {
      "epoch": 20,
      "train_loss": 0.032829243043023676,
      "train_acc": 0.9929577464788732,
      "val_loss": 0.8855154067277908,
      "val_acc": 0.9411764705882353,
      "val_precision": 0.9333333333333333,
      "val_recall": 1.0,
      "val_f1": 0.9655172413793104
    }
  ],
  "model_path": "/home/tonyluo/amanda_temporal/comparison_runs/per_day_study_overlay/cnn_lstm/day_6_0/best_model.pth"
}