{
  "day": "Dy6",
  "split": "val",
  "accuracy": 0.7586206896551724,
  "f1": 0.8444444444444444,
  "roc_auc": 0.7333333333333333,
  "pr_auc": 0.8744844713536666,
  "n": 29,
  "batch_size": 16,
  "input_key": "img_path",
  "use_mask": true
}