{
  "day": "Dy30",
  "day_no": 30,
  "n_metabolite_features": 12,
  "n_image_features": 12,
  "n_total_features": 24,
  "test_accuracy": 0.8409090909090909,
  "test_f1_acceptable": 0.8955223880597015,
  "test_f1_notacceptable": 0.6666666666666666,
  "test_recall_acceptable": 0.8571428571428571,
  "test_recall_notacceptable": 0.7777777777777778,
  "test_precision_acceptable": 0.9375,
  "test_precision_notacceptable": 0.5833333333333334,
  "test_specificity": 0.7777777777777778,
  "test_pr_auc": 0.9718146473663238,
  "best_params": {
    "colsample_bytree": 0.8,
    "learning_rate": 0.05,
    "max_depth": 6,
    "min_child_samples": 10,
    "n_estimators": 200,
    "num_leaves": 31,
    "subsample": 0.8
  },
  "cv_score": 0.7207655502392344,
  "pca_explained_variance": 0.47014933824539185,
  "confusion_matrix": {
    "TP": 30,
    "FP": 2,
    "TN": 7,
    "FN": 5
  }
}