{
  "n_components": 12,
  "explained_variance_ratio": [
    0.0991092324256897,
    0.07119151949882507,
    0.056354623287916183,
    0.04481012374162674,
    0.040640152990818024,
    0.02957809530198574,
    0.027425676584243774,
    0.02556995302438736,
    0.021910879760980606,
    0.01860239915549755,
    0.018337145447731018,
    0.016619576141238213
  ],
  "total_explained_variance": 0.47014933824539185
}