{
  "day": "Dy30",
  "split": "val",
  "brier": 0.0004166550643276423,
  "rmse": 0.020412130281329155,
  "acc@0.5": 1.0,
  "f1@0.5": 1.0,
  "corr": 0.9990124106407166,
  "roc_auc": 1.0,
  "pr_auc": 1.0,
  "chosen_threshold": 0.022,
  "threshold_method": "max_f1",
  "min_precision": null,
  "n": 27,
  "batch_size": 16
}