{
  "day": "Dy30",
  "day_no": 3000,
  "split": "test",
  "brier": 0.17649239301681519,
  "rmse": 0.42010998725891113,
  "corr": 0.5629718899726868,
  "acc@0.5": 0.8148148148148148,
  "f1@0.5": 0.8837209302325582,
  "actual_good@0.5": 19,
  "predicted_good@0.5": 24,
  "acc@t*": 0.8148148148148148,
  "f1@t*": 0.8837209302325582,
  "bal_acc@t*": 0.6875,
  "roc_auc": 0.9605263157894736,
  "pr_auc": 0.9862650046168052,
  "threshold_used": 0.022,
  "threshold_method": "max_f1",
  "min_precision": null,
  "val_brier_for_selection": 0.0004166550643276423,
  "val_n": 27,
  "test_n": 27,
  "batch_size_train": 16,
  "batch_size_valtest": 16,
  "backbone_key": "resnet"
}