{
  "day": "Dy28",
  "split": "val",
  "brier": 0.07045631855726242,
  "rmse": 0.2654360830783844,
  "acc@0.5": 0.9259259259259259,
  "f1@0.5": 0.9523809523809523,
  "corr": 0.8162019848823547,
  "roc_auc": 0.9642857142857143,
  "pr_auc": 0.9880610617452723,
  "chosen_threshold": 0.328,
  "threshold_method": "max_f1",
  "min_precision": null,
  "n": 27,
  "batch_size": 16
}