{
  "day": "Dy28",
  "day_no": 2800,
  "split": "test",
  "brier": 0.14710471034049988,
  "rmse": 0.38354232907295227,
  "corr": 0.6700234413146973,
  "acc@0.5": 0.7777777777777778,
  "f1@0.5": 0.8636363636363636,
  "actual_good@0.5": 19,
  "predicted_good@0.5": 25,
  "acc@t*": 0.7777777777777778,
  "f1@t*": 0.8636363636363636,
  "bal_acc@t*": 0.625,
  "roc_auc": 0.875,
  "pr_auc": 0.9276822915917748,
  "threshold_used": 0.328,
  "threshold_method": "max_f1",
  "min_precision": null,
  "val_brier_for_selection": 0.07045631855726242,
  "val_n": 27,
  "test_n": 27,
  "batch_size_train": 16,
  "batch_size_valtest": 16,
  "backbone_key": "resnet"
}