{
  "day": "Dy17",
  "split": "val",
  "accuracy": 0.6206896551724138,
  "f1": 0.7027027027027027,
  "n": 29,
  "batch_size": 16
}