{
  "per_day_test_accuracy": {
    "Dy03": 0.7586206896551724,
    "Dy06": 0.7241379310344828,
    "Dy08": 0.6206896551724138,
    "Dy10": 0.75,
    "Dy13": 0.7241379310344828,
    "Dy15": 0.8620689655172413,
    "Dy17": 0.8275862068965517,
    "Dy20": 0.875,
    "Dy21": 0.7619047619047619,
    "Dy24": 0.9655172413793104,
    "Dy28": 0.9285714285714286,
    "Dy30": 0.7037037037037037
  },
  "overall_best": {
    "day": "Dy24",
    "day_no": 24,
    "backbone_key": "efficientnet",
    "test_accuracy": 0.9655172413793104,
    "test_f1": 0.9767441860465116,
    "selection_val_accuracy": 0.896551724137931
  },
  "batch_size_train": 16,
  "batch_size_valtest": 16,
  "split_fractions": {
    "train": 0.8,
    "val": 0.1,
    "test": 0.1
  }
}