{
  "day": "Dy3",
  "day_no": 3,
  "split": "test",
  "accuracy": 0.6551724137931034,
  "f1": 0.7368421052631579,
  "roc_auc": 0.6666666666666667,
  "pr_auc": 0.833781325342293,
  "val_accuracy_for_selection": 0.7931034482758621,
  "val_n": 29,
  "test_n": 29,
  "actual_good": 21,
  "predicted_good": 17,
  "batch_size_train": 16,
  "batch_size_valtest": 16,
  "backbone_key": "resnet",
  "input_key": "img_path",
  "use_mask": true
}