{
  "day": "Dy3",
  "split": "val",
  "accuracy": 0.7931034482758621,
  "f1": 0.8421052631578947,
  "roc_auc": 0.7944444444444445,
  "pr_auc": 0.8956772818684584,
  "n": 29,
  "batch_size": 16,
  "input_key": "img_path",
  "use_mask": true
}