{
  "day": "Dy28",
  "split": "val",
  "brier": 0.0070869275368750095,
  "rmse": 0.08418389409780502,
  "acc@0.5": 1.0,
  "f1@0.5": 1.0,
  "corr": 0.9825328588485718,
  "roc_auc": 1.0,
  "pr_auc": 1.0,
  "chosen_threshold": 0.434,
  "threshold_method": "max_f1",
  "min_precision": null,
  "n": 27,
  "batch_size": 16
}