{
  "day": "Dy28",
  "day_no": 2800,
  "split": "test",
  "brier": 0.09232644736766815,
  "rmse": 0.3038526773452759,
  "corr": 0.7669569253921509,
  "acc@0.5": 0.8888888888888888,
  "f1@0.5": 0.9230769230769231,
  "actual_good@0.5": 19,
  "predicted_good@0.5": 20,
  "acc@t*": 0.8888888888888888,
  "f1@t*": 0.9230769230769231,
  "bal_acc@t*": 0.8486842105263157,
  "roc_auc": 0.8256578947368421,
  "pr_auc": 0.8541663123869414,
  "threshold_used": 0.434,
  "threshold_method": "max_f1",
  "min_precision": null,
  "val_brier_for_selection": 0.0070869275368750095,
  "val_n": 27,
  "test_n": 27,
  "batch_size_train": 16,
  "batch_size_valtest": 16,
  "backbone_key": "resnet"
}