{
  "model_type": "effnet_ts",
  "day": 8,
  "best_val_acc": 0.8823529481887817,
  "optimal_threshold": 0.5,
  "val_at_optimal": null,
  "test_at_optimal": {
    "threshold": 0.5,
    "accuracy": 0.8108108108108109,
    "precision": 0.8529411764705882,
    "recall": 0.9354838709677419,
    "f1": 0.8923076923076924,
    "TNR": 0.16666666666666666,
    "TPR": 0.9354838709677419,
    "sensitivity": 0.9354838709677419,
    "specificity": 0.16666666666666666,
    "balanced_acc": 0.5510752688172043,
    "TN": 1,
    "FP": 5,
    "FN": 2,
    "TP": 29,
    "confusion_matrix": [
      [
        1,
        5
      ],
      [
        2,
        29
      ]
    ]
  },
  "val_at_0.5": {
    "threshold": 0.5,
    "accuracy": 0.8823529411764706,
    "precision": 0.875,
    "recall": 1.0,
    "f1": 0.9333333333333333,
    "TNR": 0.3333333333333333,
    "TPR": 1.0,
    "sensitivity": 1.0,
    "specificity": 0.3333333333333333,
    "balanced_acc": 0.6666666666666666,
    "TN": 1,
    "FP": 2,
    "FN": 0,
    "TP": 14,
    "confusion_matrix": [
      [
        1,
        2
      ],
      [
        0,
        14
      ]
    ]
  },
  "test_at_0.5": {
    "threshold": 0.5,
    "accuracy": 0.8108108108108109,
    "precision": 0.8529411764705882,
    "recall": 0.9354838709677419,
    "f1": 0.8923076923076924,
    "TNR": 0.16666666666666666,
    "TPR": 0.9354838709677419,
    "sensitivity": 0.9354838709677419,
    "specificity": 0.16666666666666666,
    "balanced_acc": 0.5510752688172043,
    "TN": 1,
    "FP": 5,
    "FN": 2,
    "TP": 29,
    "confusion_matrix": [
      [
        1,
        5
      ],
      [
        2,
        29
      ]
    ]
  },
  "threshold_results": [
    {
      "threshold": "fixed",
      "threshold_value": 0.5,
      "val": {
        "threshold": 0.5,
        "accuracy": 0.8823529411764706,
        "precision": 0.875,
        "recall": 1.0,
        "f1": 0.9333333333333333,
        "TNR": 0.3333333333333333,
        "TPR": 1.0,
        "sensitivity": 1.0,
        "specificity": 0.3333333333333333,
        "balanced_acc": 0.6666666666666666,
        "TN": 1,
        "FP": 2,
        "FN": 0,
        "TP": 14,
        "confusion_matrix": [
          [
            1,
            2
          ],
          [
            0,
            14
          ]
        ]
      },
      "test": {
        "threshold": 0.5,
        "accuracy": 0.8108108108108109,
        "precision": 0.8529411764705882,
        "recall": 0.9354838709677419,
        "f1": 0.8923076923076924,
        "TNR": 0.16666666666666666,
        "TPR": 0.9354838709677419,
        "sensitivity": 0.9354838709677419,
        "specificity": 0.16666666666666666,
        "balanced_acc": 0.5510752688172043,
        "TN": 1,
        "FP": 5,
        "FN": 2,
        "TP": 29,
        "confusion_matrix": [
          [
            1,
            5
          ],
          [
            2,
            29
          ]
        ]
      }
    },
    {
      "threshold": "fixed",
      "threshold_value": 0.6,
      "val": {
        "threshold": 0.6,
        "accuracy": 0.8823529411764706,
        "precision": 0.875,
        "recall": 1.0,
        "f1": 0.9333333333333333,
        "TNR": 0.3333333333333333,
        "TPR": 1.0,
        "sensitivity": 1.0,
        "specificity": 0.3333333333333333,
        "balanced_acc": 0.6666666666666666,
        "TN": 1,
        "FP": 2,
        "FN": 0,
        "TP": 14,
        "confusion_matrix": [
          [
            1,
            2
          ],
          [
            0,
            14
          ]
        ]
      },
      "test": {
        "threshold": 0.6,
        "accuracy": 0.8108108108108109,
        "precision": 0.8529411764705882,
        "recall": 0.9354838709677419,
        "f1": 0.8923076923076924,
        "TNR": 0.16666666666666666,
        "TPR": 0.9354838709677419,
        "sensitivity": 0.9354838709677419,
        "specificity": 0.16666666666666666,
        "balanced_acc": 0.5510752688172043,
        "TN": 1,
        "FP": 5,
        "FN": 2,
        "TP": 29,
        "confusion_matrix": [
          [
            1,
            5
          ],
          [
            2,
            29
          ]
        ]
      }
    },
    {
      "threshold": "fixed",
      "threshold_value": 0.7,
      "val": {
        "threshold": 0.7,
        "accuracy": 0.8823529411764706,
        "precision": 0.875,
        "recall": 1.0,
        "f1": 0.9333333333333333,
        "TNR": 0.3333333333333333,
        "TPR": 1.0,
        "sensitivity": 1.0,
        "specificity": 0.3333333333333333,
        "balanced_acc": 0.6666666666666666,
        "TN": 1,
        "FP": 2,
        "FN": 0,
        "TP": 14,
        "confusion_matrix": [
          [
            1,
            2
          ],
          [
            0,
            14
          ]
        ]
      },
      "test": {
        "threshold": 0.7,
        "accuracy": 0.8378378378378378,
        "precision": 0.8787878787878788,
        "recall": 0.9354838709677419,
        "f1": 0.90625,
        "TNR": 0.3333333333333333,
        "TPR": 0.9354838709677419,
        "sensitivity": 0.9354838709677419,
        "specificity": 0.3333333333333333,
        "balanced_acc": 0.6344086021505376,
        "TN": 2,
        "FP": 4,
        "FN": 2,
        "TP": 29,
        "confusion_matrix": [
          [
            2,
            4
          ],
          [
            2,
            29
          ]
        ]
      }
    },
    {
      "threshold": "fixed",
      "threshold_value": 0.8,
      "val": {
        "threshold": 0.8,
        "accuracy": 0.8823529411764706,
        "precision": 0.875,
        "recall": 1.0,
        "f1": 0.9333333333333333,
        "TNR": 0.3333333333333333,
        "TPR": 1.0,
        "sensitivity": 1.0,
        "specificity": 0.3333333333333333,
        "balanced_acc": 0.6666666666666666,
        "TN": 1,
        "FP": 2,
        "FN": 0,
        "TP": 14,
        "confusion_matrix": [
          [
            1,
            2
          ],
          [
            0,
            14
          ]
        ]
      },
      "test": {
        "threshold": 0.8,
        "accuracy": 0.7837837837837838,
        "precision": 0.8709677419354839,
        "recall": 0.8709677419354839,
        "f1": 0.8709677419354839,
        "TNR": 0.3333333333333333,
        "TPR": 0.8709677419354839,
        "sensitivity": 0.8709677419354839,
        "specificity": 0.3333333333333333,
        "balanced_acc": 0.6021505376344086,
        "TN": 2,
        "FP": 4,
        "FN": 4,
        "TP": 27,
        "confusion_matrix": [
          [
            2,
            4
          ],
          [
            4,
            27
          ]
        ]
      }
    },
    {
      "threshold": "fixed",
      "threshold_value": 0.9,
      "val": {
        "threshold": 0.9,
        "accuracy": 0.8823529411764706,
        "precision": 0.875,
        "recall": 1.0,
        "f1": 0.9333333333333333,
        "TNR": 0.3333333333333333,
        "TPR": 1.0,
        "sensitivity": 1.0,
        "specificity": 0.3333333333333333,
        "balanced_acc": 0.6666666666666666,
        "TN": 1,
        "FP": 2,
        "FN": 0,
        "TP": 14,
        "confusion_matrix": [
          [
            1,
            2
          ],
          [
            0,
            14
          ]
        ]
      },
      "test": {
        "threshold": 0.9,
        "accuracy": 0.7837837837837838,
        "precision": 0.8709677419354839,
        "recall": 0.8709677419354839,
        "f1": 0.8709677419354839,
        "TNR": 0.3333333333333333,
        "TPR": 0.8709677419354839,
        "sensitivity": 0.8709677419354839,
        "specificity": 0.3333333333333333,
        "balanced_acc": 0.6021505376344086,
        "TN": 2,
        "FP": 4,
        "FN": 4,
        "TP": 27,
        "confusion_matrix": [
          [
            2,
            4
          ],
          [
            4,
            27
          ]
        ]
      }
    },
    {
      "threshold": "optimal",