{
  "model_type": "per_day",
  "day": 15,
  "best_val_acc": 0.7777777910232544,
  "optimal_threshold": 0.5700000000000001,
  "val_at_optimal": {
    "threshold": 0.5700000000000001,
    "accuracy": 0.4444444444444444,
    "precision": 1.0,
    "recall": 0.2857142857142857,
    "f1": 0.4444444444444444,
    "TNR": 1.0,
    "TPR": 0.2857142857142857,
    "sensitivity": 0.2857142857142857,
    "specificity": 1.0,
    "balanced_acc": 0.6428571428571428,
    "TN": 4,
    "FP": 0,
    "FN": 10,
    "TP": 4,
    "confusion_matrix": [
      [
        4,
        0
      ],
      [
        10,
        4
      ]
    ]
  },
  "test_at_optimal": {
    "threshold": 0.5700000000000001,
    "accuracy": 0.3181818181818182,
    "precision": 0.8571428571428571,
    "recall": 0.17142857142857143,
    "f1": 0.2857142857142857,
    "TNR": 0.8888888888888888,
    "TPR": 0.17142857142857143,
    "sensitivity": 0.17142857142857143,
    "specificity": 0.8888888888888888,
    "balanced_acc": 0.5301587301587302,
    "TN": 8,
    "FP": 1,
    "FN": 29,
    "TP": 6,
    "confusion_matrix": [
      [
        8,
        1
      ],
      [
        29,
        6
      ]
    ]
  },
  "val_at_0.5": {
    "threshold": 0.5,
    "accuracy": 0.7777777777777778,
    "precision": 0.7777777777777778,
    "recall": 1.0,
    "f1": 0.875,
    "TNR": 0.0,
    "TPR": 1.0,
    "sensitivity": 1.0,
    "specificity": 0.0,
    "balanced_acc": 0.5,
    "TN": 0,
    "FP": 4,
    "FN": 0,
    "TP": 14,
    "confusion_matrix": [
      [
        0,
        4
      ],
      [
        0,
        14
      ]
    ]
  },
  "test_at_0.5": {
    "threshold": 0.5,
    "accuracy": 0.7954545454545454,
    "precision": 0.7954545454545454,
    "recall": 1.0,
    "f1": 0.8860759493670886,
    "TNR": 0.0,
    "TPR": 1.0,
    "sensitivity": 1.0,
    "specificity": 0.0,
    "balanced_acc": 0.5,
    "TN": 0,
    "FP": 9,
    "FN": 0,
    "TP": 35,
    "confusion_matrix": [
      [
        0,
        9
      ],
      [
        0,
        35
      ]
    ]
  },
  "threshold_results": [
    {
      "threshold": "fixed",
      "threshold_value": 0.5,
      "val": {
        "threshold": 0.5,
        "accuracy": 0.7777777777777778,
        "precision": 0.7777777777777778,
        "recall": 1.0,
        "f1": 0.875,
        "TNR": 0.0,
        "TPR": 1.0,
        "sensitivity": 1.0,
        "specificity": 0.0,
        "balanced_acc": 0.5,
        "TN": 0,
        "FP": 4,
        "FN": 0,
        "TP": 14,
        "confusion_matrix": [
          [
            0,
            4
          ],
          [
            0,
            14
          ]
        ]
      },
      "test": {
        "threshold": 0.5,
        "accuracy": 0.7954545454545454,
        "precision": 0.7954545454545454,
        "recall": 1.0,
        "f1": 0.8860759493670886,
        "TNR": 0.0,
        "TPR": 1.0,
        "sensitivity": 1.0,
        "specificity": 0.0,
        "balanced_acc": 0.5,
        "TN": 0,
        "FP": 9,
        "FN": 0,
        "TP": 35,
        "confusion_matrix": [
          [
            0,
            9
          ],
          [
            0,
            35
          ]
        ]
      }
    },
    {
      "threshold": "fixed",
      "threshold_value": 0.6,
      "val": {
        "threshold": 0.6,
        "accuracy": 0.2222222222222222,
        "precision": 0.0,
        "recall": 0.0,
        "f1": 0.0,
        "TNR": 1.0,
        "TPR": 0.0,
        "sensitivity": 0.0,
        "specificity": 1.0,
        "balanced_acc": 0.5,
        "TN": 4,
        "FP": 0,
        "FN": 14,
        "TP": 0,
        "confusion_matrix": [
          [
            4,
            0
          ],
          [
            14,
            0
          ]
        ]
      },
      "test": {
        "threshold": 0.6,
        "accuracy": 0.20454545454545456,
        "precision": 0.0,
        "recall": 0.0,
        "f1": 0.0,
        "TNR": 1.0,
        "TPR": 0.0,
        "sensitivity": 0.0,
        "specificity": 1.0,
        "balanced_acc": 0.5,
        "TN": 9,
        "FP": 0,
        "FN": 35,
        "TP": 0,
        "confusion_matrix": [
          [
            9,
            0
          ],
          [
            35,
            0
          ]
        ]
      }
    },
    {
      "threshold": "fixed",
      "threshold_value": 0.7,
      "val": {
        "threshold": 0.7,
        "accuracy": 0.2222222222222222,
        "precision": 0.0,
        "recall": 0.0,
        "f1": 0.0,
        "TNR": 1.0,
        "TPR": 0.0,
        "sensitivity": 0.0,
        "specificity": 1.0,
        "balanced_acc": 0.5,
        "TN": 4,
        "FP": 0,
        "FN": 14,
        "TP": 0,
        "confusion_matrix": [
          [
            4,
            0
          ],
          [
            14,
            0
          ]
        ]
      },
      "test": {
        "threshold": 0.7,
        "accuracy": 0.20454545454545456,
        "precision": 0.0,
        "recall": 0.0,
        "f1": 0.0,
        "TNR": 1.0,
        "TPR": 0.0,
        "sensitivity": 0.0,
        "specificity": 1.0,
        "balanced_acc": 0.5,
        "TN": 9,
        "FP": 0,
        "FN": 35,
        "TP": 0,
        "confusion_matrix": [
          [
            9,
            0
          ],
          [
            35,
            0
          ]
        ]
      }
    },
    {
      "threshold": "fixed",
      "threshold_value": 0.8,
      "val": {
        "threshold": 0.8,
        "accuracy": 0.2222222222222222,
        "precision": 0.0,
        "recall": 0.0,
        "f1": 0.0,
        "TNR": 1.0,
        "TPR": 0.0,
        "sensitivity": 0.0,
        "specificity": 1.0,
        "balanced_acc": 0.5,
        "TN": 4,
        "FP": 0,
        "FN": 14,
        "TP": 0,
        "confusion_matrix": [
          [
            4,
            0
          ],
          [
            14,
            0
          ]
        ]
      },
      "test": {
        "threshold": 0.8,
        "accuracy": 0.20454545454545456,
        "precision": 0.0,
        "recall": 0.0,
        "f1": 0.0,
        "TNR": 1.0,
        "TPR": 0.0,
        "sensitivity": 0.0,
        "specificity": 1.0,
        "balanced_acc": 0.5,
        "TN": 9,
        "FP": 0,
        "FN": 35,
        "TP": 0,
        "confusion_matrix": [
          [
            9,
            0
          ],
          [
            35,
            0
          ]
        ]
      }
    },
    {
      "threshold": "fixed",
      "threshold_value": 0.9,
      "val": {
        "threshold": 0.9,
        "accuracy": 0.2222222222222222,
        "precision": 0.0,
        "recall": 0.0,
        "f1": 0.0,
        "TNR": 1.0,
        "TPR": 0.0,
        "sensitivity": 0.0,
        "specificity": 1.0,
        "balanced_acc": 0.5,
        "TN": 4,
        "FP": 0,
        "FN": 14,
        "TP": 0,
        "confusion_matrix": [
          [
            4,
            0
          ],
          [
            14,
            0
          ]
        ]
      },
      "test": {
        "threshold": 0.9,
        "accuracy": 0.20454545454545456,
        "precision": 0.0,
        "recall": 0.0,
        "f1": 0.0,
        "TNR": 1.0,
        "TPR": 0.0,
        "sensitivity": 0.0,
        "specificity": 1.0,
        "balanced_acc": 0.5,
        "TN": 9,
        "FP": 0,
        "FN": 35,
        "TP": 0,
        "confusion_matrix": [
          [
            9,
            0
          ],
          [
            35,
            0
          ]
        ]
      }
    },
    {
      "threshold": "optimal",
      "threshold_value": 0.5700000000000001,
      "val": {
        "threshold": 0.5700000000000001,
        "accuracy": 0.4444444444444444,
        "precision": 1.0,
        "recall": 0.2857142857142857,
        "f1": 0.4444444444444444,
        "TNR": 1.0,
        "TPR": 0.2857142857142857,
        "sensitivity": 0.2857142857142857,
        "specificity": 1.0,
        "balanced_acc": 0.6428571428571428,
        "TN": 4,
        "FP": 0,
        "FN": 10,
        "TP": 4,