{
  "model_type": "effnet_tchange",
  "day": 20.5,
  "best_val_acc": 0.8823529481887817,
  "optimal_threshold": 0.52,
  "val_at_optimal": {
    "threshold": 0.52,
    "accuracy": 0.7058823529411765,
    "precision": 0.9090909090909091,
    "recall": 0.7142857142857143,
    "f1": 0.8,
    "TNR": 0.6666666666666666,
    "TPR": 0.7142857142857143,
    "sensitivity": 0.7142857142857143,
    "specificity": 0.6666666666666666,
    "balanced_acc": 0.6904761904761905,
    "TN": 2,
    "FP": 1,
    "FN": 4,
    "TP": 10,
    "confusion_matrix": [
      [
        2,
        1
      ],
      [
        4,
        10
      ]
    ]
  },
  "test_at_optimal": {
    "threshold": 0.52,
    "accuracy": 0.6666666666666666,
    "precision": 0.9545454545454546,
    "recall": 0.6363636363636364,
    "f1": 0.7636363636363637,
    "TNR": 0.8333333333333334,
    "TPR": 0.6363636363636364,
    "sensitivity": 0.6363636363636364,
    "specificity": 0.8333333333333334,
    "balanced_acc": 0.7348484848484849,
    "TN": 5,
    "FP": 1,
    "FN": 12,
    "TP": 21,
    "confusion_matrix": [
      [
        5,
        1
      ],
      [
        12,
        21
      ]
    ]
  },
  "val_at_0.5": {
    "threshold": 0.5,
    "accuracy": 0.8823529411764706,
    "precision": 0.875,
    "recall": 1.0,
    "f1": 0.9333333333333333,
    "TNR": 0.3333333333333333,
    "TPR": 1.0,
    "sensitivity": 1.0,
    "specificity": 0.3333333333333333,
    "balanced_acc": 0.6666666666666666,
    "TN": 1,
    "FP": 2,
    "FN": 0,
    "TP": 14,
    "confusion_matrix": [
      [
        1,
        2
      ],
      [
        0,
        14
      ]
    ]
  },
  "test_at_0.5": {
    "threshold": 0.5,
    "accuracy": 0.717948717948718,
    "precision": 0.84375,
    "recall": 0.8181818181818182,
    "f1": 0.8307692307692308,
    "TNR": 0.16666666666666666,
    "TPR": 0.8181818181818182,
    "sensitivity": 0.8181818181818182,
    "specificity": 0.16666666666666666,
    "balanced_acc": 0.49242424242424243,
    "TN": 1,
    "FP": 5,
    "FN": 6,
    "TP": 27,
    "confusion_matrix": [
      [
        1,
        5
      ],
      [
        6,
        27
      ]
    ]
  },
  "threshold_results": [
    {
      "threshold": "fixed",
      "threshold_value": 0.5,
      "val": {
        "threshold": 0.5,
        "accuracy": 0.8823529411764706,
        "precision": 0.875,
        "recall": 1.0,
        "f1": 0.9333333333333333,
        "TNR": 0.3333333333333333,
        "TPR": 1.0,
        "sensitivity": 1.0,
        "specificity": 0.3333333333333333,
        "balanced_acc": 0.6666666666666666,
        "TN": 1,
        "FP": 2,
        "FN": 0,
        "TP": 14,
        "confusion_matrix": [
          [
            1,
            2
          ],
          [
            0,
            14
          ]
        ]
      },
      "test": {
        "threshold": 0.5,
        "accuracy": 0.717948717948718,
        "precision": 0.84375,
        "recall": 0.8181818181818182,
        "f1": 0.8307692307692308,
        "TNR": 0.16666666666666666,
        "TPR": 0.8181818181818182,
        "sensitivity": 0.8181818181818182,
        "specificity": 0.16666666666666666,
        "balanced_acc": 0.49242424242424243,
        "TN": 1,
        "FP": 5,
        "FN": 6,
        "TP": 27,
        "confusion_matrix": [
          [
            1,
            5
          ],
          [
            6,
            27
          ]
        ]
      }
    },
    {
      "threshold": "fixed",
      "threshold_value": 0.6,
      "val": {
        "threshold": 0.6,
        "accuracy": 0.17647058823529413,
        "precision": 0.0,
        "recall": 0.0,
        "f1": 0.0,
        "TNR": 1.0,
        "TPR": 0.0,
        "sensitivity": 0.0,
        "specificity": 1.0,
        "balanced_acc": 0.5,
        "TN": 3,
        "FP": 0,
        "FN": 14,
        "TP": 0,
        "confusion_matrix": [
          [
            3,
            0
          ],
          [
            14,
            0
          ]
        ]
      },
      "test": {
        "threshold": 0.6,
        "accuracy": 0.15384615384615385,
        "precision": 0.0,
        "recall": 0.0,
        "f1": 0.0,
        "TNR": 1.0,
        "TPR": 0.0,
        "sensitivity": 0.0,
        "specificity": 1.0,
        "balanced_acc": 0.5,
        "TN": 6,
        "FP": 0,
        "FN": 33,
        "TP": 0,
        "confusion_matrix": [
          [
            6,
            0
          ],
          [
            33,
            0
          ]
        ]
      }
    },
    {
      "threshold": "fixed",
      "threshold_value": 0.7,
      "val": {
        "threshold": 0.7,
        "accuracy": 0.17647058823529413,
        "precision": 0.0,
        "recall": 0.0,
        "f1": 0.0,
        "TNR": 1.0,
        "TPR": 0.0,
        "sensitivity": 0.0,
        "specificity": 1.0,
        "balanced_acc": 0.5,
        "TN": 3,
        "FP": 0,
        "FN": 14,
        "TP": 0,
        "confusion_matrix": [
          [
            3,
            0
          ],
          [
            14,
            0
          ]
        ]
      },
      "test": {
        "threshold": 0.7,
        "accuracy": 0.15384615384615385,
        "precision": 0.0,
        "recall": 0.0,
        "f1": 0.0,
        "TNR": 1.0,
        "TPR": 0.0,
        "sensitivity": 0.0,
        "specificity": 1.0,
        "balanced_acc": 0.5,
        "TN": 6,
        "FP": 0,
        "FN": 33,
        "TP": 0,
        "confusion_matrix": [
          [
            6,
            0
          ],
          [
            33,
            0
          ]
        ]
      }
    },
    {
      "threshold": "fixed",
      "threshold_value": 0.8,
      "val": {
        "threshold": 0.8,
        "accuracy": 0.17647058823529413,
        "precision": 0.0,
        "recall": 0.0,
        "f1": 0.0,
        "TNR": 1.0,
        "TPR": 0.0,
        "sensitivity": 0.0,
        "specificity": 1.0,
        "balanced_acc": 0.5,
        "TN": 3,
        "FP": 0,
        "FN": 14,
        "TP": 0,
        "confusion_matrix": [
          [
            3,
            0
          ],
          [
            14,
            0
          ]
        ]
      },
      "test": {
        "threshold": 0.8,
        "accuracy": 0.15384615384615385,
        "precision": 0.0,
        "recall": 0.0,
        "f1": 0.0,
        "TNR": 1.0,
        "TPR": 0.0,
        "sensitivity": 0.0,
        "specificity": 1.0,
        "balanced_acc": 0.5,
        "TN": 6,
        "FP": 0,
        "FN": 33,
        "TP": 0,
        "confusion_matrix": [
          [
            6,
            0
          ],
          [
            33,
            0
          ]
        ]
      }
    },
    {
      "threshold": "fixed",
      "threshold_value": 0.9,
      "val": {
        "threshold": 0.9,
        "accuracy": 0.17647058823529413,
        "precision": 0.0,
        "recall": 0.0,
        "f1": 0.0,
        "TNR": 1.0,
        "TPR": 0.0,
        "sensitivity": 0.0,
        "specificity": 1.0,
        "balanced_acc": 0.5,
        "TN": 3,
        "FP": 0,
        "FN": 14,
        "TP": 0,
        "confusion_matrix": [
          [
            3,
            0
          ],
          [
            14,
            0
          ]
        ]
      },
      "test": {
        "threshold": 0.9,
        "accuracy": 0.15384615384615385,
        "precision": 0.0,
        "recall": 0.0,
        "f1": 0.0,
        "TNR": 1.0,
        "TPR": 0.0,
        "sensitivity": 0.0,
        "specificity": 1.0,
        "balanced_acc": 0.5,
        "TN": 6,
        "FP": 0,
        "FN": 33,
        "TP": 0,
        "confusion_matrix": [
          [
            6,
            0
          ],
          [
            33,
            0
          ]
        ]
      }
    },
    {
      "threshold": "optimal",
      "threshold_value": 0.52,
      "val": {
        "threshold": 0.52,
        "accuracy": 0.7058823529411765,
        "precision": 0.9090909090909091,
        "recall": 0.7142857142857143,
        "f1": 0.8,
        "TNR": 0.6666666666666666,