{
  "day": "Dy8",
  "split": "val",
  "accuracy": 0.7777777777777778,
  "f1": 0.8235294117647058,
  "n": 27,
  "batch_size": 16
}