{
  "day": "Dy10",
  "day_no": 10,
  "split": "test",
  "accuracy": 0.6785714285714286,
  "f1": 0.7804878048780488,
  "val_accuracy_for_selection": 0.7931034482758621,
  "val_n": 29,
  "test_n": 28,
  "actual_good": 20,
  "predicted_good": 21,
  "batch_size_train": 16,
  "batch_size_valtest": 16,
  "backbone_key": "vit"
}