{
  "day": "Dy13",
  "day_no": 13,
  "split": "test",
  "accuracy": 0.5862068965517241,
  "f1": 0.7272727272727273,
  "roc_auc": 0.44047619047619047,
  "pr_auc": 0.7275752947122673,
  "val_accuracy_for_selection": 0.7586206896551724,
  "val_n": 29,
  "test_n": 29,
  "actual_good": 21,
  "predicted_good": 23,
  "batch_size_train": 16,
  "batch_size_valtest": 16,
  "backbone_key": "vit",
  "input_key": "img_path",
  "use_mask": true
}