{
  "day": "Dy8",
  "split": "val",
  "accuracy": 0.7241379310344828,
  "f1": 0.8333333333333334,
  "n": 29,
  "batch_size": 16
}