{
  "day": "Dy17",
  "split": "val",
  "accuracy": 0.7586206896551724,
  "f1": 0.8372093023255814,
  "roc_auc": 0.6777777777777778,
  "pr_auc": 0.7839715864929555,
  "n": 29,
  "batch_size": 16,
  "input_key": "img_path",
  "use_mask": true
}