{
  "day": "Dy13",
  "split": "val",
  "accuracy": 0.7586206896551724,
  "f1": 0.8444444444444444,
  "roc_auc": 0.5055555555555555,
  "pr_auc": 0.695218219106091,
  "n": 29,
  "batch_size": 16,
  "input_key": "img_path",
  "use_mask": false
}