{
  "day": "Dy15",
  "split": "val",
  "accuracy": 0.7241379310344828,
  "f1": 0.8,
  "roc_auc": 0.6944444444444444,
  "pr_auc": 0.8379430796177756,
  "n": 29,
  "batch_size": 16,
  "input_key": "overlay_path",
  "use_mask": false
}