{
  "day": "Dy21",
  "day_no": 21,
  "split": "test",
  "accuracy": 0.8095238095238095,
  "f1": 0.8571428571428571,
  "val_accuracy_for_selection": 0.9047619047619048,
  "val_n": 21,
  "test_n": 21,
  "actual_good": 13,
  "predicted_good": 15,
  "batch_size_train": 16,
  "batch_size_valtest": 16,
  "backbone_key": "vit"
}