{
  "day": "Dy21",
  "split": "val",
  "accuracy": 0.9047619047619048,
  "f1": 0.9285714285714286,
  "n": 21,
  "batch_size": 16
}