{
  "day": "Dy13",
  "split": "val",
  "accuracy": 0.6896551724137931,
  "f1": 0.8163265306122449,
  "roc_auc": 0.49444444444444446,
  "pr_auc": 0.6987565773559098,
  "n": 29,
  "batch_size": 16,
  "input_key": "overlay_path",
  "use_mask": true
}