{
  "day": "Dy13",
  "day_no": 13,
  "split": "test",
  "accuracy": 0.6551724137931034,
  "f1": 0.782608695652174,
  "roc_auc": 0.5595238095238095,
  "pr_auc": 0.82114984709902,
  "val_accuracy_for_selection": 0.6896551724137931,
  "val_n": 29,
  "test_n": 29,
  "actual_good": 21,
  "predicted_good": 25,
  "batch_size_train": 16,
  "batch_size_valtest": 16,
  "backbone_key": "resnet",
  "input_key": "overlay_path",
  "use_mask": true
}