{
  "day": "Dy28",
  "day_no": 28,
  "n_metabolite_features": 12,
  "n_image_features": 12,
  "n_total_features": 24,
  "test_accuracy": 0.8409090909090909,
  "test_f1_acceptable": 0.9014084507042254,
  "test_f1_notacceptable": 0.5882352941176471,
  "test_recall_acceptable": 0.9142857142857143,
  "test_recall_notacceptable": 0.5555555555555556,
  "test_precision_acceptable": 0.8888888888888888,
  "test_precision_notacceptable": 0.625,
  "test_specificity": 0.5555555555555556,
  "test_pr_auc": 0.970618966124567,
  "best_params": {
    "colsample_bytree": 0.8,
    "learning_rate": 0.05,
    "max_depth": 3,
    "min_child_samples": 20,
    "n_estimators": 200,
    "num_leaves": 31,
    "subsample": 0.8
  },
  "cv_score": 0.593073593073593,
  "pca_explained_variance": 0.4551997482776642,
  "confusion_matrix": {
    "TP": 32,
    "FP": 4,
    "TN": 5,
    "FN": 3
  }
}