{
  "n_components": 12,
  "explained_variance_ratio": [
    0.11079831421375275,
    0.06030839681625366,
    0.05006807669997215,
    0.03984365239739418,
    0.03268357366323471,
    0.03041856363415718,
    0.027647554874420166,
    0.022898606956005096,
    0.022289222106337547,
    0.020605433732271194,
    0.0188613161444664,
    0.01877700537443161
  ],
  "total_explained_variance": 0.4551997482776642
}