{
  "model_type": "per_day",
  "day": 8,
  "best_val_acc": 0.7777777910232544,
  "optimal_threshold": 0.53,
  "val_at_optimal": {
    "threshold": 0.53,
    "accuracy": 0.3888888888888889,
    "precision": 1.0,
    "recall": 0.21428571428571427,
    "f1": 0.35294117647058826,
    "TNR": 1.0,
    "TPR": 0.21428571428571427,
    "sensitivity": 0.21428571428571427,
    "specificity": 1.0,
    "balanced_acc": 0.6071428571428571,
    "TN": 4,
    "FP": 0,
    "FN": 11,
    "TP": 3,
    "confusion_matrix": [
      [
        4,
        0
      ],
      [
        11,
        3
      ]
    ]
  },
  "test_at_optimal": {
    "threshold": 0.53,
    "accuracy": 0.36363636363636365,
    "precision": 0.7692307692307693,
    "recall": 0.2857142857142857,
    "f1": 0.4166666666666667,
    "TNR": 0.6666666666666666,
    "TPR": 0.2857142857142857,
    "sensitivity": 0.2857142857142857,
    "specificity": 0.6666666666666666,
    "balanced_acc": 0.47619047619047616,
    "TN": 6,
    "FP": 3,
    "FN": 25,
    "TP": 10,
    "confusion_matrix": [
      [
        6,
        3
      ],
      [
        25,
        10
      ]
    ]
  },
  "train_at_0.5": {
    "threshold": 0.5,
    "accuracy": 0.740506329113924,
    "precision": 0.8346456692913385,
    "recall": 0.8412698412698413,
    "f1": 0.8379446640316206,
    "TNR": 0.34375,
    "TPR": 0.8412698412698413,
    "sensitivity": 0.8412698412698413,
    "specificity": 0.34375,
    "balanced_acc": 0.5925099206349207,
    "TN": 11,
    "FP": 21,
    "FN": 20,
    "TP": 106,
    "confusion_matrix": [
      [
        11,
        21
      ],
      [
        20,
        106
      ]
    ]
  },
  "val_at_0.5": {
    "threshold": 0.5,
    "accuracy": 0.7777777777777778,
    "precision": 0.8125,
    "recall": 0.9285714285714286,
    "f1": 0.8666666666666667,
    "TNR": 0.25,
    "TPR": 0.9285714285714286,
    "sensitivity": 0.9285714285714286,
    "specificity": 0.25,
    "balanced_acc": 0.5892857142857143,
    "TN": 1,
    "FP": 3,
    "FN": 1,
    "TP": 13,
    "confusion_matrix": [
      [
        1,
        3
      ],
      [
        1,
        13
      ]
    ]
  },
  "test_at_0.5": {
    "threshold": 0.5,
    "accuracy": 0.6590909090909091,
    "precision": 0.7941176470588235,
    "recall": 0.7714285714285715,
    "f1": 0.782608695652174,
    "TNR": 0.2222222222222222,
    "TPR": 0.7714285714285715,
    "sensitivity": 0.7714285714285715,
    "specificity": 0.2222222222222222,
    "balanced_acc": 0.49682539682539684,
    "TN": 2,
    "FP": 7,
    "FN": 8,
    "TP": 27,
    "confusion_matrix": [
      [
        2,
        7
      ],
      [
        8,
        27
      ]
    ]
  },
  "threshold_results": [
    {
      "threshold": "fixed",
      "threshold_value": 0.5,
      "val": {
        "threshold": 0.5,
        "accuracy": 0.7777777777777778,
        "precision": 0.8125,
        "recall": 0.9285714285714286,
        "f1": 0.8666666666666667,
        "TNR": 0.25,
        "TPR": 0.9285714285714286,
        "sensitivity": 0.9285714285714286,
        "specificity": 0.25,
        "balanced_acc": 0.5892857142857143,
        "TN": 1,
        "FP": 3,
        "FN": 1,
        "TP": 13,
        "confusion_matrix": [
          [
            1,
            3
          ],
          [
            1,
            13
          ]
        ]
      },
      "test": {
        "threshold": 0.5,
        "accuracy": 0.6590909090909091,
        "precision": 0.7941176470588235,
        "recall": 0.7714285714285715,
        "f1": 0.782608695652174,
        "TNR": 0.2222222222222222,
        "TPR": 0.7714285714285715,
        "sensitivity": 0.7714285714285715,
        "specificity": 0.2222222222222222,
        "balanced_acc": 0.49682539682539684,
        "TN": 2,
        "FP": 7,
        "FN": 8,
        "TP": 27,
        "confusion_matrix": [
          [
            2,
            7
          ],
          [
            8,
            27
          ]
        ]
      },
      "train": {
        "threshold": 0.5,
        "accuracy": 0.740506329113924,
        "precision": 0.8346456692913385,
        "recall": 0.8412698412698413,
        "f1": 0.8379446640316206,
        "TNR": 0.34375,
        "TPR": 0.8412698412698413,
        "sensitivity": 0.8412698412698413,
        "specificity": 0.34375,
        "balanced_acc": 0.5925099206349207,
        "TN": 11,
        "FP": 21,
        "FN": 20,
        "TP": 106,
        "confusion_matrix": [
          [
            11,
            21
          ],
          [
            20,
            106
          ]
        ]
      }
    },
    {
      "threshold": "fixed",
      "threshold_value": 0.6,
      "val": {
        "threshold": 0.6,
        "accuracy": 0.2222222222222222,
        "precision": 0.0,
        "recall": 0.0,
        "f1": 0.0,
        "TNR": 1.0,
        "TPR": 0.0,
        "sensitivity": 0.0,
        "specificity": 1.0,
        "balanced_acc": 0.5,
        "TN": 4,
        "FP": 0,
        "FN": 14,
        "TP": 0,
        "confusion_matrix": [
          [
            4,
            0
          ],
          [
            14,
            0
          ]
        ]
      },
      "test": {
        "threshold": 0.6,
        "accuracy": 0.20454545454545456,
        "precision": 0.0,
        "recall": 0.0,
        "f1": 0.0,
        "TNR": 1.0,
        "TPR": 0.0,
        "sensitivity": 0.0,
        "specificity": 1.0,
        "balanced_acc": 0.5,
        "TN": 9,
        "FP": 0,
        "FN": 35,
        "TP": 0,
        "confusion_matrix": [
          [
            9,
            0
          ],
          [
            35,
            0
          ]
        ]
      },
      "train": {
        "threshold": 0.6,
        "accuracy": 0.20253164556962025,
        "precision": 0.0,
        "recall": 0.0,
        "f1": 0.0,
        "TNR": 1.0,
        "TPR": 0.0,
        "sensitivity": 0.0,
        "specificity": 1.0,
        "balanced_acc": 0.5,
        "TN": 32,
        "FP": 0,
        "FN": 126,
        "TP": 0,
        "confusion_matrix": [
          [
            32,
            0
          ],
          [
            126,
            0
          ]
        ]
      }
    },
    {
      "threshold": "fixed",
      "threshold_value": 0.7,
      "val": {
        "threshold": 0.7,
        "accuracy": 0.2222222222222222,
        "precision": 0.0,
        "recall": 0.0,
        "f1": 0.0,
        "TNR": 1.0,
        "TPR": 0.0,
        "sensitivity": 0.0,
        "specificity": 1.0,
        "balanced_acc": 0.5,
        "TN": 4,
        "FP": 0,
        "FN": 14,
        "TP": 0,
        "confusion_matrix": [
          [
            4,
            0
          ],
          [
            14,
            0
          ]
        ]
      },
      "test": {
        "threshold": 0.7,
        "accuracy": 0.20454545454545456,
        "precision": 0.0,
        "recall": 0.0,
        "f1": 0.0,
        "TNR": 1.0,
        "TPR": 0.0,
        "sensitivity": 0.0,
        "specificity": 1.0,
        "balanced_acc": 0.5,
        "TN": 9,
        "FP": 0,
        "FN": 35,
        "TP": 0,
        "confusion_matrix": [
          [
            9,
            0
          ],
          [
            35,
            0
          ]
        ]
      },
      "train": {
        "threshold": 0.7,
        "accuracy": 0.20253164556962025,
        "precision": 0.0,
        "recall": 0.0,
        "f1": 0.0,
        "TNR": 1.0,
        "TPR": 0.0,
        "sensitivity": 0.0,
        "specificity": 1.0,
        "balanced_acc": 0.5,
        "TN": 32,
        "FP": 0,
        "FN": 126,
        "TP": 0,
        "confusion_matrix": [
          [
            32,
            0
          ],
          [
            126,
            0
          ]
        ]
      }
    },
    {
      "threshold": "fixed",
      "threshold_value": 0.8,
      "val": {
        "threshold": 0.8,
        "accuracy": 0.2222222222222222,
        "precision": 0.0,
        "recall": 0.0,
        "f1": 0.0,
        "TNR": 1.0,
        "TPR": 0.0,
        "sensitivity": 0.0,