{
  "day": "Dy24",
  "split": "val",
  "accuracy": 0.9310344827586207,
  "f1": 0.9523809523809523,
  "roc_auc": 0.8611111111111112,
  "pr_auc": 0.9012348865444841,
  "n": 29,
  "batch_size": 16,
  "input_key": "overlay_path",
  "use_mask": false
}