{
  "day": "Dy30",
  "split": "val",
  "accuracy": 0.896551724137931,
  "f1": 0.926829268292683,
  "n": 29,
  "batch_size": 16
}