{
  "model_type": "per_day",
  "day": 8,
  "best_val_acc": 0.8333333134651184,
  "optimal_threshold": 0.59,
  "val_at_optimal": {
    "threshold": 0.59,
    "accuracy": 0.3333333333333333,
    "precision": 0.75,
    "recall": 0.21428571428571427,
    "f1": 0.3333333333333333,
    "TNR": 0.75,
    "TPR": 0.21428571428571427,
    "sensitivity": 0.21428571428571427,
    "specificity": 0.75,
    "balanced_acc": 0.48214285714285715,
    "TN": 3,
    "FP": 1,
    "FN": 11,
    "TP": 3,
    "confusion_matrix": [
      [
        3,
        1
      ],
      [
        11,
        3
      ]
    ]
  },
  "test_at_optimal": {
    "threshold": 0.59,
    "accuracy": 0.4090909090909091,
    "precision": 0.8461538461538461,
    "recall": 0.3142857142857143,
    "f1": 0.4583333333333333,
    "TNR": 0.7777777777777778,
    "TPR": 0.3142857142857143,
    "sensitivity": 0.3142857142857143,
    "specificity": 0.7777777777777778,
    "balanced_acc": 0.5460317460317461,
    "TN": 7,
    "FP": 2,
    "FN": 24,
    "TP": 11,
    "confusion_matrix": [
      [
        7,
        2
      ],
      [
        24,
        11
      ]
    ]
  },
  "val_at_0.5": {
    "threshold": 0.5,
    "accuracy": 0.6666666666666666,
    "precision": 0.7857142857142857,
    "recall": 0.7857142857142857,
    "f1": 0.7857142857142857,
    "TNR": 0.25,
    "TPR": 0.7857142857142857,
    "sensitivity": 0.7857142857142857,
    "specificity": 0.25,
    "balanced_acc": 0.5178571428571428,
    "TN": 1,
    "FP": 3,
    "FN": 3,
    "TP": 11,
    "confusion_matrix": [
      [
        1,
        3
      ],
      [
        3,
        11
      ]
    ]
  },
  "test_at_0.5": {
    "threshold": 0.5,
    "accuracy": 0.7272727272727273,
    "precision": 0.8484848484848485,
    "recall": 0.8,
    "f1": 0.8235294117647058,
    "TNR": 0.4444444444444444,
    "TPR": 0.8,
    "sensitivity": 0.8,
    "specificity": 0.4444444444444444,
    "balanced_acc": 0.6222222222222222,
    "TN": 4,
    "FP": 5,
    "FN": 7,
    "TP": 28,
    "confusion_matrix": [
      [
        4,
        5
      ],
      [
        7,
        28
      ]
    ]
  },
  "threshold_results": [
    {
      "threshold": "fixed",
      "threshold_value": 0.5,
      "val": {
        "threshold": 0.5,
        "accuracy": 0.6666666666666666,
        "precision": 0.7857142857142857,
        "recall": 0.7857142857142857,
        "f1": 0.7857142857142857,
        "TNR": 0.25,
        "TPR": 0.7857142857142857,
        "sensitivity": 0.7857142857142857,
        "specificity": 0.25,
        "balanced_acc": 0.5178571428571428,
        "TN": 1,
        "FP": 3,
        "FN": 3,
        "TP": 11,
        "confusion_matrix": [
          [
            1,
            3
          ],
          [
            3,
            11
          ]
        ]
      },
      "test": {
        "threshold": 0.5,
        "accuracy": 0.7272727272727273,
        "precision": 0.8484848484848485,
        "recall": 0.8,
        "f1": 0.8235294117647058,
        "TNR": 0.4444444444444444,
        "TPR": 0.8,
        "sensitivity": 0.8,
        "specificity": 0.4444444444444444,
        "balanced_acc": 0.6222222222222222,
        "TN": 4,
        "FP": 5,
        "FN": 7,
        "TP": 28,
        "confusion_matrix": [
          [
            4,
            5
          ],
          [
            7,
            28
          ]
        ]
      }
    },
    {
      "threshold": "fixed",
      "threshold_value": 0.6,
      "val": {
        "threshold": 0.6,
        "accuracy": 0.3333333333333333,
        "precision": 0.75,
        "recall": 0.21428571428571427,
        "f1": 0.3333333333333333,
        "TNR": 0.75,
        "TPR": 0.21428571428571427,
        "sensitivity": 0.21428571428571427,
        "specificity": 0.75,
        "balanced_acc": 0.48214285714285715,
        "TN": 3,
        "FP": 1,
        "FN": 11,
        "TP": 3,
        "confusion_matrix": [
          [
            3,
            1
          ],
          [
            11,
            3
          ]
        ]
      },
      "test": {
        "threshold": 0.6,
        "accuracy": 0.3409090909090909,
        "precision": 0.8,
        "recall": 0.22857142857142856,
        "f1": 0.35555555555555557,
        "TNR": 0.7777777777777778,
        "TPR": 0.22857142857142856,
        "sensitivity": 0.22857142857142856,
        "specificity": 0.7777777777777778,
        "balanced_acc": 0.5031746031746032,
        "TN": 7,
        "FP": 2,
        "FN": 27,
        "TP": 8,
        "confusion_matrix": [
          [
            7,
            2
          ],
          [
            27,
            8
          ]
        ]
      }
    },
    {
      "threshold": "fixed",
      "threshold_value": 0.7,
      "val": {
        "threshold": 0.7,
        "accuracy": 0.2222222222222222,
        "precision": 0.0,
        "recall": 0.0,
        "f1": 0.0,
        "TNR": 1.0,
        "TPR": 0.0,
        "sensitivity": 0.0,
        "specificity": 1.0,
        "balanced_acc": 0.5,
        "TN": 4,
        "FP": 0,
        "FN": 14,
        "TP": 0,
        "confusion_matrix": [
          [
            4,
            0
          ],
          [
            14,
            0
          ]
        ]
      },
      "test": {
        "threshold": 0.7,
        "accuracy": 0.20454545454545456,
        "precision": 0.0,
        "recall": 0.0,
        "f1": 0.0,
        "TNR": 1.0,
        "TPR": 0.0,
        "sensitivity": 0.0,
        "specificity": 1.0,
        "balanced_acc": 0.5,
        "TN": 9,
        "FP": 0,
        "FN": 35,
        "TP": 0,
        "confusion_matrix": [
          [
            9,
            0
          ],
          [
            35,
            0
          ]
        ]
      }
    },
    {
      "threshold": "fixed",
      "threshold_value": 0.8,
      "val": {
        "threshold": 0.8,
        "accuracy": 0.2222222222222222,
        "precision": 0.0,
        "recall": 0.0,
        "f1": 0.0,
        "TNR": 1.0,
        "TPR": 0.0,
        "sensitivity": 0.0,
        "specificity": 1.0,
        "balanced_acc": 0.5,
        "TN": 4,
        "FP": 0,
        "FN": 14,
        "TP": 0,
        "confusion_matrix": [
          [
            4,
            0
          ],
          [
            14,
            0
          ]
        ]
      },
      "test": {
        "threshold": 0.8,
        "accuracy": 0.20454545454545456,
        "precision": 0.0,
        "recall": 0.0,
        "f1": 0.0,
        "TNR": 1.0,
        "TPR": 0.0,
        "sensitivity": 0.0,
        "specificity": 1.0,
        "balanced_acc": 0.5,
        "TN": 9,
        "FP": 0,
        "FN": 35,
        "TP": 0,
        "confusion_matrix": [
          [
            9,
            0
          ],
          [
            35,
            0
          ]
        ]
      }
    },
    {
      "threshold": "fixed",
      "threshold_value": 0.9,
      "val": {
        "threshold": 0.9,
        "accuracy": 0.2222222222222222,
        "precision": 0.0,
        "recall": 0.0,
        "f1": 0.0,
        "TNR": 1.0,
        "TPR": 0.0,
        "sensitivity": 0.0,
        "specificity": 1.0,
        "balanced_acc": 0.5,
        "TN": 4,
        "FP": 0,
        "FN": 14,
        "TP": 0,
        "confusion_matrix": [
          [
            4,
            0
          ],
          [
            14,
            0
          ]
        ]
      },
      "test": {
        "threshold": 0.9,
        "accuracy": 0.20454545454545456,
        "precision": 0.0,
        "recall": 0.0,
        "f1": 0.0,
        "TNR": 1.0,
        "TPR": 0.0,
        "sensitivity": 0.0,
        "specificity": 1.0,
        "balanced_acc": 0.5,
        "TN": 9,
        "FP": 0,
        "FN": 35,
        "TP": 0,
        "confusion_matrix": [
          [
            9,
            0
          ],
          [
            35,
            0
          ]
        ]
      }
    },
    {
      "threshold": "optimal",
      "threshold_value": 0.59,
      "val": {
        "threshold": 0.59,
        "accuracy": 0.3333333333333333,