{
  "day": "Dy3",
  "split": "val",
  "accuracy": 0.8888888888888888,
  "f1": 0.9302325581395349,
  "n": 27,
  "batch_size": 16
}