{
  "day": "Dy28",
  "split": "val",
  "accuracy": 0.8666666666666667,
  "f1": 0.9130434782608695,
  "roc_auc": 0.6719576719576721,
  "pr_auc": 0.7784489759571485,
  "n": 30,
  "batch_size": 16,
  "input_key": "img_path",
  "use_mask": false
}