{
  "day": "Dy13",
  "split": "val",
  "accuracy": 0.8888888888888888,
  "f1": 0.9302325581395349,
  "roc_auc": 0.7357142857142857,
  "pr_auc": 0.8770772468079475,
  "n": 27,
  "batch_size": 16
}