{
  "per_model": {
    "vit": {
      "per_day": {
        "Dy3": {
          "day_no": 3,
          "test_accuracy": 0.7241379310344828,
          "test_f1": 0.8181818181818182,
          "test_roc_auc": 0.7023809523809524,
          "val_accuracy": 0.7586206896551724,
          "val_roc_auc": 0.75,
          "test_num": 29
        },
        "Dy6": {
          "day_no": 6,
          "test_accuracy": 0.6896551724137931,
          "test_f1": 0.7804878048780488,
          "test_roc_auc": 0.7440476190476191,
          "val_accuracy": 0.7241379310344828,
          "val_roc_auc": 0.7000000000000001,
          "test_num": 29
        },
        "Dy8": {
          "day_no": 8,
          "test_accuracy": 0.6206896551724138,
          "test_f1": 0.7555555555555555,
          "test_roc_auc": 0.6488095238095238,
          "val_accuracy": 0.7241379310344828,
          "val_roc_auc": 0.65,
          "test_num": 29
        },
        "Dy10": {
          "day_no": 10,
          "test_accuracy": 0.5172413793103449,
          "test_f1": 0.6111111111111112,
          "test_roc_auc": 0.5476190476190476,
          "val_accuracy": 0.7586206896551724,
          "val_roc_auc": 0.7055555555555555,
          "test_num": 29
        },
        "Dy13": {
          "day_no": 13,
          "test_accuracy": 0.6206896551724138,
          "test_f1": 0.7659574468085106,
          "test_roc_auc": 0.5297619047619047,
          "val_accuracy": 0.8275862068965517,
          "val_roc_auc": 0.8166666666666668,
          "test_num": 29
        },
        "Dy15": {
          "day_no": 15,
          "test_accuracy": 0.7241379310344828,
          "test_f1": 0.84,
          "test_roc_auc": 0.6666666666666667,
          "val_accuracy": 0.6896551724137931,
          "val_roc_auc": 0.5277777777777778,
          "test_num": 29
        },
        "Dy17": {
          "day_no": 17,
          "test_accuracy": 0.6896551724137931,
          "test_f1": 0.8,
          "test_roc_auc": 0.6428571428571428,
          "val_accuracy": 0.7241379310344828,
          "val_roc_auc": 0.5777777777777778,
          "test_num": 29
        },
        "Dy20_5": {
          "day_no": 20,
          "test_accuracy": 0.7931034482758621,
          "test_f1": 0.8636363636363636,
          "test_roc_auc": 0.7202380952380952,
          "val_accuracy": 0.8275862068965517,
          "val_roc_auc": 0.7261904761904762,
          "test_num": 29
        },
        "Dy24": {
          "day_no": 24,
          "test_accuracy": 0.8620689655172413,
          "test_f1": 0.9,
          "test_roc_auc": 0.7888888888888889,
          "val_accuracy": 0.896551724137931,
          "val_roc_auc": 0.8666666666666667,
          "test_num": 29
        },
        "Dy28": {
          "day_no": 28,
          "test_accuracy": 0.8,
          "test_f1": 0.8571428571428571,
          "test_roc_auc": 0.8888888888888888,
          "val_accuracy": 0.9,
          "val_roc_auc": 0.7830687830687831,
          "test_num": 30
        },
        "Dy30": {
          "day_no": 30,
          "test_accuracy": 0.8666666666666667,
          "test_f1": 0.9130434782608695,
          "test_roc_auc": 0.9523809523809523,
          "val_accuracy": 0.9333333333333333,
          "val_roc_auc": 0.8253968253968254,
          "test_num": 30
        }
      }
    },
    "resnet": {
      "per_day": {
        "Dy3": {
          "day_no": 3,
          "test_accuracy": 0.6896551724137931,
          "test_f1": 0.7906976744186046,
          "test_roc_auc": 0.613095238095238,
          "val_accuracy": 0.7931034482758621,
          "val_roc_auc": 0.7166666666666666,
          "test_num": 29
        },
        "Dy6": {
          "day_no": 6,
          "test_accuracy": 0.6896551724137931,
          "test_f1": 0.8,
          "test_roc_auc": 0.8035714285714286,
          "val_accuracy": 0.7241379310344828,
          "val_roc_auc": 0.5833333333333333,
          "test_num": 29
        },
        "Dy8": {
          "day_no": 8,
          "test_accuracy": 0.5862068965517241,
          "test_f1": 0.7272727272727273,
          "test_roc_auc": 0.5952380952380952,
          "val_accuracy": 0.7586206896551724,
          "val_roc_auc": 0.711111111111111,
          "test_num": 29
        },
        "Dy10": {
          "day_no": 10,
          "test_accuracy": 0.6551724137931034,
          "test_f1": 0.7619047619047619,
          "test_roc_auc": 0.6964285714285714,
          "val_accuracy": 0.8275862068965517,
          "val_roc_auc": 0.7888888888888889,
          "test_num": 29
        },
        "Dy13": {
          "day_no": 13,
          "test_accuracy": 0.7241379310344828,
          "test_f1": 0.84,
          "test_roc_auc": 0.4226190476190476,
          "val_accuracy": 0.6896551724137931,
          "val_roc_auc": 0.3555555555555556,
          "test_num": 29
        },
        "Dy15": {
          "day_no": 15,
          "test_accuracy": 0.6896551724137931,
          "test_f1": 0.8163265306122449,
          "test_roc_auc": 0.44642857142857145,
          "val_accuracy": 0.7241379310344828,
          "val_roc_auc": 0.6111111111111112,
          "test_num": 29
        },
        "Dy17": {
          "day_no": 17,
          "test_accuracy": 0.7241379310344828,
          "test_f1": 0.84,
          "test_roc_auc": 0.7559523809523809,
          "val_accuracy": 0.6896551724137931,
          "val_roc_auc": 0.5611111111111111,
          "test_num": 29
        },
        "Dy20_5": {
          "day_no": 20,
          "test_accuracy": 0.7931034482758621,
          "test_f1": 0.8695652173913043,
          "test_roc_auc": 0.7440476190476191,
          "val_accuracy": 0.8620689655172413,
          "val_roc_auc": 0.7440476190476191,
          "test_num": 29
        },
        "Dy24": {
          "day_no": 24,
          "test_accuracy": 0.8275862068965517,
          "test_f1": 0.8780487804878049,
          "test_roc_auc": 0.7611111111111112,
          "val_accuracy": 0.9310344827586207,
          "val_roc_auc": 0.8777777777777778,
          "test_num": 29
        },
        "Dy28": {
          "day_no": 28,
          "test_accuracy": 0.8,
          "test_f1": 0.8636363636363636,
          "test_roc_auc": 0.9153439153439153,
          "val_accuracy": 0.9,
          "val_roc_auc": 0.8518518518518519,
          "test_num": 30
        },
        "Dy30": {
          "day_no": 30,
          "test_accuracy": 0.9,
          "test_f1": 0.9333333333333333,
          "test_roc_auc": 0.8888888888888888,
          "val_accuracy": 0.9,
          "val_roc_auc": 0.7724867724867726,
          "test_num": 30
        }
      }
    },
    "cnn": {
      "per_day": {
        "Dy3": {
          "day_no": 3,
          "test_accuracy": 0.6551724137931034,
          "test_f1": 0.7368421052631579,
          "test_roc_auc": 0.5535714285714286,
          "val_accuracy": 0.7931034482758621,
          "val_roc_auc": 0.8277777777777777,
          "test_num": 29
        },
        "Dy6": {
          "day_no": 6,
          "test_accuracy": 0.6896551724137931,
          "test_f1": 0.7804878048780488,
          "test_roc_auc": 0.6547619047619047,
          "val_accuracy": 0.7241379310344828,
          "val_roc_auc": 0.6944444444444445,
          "test_num": 29
        },
        "Dy8": {
          "day_no": 8,
          "test_accuracy": 0.7241379310344828,
          "test_f1": 0.84,
          "test_roc_auc": 0.5952380952380952,
          "val_accuracy": 0.6896551724137931,
          "val_roc_auc": 0.5944444444444446,
          "test_num": 29
        },
        "Dy10": {
          "day_no": 10,
          "test_accuracy": 0.7241379310344828,
          "test_f1": 0.8095238095238095,
          "test_roc_auc": 0.6190476190476191,
          "val_accuracy": 0.8275862068965517,
          "val_roc_auc": 0.8111111111111111,
          "test_num": 29
        },
        "Dy13": {
          "day_no": 13,
          "test_accuracy": 0.5172413793103449,
          "test_f1": 0.631578947368421,
          "test_roc_auc": 0.5714285714285714,