{
  "model_type": "per_day",
  "day": 30,
  "best_val_acc": 0.8888888955116272,
  "optimal_threshold": 0.79,
  "val_at_optimal": {
    "threshold": 0.79,
    "accuracy": 0.6111111111111112,
    "precision": 1.0,
    "recall": 0.5,
    "f1": 0.6666666666666666,
    "TNR": 1.0,
    "TPR": 0.5,
    "sensitivity": 0.5,
    "specificity": 1.0,
    "balanced_acc": 0.75,
    "TN": 4,
    "FP": 0,
    "FN": 7,
    "TP": 7,
    "confusion_matrix": [
      [
        4,
        0
      ],
      [
        7,
        7
      ]
    ]
  },
  "test_at_optimal": {
    "threshold": 0.79,
    "accuracy": 0.5454545454545454,
    "precision": 1.0,
    "recall": 0.42857142857142855,
    "f1": 0.6,
    "TNR": 1.0,
    "TPR": 0.42857142857142855,
    "sensitivity": 0.42857142857142855,
    "specificity": 1.0,
    "balanced_acc": 0.7142857142857143,
    "TN": 9,
    "FP": 0,
    "FN": 20,
    "TP": 15,
    "confusion_matrix": [
      [
        9,
        0
      ],
      [
        20,
        15
      ]
    ]
  },
  "val_at_0.5": {
    "threshold": 0.5,
    "accuracy": 0.8888888888888888,
    "precision": 0.875,
    "recall": 1.0,
    "f1": 0.9333333333333333,
    "TNR": 0.5,
    "TPR": 1.0,
    "sensitivity": 1.0,
    "specificity": 0.5,
    "balanced_acc": 0.75,
    "TN": 2,
    "FP": 2,
    "FN": 0,
    "TP": 14,
    "confusion_matrix": [
      [
        2,
        2
      ],
      [
        0,
        14
      ]
    ]
  },
  "test_at_0.5": {
    "threshold": 0.5,
    "accuracy": 0.8636363636363636,
    "precision": 0.967741935483871,
    "recall": 0.8571428571428571,
    "f1": 0.9090909090909091,
    "TNR": 0.8888888888888888,
    "TPR": 0.8571428571428571,
    "sensitivity": 0.8571428571428571,
    "specificity": 0.8888888888888888,
    "balanced_acc": 0.873015873015873,
    "TN": 8,
    "FP": 1,
    "FN": 5,
    "TP": 30,
    "confusion_matrix": [
      [
        8,
        1
      ],
      [
        5,
        30
      ]
    ]
  },
  "threshold_results": [
    {
      "threshold": "fixed",
      "threshold_value": 0.5,
      "val": {
        "threshold": 0.5,
        "accuracy": 0.8888888888888888,
        "precision": 0.875,
        "recall": 1.0,
        "f1": 0.9333333333333333,
        "TNR": 0.5,
        "TPR": 1.0,
        "sensitivity": 1.0,
        "specificity": 0.5,
        "balanced_acc": 0.75,
        "TN": 2,
        "FP": 2,
        "FN": 0,
        "TP": 14,
        "confusion_matrix": [
          [
            2,
            2
          ],
          [
            0,
            14
          ]
        ]
      },
      "test": {
        "threshold": 0.5,
        "accuracy": 0.8636363636363636,
        "precision": 0.967741935483871,
        "recall": 0.8571428571428571,
        "f1": 0.9090909090909091,
        "TNR": 0.8888888888888888,
        "TPR": 0.8571428571428571,
        "sensitivity": 0.8571428571428571,
        "specificity": 0.8888888888888888,
        "balanced_acc": 0.873015873015873,
        "TN": 8,
        "FP": 1,
        "FN": 5,
        "TP": 30,
        "confusion_matrix": [
          [
            8,
            1
          ],
          [
            5,
            30
          ]
        ]
      }
    },
    {
      "threshold": "fixed",
      "threshold_value": 0.6,
      "val": {
        "threshold": 0.6,
        "accuracy": 0.7777777777777778,
        "precision": 0.8571428571428571,
        "recall": 0.8571428571428571,
        "f1": 0.8571428571428571,
        "TNR": 0.5,
        "TPR": 0.8571428571428571,
        "sensitivity": 0.8571428571428571,
        "specificity": 0.5,
        "balanced_acc": 0.6785714285714286,
        "TN": 2,
        "FP": 2,
        "FN": 2,
        "TP": 12,
        "confusion_matrix": [
          [
            2,
            2
          ],
          [
            2,
            12
          ]
        ]
      },
      "test": {
        "threshold": 0.6,
        "accuracy": 0.7954545454545454,
        "precision": 0.9642857142857143,
        "recall": 0.7714285714285715,
        "f1": 0.8571428571428571,
        "TNR": 0.8888888888888888,
        "TPR": 0.7714285714285715,
        "sensitivity": 0.7714285714285715,
        "specificity": 0.8888888888888888,
        "balanced_acc": 0.8301587301587301,
        "TN": 8,
        "FP": 1,
        "FN": 8,
        "TP": 27,
        "confusion_matrix": [
          [
            8,
            1
          ],
          [
            8,
            27
          ]
        ]
      }
    },
    {
      "threshold": "fixed",
      "threshold_value": 0.7,
      "val": {
        "threshold": 0.7,
        "accuracy": 0.7222222222222222,
        "precision": 0.9090909090909091,
        "recall": 0.7142857142857143,
        "f1": 0.8,
        "TNR": 0.75,
        "TPR": 0.7142857142857143,
        "sensitivity": 0.7142857142857143,
        "specificity": 0.75,
        "balanced_acc": 0.7321428571428572,
        "TN": 3,
        "FP": 1,
        "FN": 4,
        "TP": 10,
        "confusion_matrix": [
          [
            3,
            1
          ],
          [
            4,
            10
          ]
        ]
      },
      "test": {
        "threshold": 0.7,
        "accuracy": 0.7272727272727273,
        "precision": 0.96,
        "recall": 0.6857142857142857,
        "f1": 0.8,
        "TNR": 0.8888888888888888,
        "TPR": 0.6857142857142857,
        "sensitivity": 0.6857142857142857,
        "specificity": 0.8888888888888888,
        "balanced_acc": 0.7873015873015873,
        "TN": 8,
        "FP": 1,
        "FN": 11,
        "TP": 24,
        "confusion_matrix": [
          [
            8,
            1
          ],
          [
            11,
            24
          ]
        ]
      }
    },
    {
      "threshold": "fixed",
      "threshold_value": 0.8,
      "val": {
        "threshold": 0.8,
        "accuracy": 0.6111111111111112,
        "precision": 1.0,
        "recall": 0.5,
        "f1": 0.6666666666666666,
        "TNR": 1.0,
        "TPR": 0.5,
        "sensitivity": 0.5,
        "specificity": 1.0,
        "balanced_acc": 0.75,
        "TN": 4,
        "FP": 0,
        "FN": 7,
        "TP": 7,
        "confusion_matrix": [
          [
            4,
            0
          ],
          [
            7,
            7
          ]
        ]
      },
      "test": {
        "threshold": 0.8,
        "accuracy": 0.5,
        "precision": 1.0,
        "recall": 0.37142857142857144,
        "f1": 0.5416666666666666,
        "TNR": 1.0,
        "TPR": 0.37142857142857144,
        "sensitivity": 0.37142857142857144,
        "specificity": 1.0,
        "balanced_acc": 0.6857142857142857,
        "TN": 9,
        "FP": 0,
        "FN": 22,
        "TP": 13,
        "confusion_matrix": [
          [
            9,
            0
          ],
          [
            22,
            13
          ]
        ]
      }
    },
    {
      "threshold": "fixed",
      "threshold_value": 0.9,
      "val": {
        "threshold": 0.9,
        "accuracy": 0.3333333333333333,
        "precision": 1.0,
        "recall": 0.14285714285714285,
        "f1": 0.25,
        "TNR": 1.0,
        "TPR": 0.14285714285714285,
        "sensitivity": 0.14285714285714285,
        "specificity": 1.0,
        "balanced_acc": 0.5714285714285714,
        "TN": 4,
        "FP": 0,
        "FN": 12,
        "TP": 2,
        "confusion_matrix": [
          [
            4,
            0
          ],
          [
            12,
            2
          ]
        ]
      },
      "test": {
        "threshold": 0.9,
        "accuracy": 0.25,
        "precision": 1.0,
        "recall": 0.05714285714285714,
        "f1": 0.10810810810810811,
        "TNR": 1.0,
        "TPR": 0.05714285714285714,
        "sensitivity": 0.05714285714285714,
        "specificity": 1.0,
        "balanced_acc": 0.5285714285714286,
        "TN": 9,
        "FP": 0,
        "FN": 33,
        "TP": 2,