{
  "day": "Dy20_5",
  "day_no": 20,
  "n_metabolite_features": 12,
  "n_image_features": 12,
  "n_total_features": 24,
  "test_accuracy": 0.6956521739130435,
  "test_f1_acceptable": 0.8,
  "test_f1_notacceptable": 0.36363636363636365,
  "test_recall_acceptable": 0.8235294117647058,
  "test_recall_notacceptable": 0.3333333333333333,
  "test_precision_acceptable": 0.7777777777777778,
  "test_precision_notacceptable": 0.4,
  "test_specificity": 0.3333333333333333,
  "test_pr_auc": 0.9528885716966213,
  "best_params": {
    "colsample_bytree": 0.8,
    "learning_rate": 0.1,
    "max_depth": 3,
    "min_child_samples": 20,
    "n_estimators": 500,
    "num_leaves": 31,
    "subsample": 0.8
  },
  "cv_score": 0.4761904761904762,
  "pca_explained_variance": 0.5105984807014465,
  "confusion_matrix": {
    "TP": 14,
    "FP": 4,
    "TN": 2,
    "FN": 3
  }
}