{
  "n_components": 12,
  "explained_variance_ratio": [
    0.1243971735239029,
    0.07096531987190247,
    0.05754856392741203,
    0.04303007572889328,
    0.04218224436044693,
    0.03184621408581734,
    0.0280777458101511,
    0.026090219616889954,
    0.023591795936226845,
    0.022659797221422195,
    0.021334944292902946,
    0.018874401226639748
  ],
  "total_explained_variance": 0.5105984807014465
}