{
  "model_type": "effnet_ts",
  "day": 15,
  "best_val_acc": 0.8235294222831726,
  "optimal_threshold": 0.62,
  "val_at_optimal": {
    "threshold": 0.62,
    "accuracy": 0.4117647058823529,
    "precision": 1.0,
    "recall": 0.2857142857142857,
    "f1": 0.4444444444444444,
    "TNR": 1.0,
    "TPR": 0.2857142857142857,
    "sensitivity": 0.2857142857142857,
    "specificity": 1.0,
    "balanced_acc": 0.6428571428571428,
    "TN": 3,
    "FP": 0,
    "FN": 10,
    "TP": 4,
    "confusion_matrix": [
      [
        3,
        0
      ],
      [
        10,
        4
      ]
    ]
  },
  "test_at_optimal": {
    "threshold": 0.62,
    "accuracy": 0.4864864864864865,
    "precision": 0.875,
    "recall": 0.45161290322580644,
    "f1": 0.5957446808510638,
    "TNR": 0.6666666666666666,
    "TPR": 0.45161290322580644,
    "sensitivity": 0.45161290322580644,
    "specificity": 0.6666666666666666,
    "balanced_acc": 0.5591397849462365,
    "TN": 4,
    "FP": 2,
    "FN": 17,
    "TP": 14,
    "confusion_matrix": [
      [
        4,
        2
      ],
      [
        17,
        14
      ]
    ]
  },
  "val_at_0.5": {
    "threshold": 0.5,
    "accuracy": 0.8235294117647058,
    "precision": 0.8235294117647058,
    "recall": 1.0,
    "f1": 0.9032258064516129,
    "TNR": 0.0,
    "TPR": 1.0,
    "sensitivity": 1.0,
    "specificity": 0.0,
    "balanced_acc": 0.5,
    "TN": 0,
    "FP": 3,
    "FN": 0,
    "TP": 14,
    "confusion_matrix": [
      [
        0,
        3
      ],
      [
        0,
        14
      ]
    ]
  },
  "test_at_0.5": {
    "threshold": 0.5,
    "accuracy": 0.8108108108108109,
    "precision": 0.8333333333333334,
    "recall": 0.967741935483871,
    "f1": 0.8955223880597015,
    "TNR": 0.0,
    "TPR": 0.967741935483871,
    "sensitivity": 0.967741935483871,
    "specificity": 0.0,
    "balanced_acc": 0.4838709677419355,
    "TN": 0,
    "FP": 6,
    "FN": 1,
    "TP": 30,
    "confusion_matrix": [
      [
        0,
        6
      ],
      [
        1,
        30
      ]
    ]
  },
  "threshold_results": [
    {
      "threshold": "fixed",
      "threshold_value": 0.5,
      "val": {
        "threshold": 0.5,
        "accuracy": 0.8235294117647058,
        "precision": 0.8235294117647058,
        "recall": 1.0,
        "f1": 0.9032258064516129,
        "TNR": 0.0,
        "TPR": 1.0,
        "sensitivity": 1.0,
        "specificity": 0.0,
        "balanced_acc": 0.5,
        "TN": 0,
        "FP": 3,
        "FN": 0,
        "TP": 14,
        "confusion_matrix": [
          [
            0,
            3
          ],
          [
            0,
            14
          ]
        ]
      },
      "test": {
        "threshold": 0.5,
        "accuracy": 0.8108108108108109,
        "precision": 0.8333333333333334,
        "recall": 0.967741935483871,
        "f1": 0.8955223880597015,
        "TNR": 0.0,
        "TPR": 0.967741935483871,
        "sensitivity": 0.967741935483871,
        "specificity": 0.0,
        "balanced_acc": 0.4838709677419355,
        "TN": 0,
        "FP": 6,
        "FN": 1,
        "TP": 30,
        "confusion_matrix": [
          [
            0,
            6
          ],
          [
            1,
            30
          ]
        ]
      }
    },
    {
      "threshold": "fixed",
      "threshold_value": 0.6,
      "val": {
        "threshold": 0.6,
        "accuracy": 0.5294117647058824,
        "precision": 0.8,
        "recall": 0.5714285714285714,
        "f1": 0.6666666666666666,
        "TNR": 0.3333333333333333,
        "TPR": 0.5714285714285714,
        "sensitivity": 0.5714285714285714,
        "specificity": 0.3333333333333333,
        "balanced_acc": 0.45238095238095233,
        "TN": 1,
        "FP": 2,
        "FN": 6,
        "TP": 8,
        "confusion_matrix": [
          [
            1,
            2
          ],
          [
            6,
            8
          ]
        ]
      },
      "test": {
        "threshold": 0.6,
        "accuracy": 0.7027027027027027,
        "precision": 0.8846153846153846,
        "recall": 0.7419354838709677,
        "f1": 0.8070175438596491,
        "TNR": 0.5,
        "TPR": 0.7419354838709677,
        "sensitivity": 0.7419354838709677,
        "specificity": 0.5,
        "balanced_acc": 0.6209677419354839,
        "TN": 3,
        "FP": 3,
        "FN": 8,
        "TP": 23,
        "confusion_matrix": [
          [
            3,
            3
          ],
          [
            8,
            23
          ]
        ]
      }
    },
    {
      "threshold": "fixed",
      "threshold_value": 0.7,
      "val": {
        "threshold": 0.7,
        "accuracy": 0.17647058823529413,
        "precision": 0.0,
        "recall": 0.0,
        "f1": 0.0,
        "TNR": 1.0,
        "TPR": 0.0,
        "sensitivity": 0.0,
        "specificity": 1.0,
        "balanced_acc": 0.5,
        "TN": 3,
        "FP": 0,
        "FN": 14,
        "TP": 0,
        "confusion_matrix": [
          [
            3,
            0
          ],
          [
            14,
            0
          ]
        ]
      },
      "test": {
        "threshold": 0.7,
        "accuracy": 0.16216216216216217,
        "precision": 0.0,
        "recall": 0.0,
        "f1": 0.0,
        "TNR": 1.0,
        "TPR": 0.0,
        "sensitivity": 0.0,
        "specificity": 1.0,
        "balanced_acc": 0.5,
        "TN": 6,
        "FP": 0,
        "FN": 31,
        "TP": 0,
        "confusion_matrix": [
          [
            6,
            0
          ],
          [
            31,
            0
          ]
        ]
      }
    },
    {
      "threshold": "fixed",
      "threshold_value": 0.8,
      "val": {
        "threshold": 0.8,
        "accuracy": 0.17647058823529413,
        "precision": 0.0,
        "recall": 0.0,
        "f1": 0.0,
        "TNR": 1.0,
        "TPR": 0.0,
        "sensitivity": 0.0,
        "specificity": 1.0,
        "balanced_acc": 0.5,
        "TN": 3,
        "FP": 0,
        "FN": 14,
        "TP": 0,
        "confusion_matrix": [
          [
            3,
            0
          ],
          [
            14,
            0
          ]
        ]
      },
      "test": {
        "threshold": 0.8,
        "accuracy": 0.16216216216216217,
        "precision": 0.0,
        "recall": 0.0,
        "f1": 0.0,
        "TNR": 1.0,
        "TPR": 0.0,
        "sensitivity": 0.0,
        "specificity": 1.0,
        "balanced_acc": 0.5,
        "TN": 6,
        "FP": 0,
        "FN": 31,
        "TP": 0,
        "confusion_matrix": [
          [
            6,
            0
          ],
          [
            31,
            0
          ]
        ]
      }
    },
    {
      "threshold": "fixed",
      "threshold_value": 0.9,
      "val": {
        "threshold": 0.9,
        "accuracy": 0.17647058823529413,
        "precision": 0.0,
        "recall": 0.0,
        "f1": 0.0,
        "TNR": 1.0,
        "TPR": 0.0,
        "sensitivity": 0.0,
        "specificity": 1.0,
        "balanced_acc": 0.5,
        "TN": 3,
        "FP": 0,
        "FN": 14,
        "TP": 0,
        "confusion_matrix": [
          [
            3,
            0
          ],
          [
            14,
            0
          ]
        ]
      },
      "test": {
        "threshold": 0.9,
        "accuracy": 0.16216216216216217,
        "precision": 0.0,
        "recall": 0.0,
        "f1": 0.0,
        "TNR": 1.0,
        "TPR": 0.0,
        "sensitivity": 0.0,
        "specificity": 1.0,
        "balanced_acc": 0.5,
        "TN": 6,
        "FP": 0,
        "FN": 31,
        "TP": 0,
        "confusion_matrix": [
          [
            6,
            0
          ],
          [
            31,
            0
          ]
        ]
      }
    },
    {
      "threshold": "optimal",
      "threshold_value": 0.62,
      "val": {
        "threshold": 0.62,
        "accuracy": 0.4117647058823529,
        "precision": 1.0,
        "recall": 0.2857142857142857,
        "f1": 0.4444444444444444,