{
  "day": "Dy6",
  "split": "val",
  "accuracy": 0.7586206896551724,
  "f1": 0.8292682926829268,
  "roc_auc": 0.7611111111111111,
  "pr_auc": 0.8220187274599039,
  "n": 29,
  "batch_size": 16,
  "input_key": "overlay_path",
  "use_mask": false
}