{
  "model_type": "per_day_filled_mask",
  "day": 15.0,
  "best_val_acc": 0.7777777777777778,
  "optimal_threshold": 0.5,
  "test_at_0.5": {
    "balanced_acc": 0.5,
    "TNR": 0.0,
    "TN": 0,
    "FP": 9,
    "FN": 0,
    "TP": 35,
    "accuracy": 0.7954545454545454,
    "f1": 0.8860759493670886
  }
}