{
  "model_type": "per_day",
  "day": 10,
  "best_val_acc": 0.6111111044883728,
  "optimal_threshold": 0.77,
  "val_at_optimal": {
    "threshold": 0.77,
    "accuracy": 0.5555555555555556,
    "precision": 1.0,
    "recall": 0.42857142857142855,
    "f1": 0.6,
    "TNR": 1.0,
    "TPR": 0.42857142857142855,
    "sensitivity": 0.42857142857142855,
    "specificity": 1.0,
    "balanced_acc": 0.7142857142857143,
    "TN": 4,
    "FP": 0,
    "FN": 8,
    "TP": 6,
    "confusion_matrix": [
      [
        4,
        0
      ],
      [
        8,
        6
      ]
    ]
  },
  "test_at_optimal": {
    "threshold": 0.77,
    "accuracy": 0.4772727272727273,
    "precision": 1.0,
    "recall": 0.34285714285714286,
    "f1": 0.5106382978723404,
    "TNR": 1.0,
    "TPR": 0.34285714285714286,
    "sensitivity": 0.34285714285714286,
    "specificity": 1.0,
    "balanced_acc": 0.6714285714285715,
    "TN": 9,
    "FP": 0,
    "FN": 23,
    "TP": 12,
    "confusion_matrix": [
      [
        9,
        0
      ],
      [
        23,
        12
      ]
    ]
  },
  "val_at_0.5": {
    "threshold": 0.5,
    "accuracy": 0.5555555555555556,
    "precision": 0.75,
    "recall": 0.6428571428571429,
    "f1": 0.6923076923076923,
    "TNR": 0.25,
    "TPR": 0.6428571428571429,
    "sensitivity": 0.6428571428571429,
    "specificity": 0.25,
    "balanced_acc": 0.44642857142857145,
    "TN": 1,
    "FP": 3,
    "FN": 5,
    "TP": 9,
    "confusion_matrix": [
      [
        1,
        3
      ],
      [
        5,
        9
      ]
    ]
  },
  "test_at_0.5": {
    "threshold": 0.5,
    "accuracy": 0.6590909090909091,
    "precision": 0.8571428571428571,
    "recall": 0.6857142857142857,
    "f1": 0.7619047619047619,
    "TNR": 0.5555555555555556,
    "TPR": 0.6857142857142857,
    "sensitivity": 0.6857142857142857,
    "specificity": 0.5555555555555556,
    "balanced_acc": 0.6206349206349207,
    "TN": 5,
    "FP": 4,
    "FN": 11,
    "TP": 24,
    "confusion_matrix": [
      [
        5,
        4
      ],
      [
        11,
        24
      ]
    ]
  },
  "threshold_results": [
    {
      "threshold": "fixed",
      "threshold_value": 0.5,
      "val": {
        "threshold": 0.5,
        "accuracy": 0.5555555555555556,
        "precision": 0.75,
        "recall": 0.6428571428571429,
        "f1": 0.6923076923076923,
        "TNR": 0.25,
        "TPR": 0.6428571428571429,
        "sensitivity": 0.6428571428571429,
        "specificity": 0.25,
        "balanced_acc": 0.44642857142857145,
        "TN": 1,
        "FP": 3,
        "FN": 5,
        "TP": 9,
        "confusion_matrix": [
          [
            1,
            3
          ],
          [
            5,
            9
          ]
        ]
      },
      "test": {
        "threshold": 0.5,
        "accuracy": 0.6590909090909091,
        "precision": 0.8571428571428571,
        "recall": 0.6857142857142857,
        "f1": 0.7619047619047619,
        "TNR": 0.5555555555555556,
        "TPR": 0.6857142857142857,
        "sensitivity": 0.6857142857142857,
        "specificity": 0.5555555555555556,
        "balanced_acc": 0.6206349206349207,
        "TN": 5,
        "FP": 4,
        "FN": 11,
        "TP": 24,
        "confusion_matrix": [
          [
            5,
            4
          ],
          [
            11,
            24
          ]
        ]
      }
    },
    {
      "threshold": "fixed",
      "threshold_value": 0.6,
      "val": {
        "threshold": 0.6,
        "accuracy": 0.6111111111111112,
        "precision": 0.8888888888888888,
        "recall": 0.5714285714285714,
        "f1": 0.6956521739130435,
        "TNR": 0.75,
        "TPR": 0.5714285714285714,
        "sensitivity": 0.5714285714285714,
        "specificity": 0.75,
        "balanced_acc": 0.6607142857142857,
        "TN": 3,
        "FP": 1,
        "FN": 6,
        "TP": 8,
        "confusion_matrix": [
          [
            3,
            1
          ],
          [
            6,
            8
          ]
        ]
      },
      "test": {
        "threshold": 0.6,
        "accuracy": 0.5681818181818182,
        "precision": 0.9,
        "recall": 0.5142857142857142,
        "f1": 0.6545454545454545,
        "TNR": 0.7777777777777778,
        "TPR": 0.5142857142857142,
        "sensitivity": 0.5142857142857142,
        "specificity": 0.7777777777777778,
        "balanced_acc": 0.646031746031746,
        "TN": 7,
        "FP": 2,
        "FN": 17,
        "TP": 18,
        "confusion_matrix": [
          [
            7,
            2
          ],
          [
            17,
            18
          ]
        ]
      }
    },
    {
      "threshold": "fixed",
      "threshold_value": 0.7,
      "val": {
        "threshold": 0.7,
        "accuracy": 0.5555555555555556,
        "precision": 0.875,
        "recall": 0.5,
        "f1": 0.6363636363636364,
        "TNR": 0.75,
        "TPR": 0.5,
        "sensitivity": 0.5,
        "specificity": 0.75,
        "balanced_acc": 0.625,
        "TN": 3,
        "FP": 1,
        "FN": 7,
        "TP": 7,
        "confusion_matrix": [
          [
            3,
            1
          ],
          [
            7,
            7
          ]
        ]
      },
      "test": {
        "threshold": 0.7,
        "accuracy": 0.45454545454545453,
        "precision": 0.8666666666666667,
        "recall": 0.37142857142857144,
        "f1": 0.52,
        "TNR": 0.7777777777777778,
        "TPR": 0.37142857142857144,
        "sensitivity": 0.37142857142857144,
        "specificity": 0.7777777777777778,
        "balanced_acc": 0.5746031746031746,
        "TN": 7,
        "FP": 2,
        "FN": 22,
        "TP": 13,
        "confusion_matrix": [
          [
            7,
            2
          ],
          [
            22,
            13
          ]
        ]
      }
    },
    {
      "threshold": "fixed",
      "threshold_value": 0.8,
      "val": {
        "threshold": 0.8,
        "accuracy": 0.5,
        "precision": 1.0,
        "recall": 0.35714285714285715,
        "f1": 0.5263157894736842,
        "TNR": 1.0,
        "TPR": 0.35714285714285715,
        "sensitivity": 0.35714285714285715,
        "specificity": 1.0,
        "balanced_acc": 0.6785714285714286,
        "TN": 4,
        "FP": 0,
        "FN": 9,
        "TP": 5,
        "confusion_matrix": [
          [
            4,
            0
          ],
          [
            9,
            5
          ]
        ]
      },
      "test": {
        "threshold": 0.8,
        "accuracy": 0.36363636363636365,
        "precision": 1.0,
        "recall": 0.2,
        "f1": 0.3333333333333333,
        "TNR": 1.0,
        "TPR": 0.2,
        "sensitivity": 0.2,
        "specificity": 1.0,
        "balanced_acc": 0.6,
        "TN": 9,
        "FP": 0,
        "FN": 28,
        "TP": 7,
        "confusion_matrix": [
          [
            9,
            0
          ],
          [
            28,
            7
          ]
        ]
      }
    },
    {
      "threshold": "fixed",
      "threshold_value": 0.9,
      "val": {
        "threshold": 0.9,
        "accuracy": 0.2222222222222222,
        "precision": 0.0,
        "recall": 0.0,
        "f1": 0.0,
        "TNR": 1.0,
        "TPR": 0.0,
        "sensitivity": 0.0,
        "specificity": 1.0,
        "balanced_acc": 0.5,
        "TN": 4,
        "FP": 0,
        "FN": 14,
        "TP": 0,
        "confusion_matrix": [
          [
            4,
            0
          ],
          [
            14,
            0
          ]
        ]
      },
      "test": {
        "threshold": 0.9,
        "accuracy": 0.20454545454545456,
        "precision": 0.0,
        "recall": 0.0,
        "f1": 0.0,
        "TNR": 1.0,
        "TPR": 0.0,
        "sensitivity": 0.0,
        "specificity": 1.0,
        "balanced_acc": 0.5,
        "TN": 9,
        "FP": 0,
        "FN": 35,
        "TP": 0,