{
  "day": "Dy20_5",
  "split": "val",
  "accuracy": 0.7931034482758621,
  "f1": 0.8695652173913043,
  "roc_auc": 0.6964285714285714,
  "pr_auc": 0.8336561331667385,
  "n": 29,
  "batch_size": 16,
  "input_key": "overlay_path",
  "use_mask": false
}