{
  "day": "Dy30",
  "split": "val",
  "accuracy": 0.9333333333333333,
  "f1": 0.9523809523809523,
  "roc_auc": 0.9365079365079365,
  "pr_auc": 0.9702273833510016,
  "n": 30,
  "batch_size": 16,
  "input_key": "img_path",
  "use_mask": false
}