{
  "day": "Dy8",
  "day_no": 8,
  "split": "test",
  "accuracy": 0.5517241379310345,
  "f1": 0.6976744186046512,
  "roc_auc": 0.6071428571428572,
  "pr_auc": 0.8512633332194512,
  "val_accuracy_for_selection": 0.7931034482758621,
  "val_n": 29,
  "test_n": 29,
  "actual_good": 21,
  "predicted_good": 22,
  "batch_size_train": 16,
  "batch_size_valtest": 16,
  "backbone_key": "resnet",
  "input_key": "overlay_path",
  "use_mask": true
}