{
  "model_type": "per_day",
  "day": 8,
  "best_val_acc": 0.7222222089767456,
  "optimal_threshold": 0.53,
  "val_at_optimal": {
    "threshold": 0.53,
    "accuracy": 0.5,
    "precision": 1.0,
    "recall": 0.35714285714285715,
    "f1": 0.5263157894736842,
    "TNR": 1.0,
    "TPR": 0.35714285714285715,
    "sensitivity": 0.35714285714285715,
    "specificity": 1.0,
    "balanced_acc": 0.6785714285714286,
    "TN": 4,
    "FP": 0,
    "FN": 9,
    "TP": 5,
    "confusion_matrix": [
      [
        4,
        0
      ],
      [
        9,
        5
      ]
    ]
  },
  "test_at_optimal": {
    "threshold": 0.53,
    "accuracy": 0.2727272727272727,
    "precision": 0.8,
    "recall": 0.11428571428571428,
    "f1": 0.2,
    "TNR": 0.8888888888888888,
    "TPR": 0.11428571428571428,
    "sensitivity": 0.11428571428571428,
    "specificity": 0.8888888888888888,
    "balanced_acc": 0.5015873015873016,
    "TN": 8,
    "FP": 1,
    "FN": 31,
    "TP": 4,
    "confusion_matrix": [
      [
        8,
        1
      ],
      [
        31,
        4
      ]
    ]
  },
  "val_at_0.5": {
    "threshold": 0.5,
    "accuracy": 0.7222222222222222,
    "precision": 0.8,
    "recall": 0.8571428571428571,
    "f1": 0.8275862068965517,
    "TNR": 0.25,
    "TPR": 0.8571428571428571,
    "sensitivity": 0.8571428571428571,
    "specificity": 0.25,
    "balanced_acc": 0.5535714285714286,
    "TN": 1,
    "FP": 3,
    "FN": 2,
    "TP": 12,
    "confusion_matrix": [
      [
        1,
        3
      ],
      [
        2,
        12
      ]
    ]
  },
  "test_at_0.5": {
    "threshold": 0.5,
    "accuracy": 0.7272727272727273,
    "precision": 0.8285714285714286,
    "recall": 0.8285714285714286,
    "f1": 0.8285714285714286,
    "TNR": 0.3333333333333333,
    "TPR": 0.8285714285714286,
    "sensitivity": 0.8285714285714286,
    "specificity": 0.3333333333333333,
    "balanced_acc": 0.580952380952381,
    "TN": 3,
    "FP": 6,
    "FN": 6,
    "TP": 29,
    "confusion_matrix": [
      [
        3,
        6
      ],
      [
        6,
        29
      ]
    ]
  },
  "threshold_results": [
    {
      "threshold": "fixed",
      "threshold_value": 0.5,
      "val": {
        "threshold": 0.5,
        "accuracy": 0.7222222222222222,
        "precision": 0.8,
        "recall": 0.8571428571428571,
        "f1": 0.8275862068965517,
        "TNR": 0.25,
        "TPR": 0.8571428571428571,
        "sensitivity": 0.8571428571428571,
        "specificity": 0.25,
        "balanced_acc": 0.5535714285714286,
        "TN": 1,
        "FP": 3,
        "FN": 2,
        "TP": 12,
        "confusion_matrix": [
          [
            1,
            3
          ],
          [
            2,
            12
          ]
        ]
      },
      "test": {
        "threshold": 0.5,
        "accuracy": 0.7272727272727273,
        "precision": 0.8285714285714286,
        "recall": 0.8285714285714286,
        "f1": 0.8285714285714286,
        "TNR": 0.3333333333333333,
        "TPR": 0.8285714285714286,
        "sensitivity": 0.8285714285714286,
        "specificity": 0.3333333333333333,
        "balanced_acc": 0.580952380952381,
        "TN": 3,
        "FP": 6,
        "FN": 6,
        "TP": 29,
        "confusion_matrix": [
          [
            3,
            6
          ],
          [
            6,
            29
          ]
        ]
      }
    },
    {
      "threshold": "fixed",
      "threshold_value": 0.6,
      "val": {
        "threshold": 0.6,
        "accuracy": 0.2222222222222222,
        "precision": 0.0,
        "recall": 0.0,
        "f1": 0.0,
        "TNR": 1.0,
        "TPR": 0.0,
        "sensitivity": 0.0,
        "specificity": 1.0,
        "balanced_acc": 0.5,
        "TN": 4,
        "FP": 0,
        "FN": 14,
        "TP": 0,
        "confusion_matrix": [
          [
            4,
            0
          ],
          [
            14,
            0
          ]
        ]
      },
      "test": {
        "threshold": 0.6,
        "accuracy": 0.20454545454545456,
        "precision": 0.0,
        "recall": 0.0,
        "f1": 0.0,
        "TNR": 1.0,
        "TPR": 0.0,
        "sensitivity": 0.0,
        "specificity": 1.0,
        "balanced_acc": 0.5,
        "TN": 9,
        "FP": 0,
        "FN": 35,
        "TP": 0,
        "confusion_matrix": [
          [
            9,
            0
          ],
          [
            35,
            0
          ]
        ]
      }
    },
    {
      "threshold": "fixed",
      "threshold_value": 0.7,
      "val": {
        "threshold": 0.7,
        "accuracy": 0.2222222222222222,
        "precision": 0.0,
        "recall": 0.0,
        "f1": 0.0,
        "TNR": 1.0,
        "TPR": 0.0,
        "sensitivity": 0.0,
        "specificity": 1.0,
        "balanced_acc": 0.5,
        "TN": 4,
        "FP": 0,
        "FN": 14,
        "TP": 0,
        "confusion_matrix": [
          [
            4,
            0
          ],
          [
            14,
            0
          ]
        ]
      },
      "test": {
        "threshold": 0.7,
        "accuracy": 0.20454545454545456,
        "precision": 0.0,
        "recall": 0.0,
        "f1": 0.0,
        "TNR": 1.0,
        "TPR": 0.0,
        "sensitivity": 0.0,
        "specificity": 1.0,
        "balanced_acc": 0.5,
        "TN": 9,
        "FP": 0,
        "FN": 35,
        "TP": 0,
        "confusion_matrix": [
          [
            9,
            0
          ],
          [
            35,
            0
          ]
        ]
      }
    },
    {
      "threshold": "fixed",
      "threshold_value": 0.8,
      "val": {
        "threshold": 0.8,
        "accuracy": 0.2222222222222222,
        "precision": 0.0,
        "recall": 0.0,
        "f1": 0.0,
        "TNR": 1.0,
        "TPR": 0.0,
        "sensitivity": 0.0,
        "specificity": 1.0,
        "balanced_acc": 0.5,
        "TN": 4,
        "FP": 0,
        "FN": 14,
        "TP": 0,
        "confusion_matrix": [
          [
            4,
            0
          ],
          [
            14,
            0
          ]
        ]
      },
      "test": {
        "threshold": 0.8,
        "accuracy": 0.20454545454545456,
        "precision": 0.0,
        "recall": 0.0,
        "f1": 0.0,
        "TNR": 1.0,
        "TPR": 0.0,
        "sensitivity": 0.0,
        "specificity": 1.0,
        "balanced_acc": 0.5,
        "TN": 9,
        "FP": 0,
        "FN": 35,
        "TP": 0,
        "confusion_matrix": [
          [
            9,
            0
          ],
          [
            35,
            0
          ]
        ]
      }
    },
    {
      "threshold": "fixed",
      "threshold_value": 0.9,
      "val": {
        "threshold": 0.9,
        "accuracy": 0.2222222222222222,
        "precision": 0.0,
        "recall": 0.0,
        "f1": 0.0,
        "TNR": 1.0,
        "TPR": 0.0,
        "sensitivity": 0.0,
        "specificity": 1.0,
        "balanced_acc": 0.5,
        "TN": 4,
        "FP": 0,
        "FN": 14,
        "TP": 0,
        "confusion_matrix": [
          [
            4,
            0
          ],
          [
            14,
            0
          ]
        ]
      },
      "test": {
        "threshold": 0.9,
        "accuracy": 0.20454545454545456,
        "precision": 0.0,
        "recall": 0.0,
        "f1": 0.0,
        "TNR": 1.0,
        "TPR": 0.0,
        "sensitivity": 0.0,
        "specificity": 1.0,
        "balanced_acc": 0.5,
        "TN": 9,
        "FP": 0,
        "FN": 35,
        "TP": 0,
        "confusion_matrix": [
          [
            9,
            0
          ],
          [
            35,
            0
          ]
        ]
      }
    },
    {
      "threshold": "optimal",
      "threshold_value": 0.53,
      "val": {
        "threshold": 0.53,
        "accuracy": 0.5,
        "precision": 1.0,
        "recall": 0.35714285714285715,
        "f1": 0.5263157894736842,
        "TNR": 1.0,
        "TPR": 0.35714285714285715,
        "sensitivity": 0.35714285714285715,