{
  "n_components": 12,
  "explained_variance_ratio": [
    0.1179143637418747,
    0.07237144559621811,
    0.059296391904354095,
    0.043244872242212296,
    0.040659524500370026,
    0.03317219763994217,
    0.029666807502508163,
    0.02661755122244358,
    0.02497510425746441,
    0.02372312732040882,
    0.02081456407904625,
    0.019404757767915726
  ],
  "total_explained_variance": 0.5118606686592102
}