{
  "n_components": 12,
  "explained_variance_ratio": [
    0.12464785575866699,
    0.08373507857322693,
    0.04502468556165695,
    0.039570681750774384,
    0.03497638553380966,
    0.03136105462908745,
    0.029597407206892967,
    0.0249312836676836,
    0.0208250992000103,
    0.019856084138154984,
    0.019032111391425133,
    0.017985103651881218
  ],
  "total_explained_variance": 0.4915428161621094
}