{
  "day": "Dy24",
  "split": "val",
  "accuracy": 0.7931034482758621,
  "f1": 0.8571428571428571,
  "n": 29,
  "batch_size": 16
}