{
  "day": "Dy28",
  "day_no": 28,
  "split": "test",
  "accuracy": 0.9285714285714286,
  "f1": 0.9473684210526315,
  "val_accuracy_for_selection": 0.9642857142857143,
  "val_n": 28,
  "test_n": 28,
  "actual_good": 20,
  "predicted_good": 18,
  "batch_size_train": 16,
  "batch_size_valtest": 16,
  "backbone_key": "vit"
}