{
  "day": "Dy28",
  "split": "val",
  "accuracy": 0.9642857142857143,
  "f1": 0.9743589743589743,
  "n": 28,
  "batch_size": 16
}