{
  "day": "Dy30",
  "split": "val",
  "accuracy": 0.9655172413793104,
  "f1": 0.975609756097561,
  "n": 29,
  "batch_size": 16
}