{
  "day": "Dy3",
  "split": "val",
  "accuracy": 0.7586206896551724,
  "f1": 0.8292682926829268,
  "roc_auc": 0.7277777777777777,
  "pr_auc": 0.8682788358156008,
  "n": 29,
  "batch_size": 16,
  "input_key": "overlay_path",
  "use_mask": true
}