{
  "day": "Dy28",
  "split": "val",
  "accuracy": 0.896551724137931,
  "f1": 0.9230769230769231,
  "n": 29,
  "batch_size": 16
}