{
  "n_components": 12,
  "explained_variance_ratio": [
    0.17345333099365234,
    0.0893341451883316,
    0.07430198043584824,
    0.048856984823942184,
    0.04336004704236984,
    0.03728357329964638,
    0.033657100051641464,
    0.028526779264211655,
    0.0221403781324625,
    0.021360190585255623,
    0.02001415379345417,
    0.01690245233476162
  ],
  "total_explained_variance": 0.6091911196708679
}