{
  "day": "Dy24",
  "split": "val",
  "accuracy": 0.896551724137931,
  "f1": 0.9302325581395349,
  "roc_auc": 0.9388888888888889,
  "pr_auc": 0.9723870217423356,
  "n": 29,
  "batch_size": 16,
  "input_key": "overlay_path",
  "use_mask": true
}