{
  "model_type": "effnet_ts",
  "day": 30.0,
  "best_val_acc": 0.9444444179534912,
  "optimal_threshold": 0.1,
  "val_at_optimal": {
    "threshold": 0.1,
    "accuracy": 0.9444444444444444,
    "precision": 0.9333333333333333,
    "recall": 1.0,
    "f1": 0.9655172413793104,
    "TNR": 0.75,
    "TPR": 1.0,
    "balanced_acc": 0.875,
    "TN": 3,
    "FP": 1,
    "FN": 0,
    "TP": 14,
    "confusion_matrix": [
      [
        3,
        1
      ],
      [
        0,
        14
      ]
    ]
  },
  "test_at_optimal": {
    "threshold": 0.1,
    "accuracy": 0.8863636363636364,
    "precision": 0.8947368421052632,
    "recall": 0.9714285714285714,
    "f1": 0.9315068493150684,
    "TNR": 0.5555555555555556,
    "TPR": 0.9714285714285714,
    "balanced_acc": 0.7634920634920634,
    "TN": 5,
    "FP": 4,
    "FN": 1,
    "TP": 34,
    "confusion_matrix": [
      [
        5,
        4
      ],
      [
        1,
        34
      ]
    ]
  },
  "val_at_0.5": {
    "threshold": 0.5,
    "accuracy": 0.9444444444444444,
    "precision": 0.9333333333333333,
    "recall": 1.0,
    "f1": 0.9655172413793104,
    "TNR": 0.75,
    "TPR": 1.0,
    "balanced_acc": 0.875,
    "TN": 3,
    "FP": 1,
    "FN": 0,
    "TP": 14,
    "confusion_matrix": [
      [
        3,
        1
      ],
      [
        0,
        14
      ]
    ]
  },
  "test_at_0.5": {
    "threshold": 0.5,
    "accuracy": 0.9090909090909091,
    "precision": 0.9428571428571428,
    "recall": 0.9428571428571428,
    "f1": 0.9428571428571428,
    "TNR": 0.7777777777777778,
    "TPR": 0.9428571428571428,
    "balanced_acc": 0.8603174603174604,
    "TN": 7,
    "FP": 2,
    "FN": 2,
    "TP": 33,
    "confusion_matrix": [
      [
        7,
        2
      ],
      [
        2,
        33
      ]
    ]
  },
  "train_history": [
    {
      "epoch": 1,
      "train_loss": 0.6264653907546515,
      "train_acc": 0.23417721518987342,
      "val_loss": 1.592338502407074,
      "val_acc": 0.2222222238779068,
      "val_precision": 0.0,
      "val_recall": 0.0,
      "val_f1": 0.0
    },
    {
      "epoch": 2,
      "train_loss": 0.500003266938125,
      "train_acc": 0.2088607594936709,
      "val_loss": 1.566577434539795,
      "val_acc": 0.2222222238779068,
      "val_precision": 0.0,
      "val_recall": 0.0,
      "val_f1": 0.0
    },
    {
      "epoch": 3,
      "train_loss": 0.5611521775209452,
      "train_acc": 0.1962025316455696,
      "val_loss": 1.7923980951309204,
      "val_acc": 0.2222222238779068,
      "val_precision": 0.0,
      "val_recall": 0.0,
      "val_f1": 0.0
    },
    {
      "epoch": 4,
      "train_loss": 0.6611645651769035,
      "train_acc": 0.33544303797468356,
      "val_loss": 1.7564986944198608,
      "val_acc": 0.2222222238779068,
      "val_precision": 0.0,
      "val_recall": 0.0,
      "val_f1": 0.0
    },
    {
      "epoch": 5,
      "train_loss": 0.5412714503988435,
      "train_acc": 0.1962025316455696,
      "val_loss": 1.1840497255325317,
      "val_acc": 0.2222222238779068,
      "val_precision": 0.0,
      "val_recall": 0.0,
      "val_f1": 0.0
    },
    {
      "epoch": 6,
      "train_loss": 0.4861235113083562,
      "train_acc": 0.27848101265822783,
      "val_loss": 1.3630759716033936,
      "val_acc": 0.2222222238779068,
      "val_precision": 0.0,
      "val_recall": 0.0,
      "val_f1": 0.0
    },
    {
      "epoch": 7,
      "train_loss": 0.47363357679753365,
      "train_acc": 0.22784810126582278,
      "val_loss": 0.7493087947368622,
      "val_acc": 0.3888888955116272,
      "val_precision": 1.0,
      "val_recall": 0.21428571428571427,
      "val_f1": 0.35294117647058826
    },
    {
      "epoch": 8,
      "train_loss": 0.3999799244765994,
      "train_acc": 0.45569620253164556,
      "val_loss": 0.493593692779541,
      "val_acc": 0.8333333134651184,
      "val_precision": 0.8666666666666667,
      "val_recall": 0.9285714285714286,
      "val_f1": 0.896551724137931
    },
    {
      "epoch": 9,
      "train_loss": 0.39229613844352434,
      "train_acc": 0.6582278481012658,
      "val_loss": 0.508865088224411,
      "val_acc": 0.7222222089767456,
      "val_precision": 1.0,
      "val_recall": 0.6428571428571429,
      "val_f1": 0.782608695652174
    },
    {
      "epoch": 10,
      "train_loss": 0.4097656620831429,
      "train_acc": 0.8354430379746836,
      "val_loss": 0.31514671444892883,
      "val_acc": 0.8333333134651184,
      "val_precision": 0.9230769230769231,
      "val_recall": 0.8571428571428571,
      "val_f1": 0.8888888888888888
    },
    {
      "epoch": 11,
      "train_loss": 0.20251765809481656,
      "train_acc": 0.8544303797468354,
      "val_loss": 0.1968618780374527,
      "val_acc": 0.8333333134651184,
      "val_precision": 0.9230769230769231,
      "val_recall": 0.8571428571428571,
      "val_f1": 0.8888888888888888
    },
    {
      "epoch": 12,
      "train_loss": 0.12437765927443022,
      "train_acc": 0.9113924050632911,
      "val_loss": 0.1377627719193697,
      "val_acc": 0.8888888955116272,
      "val_precision": 0.9285714285714286,
      "val_recall": 0.9285714285714286,
      "val_f1": 0.9285714285714286
    },
    {
      "epoch": 13,
      "train_loss": 0.08372800455346138,
      "train_acc": 0.9177215189873418,
      "val_loss": 0.3233183373231441,
      "val_acc": 0.8888888955116272,
      "val_precision": 0.875,
      "val_recall": 1.0,
      "val_f1": 0.9333333333333333
    },
    {
      "epoch": 14,
      "train_loss": 0.2935551562452618,
      "train_acc": 0.9177215189873418,
      "val_loss": 0.099431840077159,
      "val_acc": 0.9444444179534912,
      "val_precision": 0.9333333333333333,
      "val_recall": 1.0,
      "val_f1": 0.9655172413793104
    },
    {
      "epoch": 15,
      "train_loss": 0.07435496255189558,
      "train_acc": 0.9556962025316456,
      "val_loss": 0.5758703354522368,
      "val_acc": 0.8333333134651184,
      "val_precision": 0.8235294117647058,
      "val_recall": 1.0,
      "val_f1": 0.9032258064516129
    },
    {
      "epoch": 16,
      "train_loss": 0.0432704758559224,
      "train_acc": 0.9746835443037974,
      "val_loss": 0.19787963382259477,
      "val_acc": 0.9444444179534912,
      "val_precision": 0.9333333333333333,
      "val_recall": 1.0,
      "val_f1": 0.9655172413793104
    },
    {
      "epoch": 17,
      "train_loss": 0.06002778915947751,
      "train_acc": 0.9430379746835443,
      "val_loss": 0.15368332555044617,
      "val_acc": 0.8888888955116272,
      "val_precision": 0.875,
      "val_recall": 1.0,
      "val_f1": 0.9333333333333333
    },
    {
      "epoch": 18,
      "train_loss": 0.08170425849436205,
      "train_acc": 0.9810126582278481,
      "val_loss": 0.8358121758054722,
      "val_acc": 0.8333333134651184,
      "val_precision": 0.8235294117647058,
      "val_recall": 1.0,
      "val_f1": 0.9032258064516129
    },
    {
      "epoch": 19,
      "train_loss": 0.03998380910039325,
      "train_acc": 0.9746835443037974,
      "val_loss": 0.4586077540699307,
      "val_acc": 0.8333333134651184,
      "val_precision": 0.8235294117647058,
      "val_recall": 1.0,
      "val_f1": 0.9032258064516129
    },
    {
      "epoch": 20,
      "train_loss": 0.018249327529080307,
      "train_acc": 0.9746835443037974,
      "val_loss": 0.7394327837909032,
      "val_acc": 0.8333333134651184,
      "val_precision": 0.8235294117647058,
      "val_recall": 1.0,
      "val_f1": 0.9032258064516129
    },
    {
      "epoch": 21,
      "train_loss": 0.37443535928201827,
      "train_acc": 0.9683544303797469,
      "val_loss": 0.8692216744258019,
      "val_acc": 0.8333333134651184,
      "val_precision": 0.8235294117647058,
      "val_recall": 1.0,
      "val_f1": 0.9032258064516129
    },
    {
      "epoch": 22,
      "train_loss": 0.03831590730932694,
      "train_acc": 0.9746835443037974,
      "val_loss": 0.3160989958951177,
      "val_acc": 0.8888888955116272,
      "val_precision": 0.875,
      "val_recall": 1.0,