{
  "model_type": "effnet_ts",
  "day": 20.5,
  "best_val_acc": 0.8235294222831726,
  "optimal_threshold": 0.65,
  "val_at_optimal": {
    "threshold": 0.65,
    "accuracy": 0.5294117647058824,
    "precision": 1.0,
    "recall": 0.42857142857142855,
    "f1": 0.6,
    "TNR": 1.0,
    "TPR": 0.42857142857142855,
    "sensitivity": 0.42857142857142855,
    "specificity": 1.0,
    "balanced_acc": 0.7142857142857143,
    "TN": 3,
    "FP": 0,
    "FN": 8,
    "TP": 6,
    "confusion_matrix": [
      [
        3,
        0
      ],
      [
        8,
        6
      ]
    ]
  },
  "test_at_optimal": {
    "threshold": 0.65,
    "accuracy": 0.41025641025641024,
    "precision": 0.8571428571428571,
    "recall": 0.36363636363636365,
    "f1": 0.5106382978723404,
    "TNR": 0.6666666666666666,
    "TPR": 0.36363636363636365,
    "sensitivity": 0.36363636363636365,
    "specificity": 0.6666666666666666,
    "balanced_acc": 0.5151515151515151,
    "TN": 4,
    "FP": 2,
    "FN": 21,
    "TP": 12,
    "confusion_matrix": [
      [
        4,
        2
      ],
      [
        21,
        12
      ]
    ]
  },
  "val_at_0.5": {
    "threshold": 0.5,
    "accuracy": 0.8235294117647058,
    "precision": 0.8666666666666667,
    "recall": 0.9285714285714286,
    "f1": 0.896551724137931,
    "TNR": 0.3333333333333333,
    "TPR": 0.9285714285714286,
    "sensitivity": 0.9285714285714286,
    "specificity": 0.3333333333333333,
    "balanced_acc": 0.6309523809523809,
    "TN": 1,
    "FP": 2,
    "FN": 1,
    "TP": 13,
    "confusion_matrix": [
      [
        1,
        2
      ],
      [
        1,
        13
      ]
    ]
  },
  "test_at_0.5": {
    "threshold": 0.5,
    "accuracy": 0.8205128205128205,
    "precision": 0.90625,
    "recall": 0.8787878787878788,
    "f1": 0.8923076923076924,
    "TNR": 0.5,
    "TPR": 0.8787878787878788,
    "sensitivity": 0.8787878787878788,
    "specificity": 0.5,
    "balanced_acc": 0.6893939393939394,
    "TN": 3,
    "FP": 3,
    "FN": 4,
    "TP": 29,
    "confusion_matrix": [
      [
        3,
        3
      ],
      [
        4,
        29
      ]
    ]
  },
  "threshold_results": [
    {
      "threshold": "fixed",
      "threshold_value": 0.5,
      "val": {
        "threshold": 0.5,
        "accuracy": 0.8235294117647058,
        "precision": 0.8666666666666667,
        "recall": 0.9285714285714286,
        "f1": 0.896551724137931,
        "TNR": 0.3333333333333333,
        "TPR": 0.9285714285714286,
        "sensitivity": 0.9285714285714286,
        "specificity": 0.3333333333333333,
        "balanced_acc": 0.6309523809523809,
        "TN": 1,
        "FP": 2,
        "FN": 1,
        "TP": 13,
        "confusion_matrix": [
          [
            1,
            2
          ],
          [
            1,
            13
          ]
        ]
      },
      "test": {
        "threshold": 0.5,
        "accuracy": 0.8205128205128205,
        "precision": 0.90625,
        "recall": 0.8787878787878788,
        "f1": 0.8923076923076924,
        "TNR": 0.5,
        "TPR": 0.8787878787878788,
        "sensitivity": 0.8787878787878788,
        "specificity": 0.5,
        "balanced_acc": 0.6893939393939394,
        "TN": 3,
        "FP": 3,
        "FN": 4,
        "TP": 29,
        "confusion_matrix": [
          [
            3,
            3
          ],
          [
            4,
            29
          ]
        ]
      }
    },
    {
      "threshold": "fixed",
      "threshold_value": 0.6,
      "val": {
        "threshold": 0.6,
        "accuracy": 0.47058823529411764,
        "precision": 0.8571428571428571,
        "recall": 0.42857142857142855,
        "f1": 0.5714285714285714,
        "TNR": 0.6666666666666666,
        "TPR": 0.42857142857142855,
        "sensitivity": 0.42857142857142855,
        "specificity": 0.6666666666666666,
        "balanced_acc": 0.5476190476190476,
        "TN": 2,
        "FP": 1,
        "FN": 8,
        "TP": 6,
        "confusion_matrix": [
          [
            2,
            1
          ],
          [
            8,
            6
          ]
        ]
      },
      "test": {
        "threshold": 0.6,
        "accuracy": 0.4358974358974359,
        "precision": 0.8666666666666667,
        "recall": 0.3939393939393939,
        "f1": 0.5416666666666666,
        "TNR": 0.6666666666666666,
        "TPR": 0.3939393939393939,
        "sensitivity": 0.3939393939393939,
        "specificity": 0.6666666666666666,
        "balanced_acc": 0.5303030303030303,
        "TN": 4,
        "FP": 2,
        "FN": 20,
        "TP": 13,
        "confusion_matrix": [
          [
            4,
            2
          ],
          [
            20,
            13
          ]
        ]
      }
    },
    {
      "threshold": "fixed",
      "threshold_value": 0.7,
      "val": {
        "threshold": 0.7,
        "accuracy": 0.4117647058823529,
        "precision": 1.0,
        "recall": 0.2857142857142857,
        "f1": 0.4444444444444444,
        "TNR": 1.0,
        "TPR": 0.2857142857142857,
        "sensitivity": 0.2857142857142857,
        "specificity": 1.0,
        "balanced_acc": 0.6428571428571428,
        "TN": 3,
        "FP": 0,
        "FN": 10,
        "TP": 4,
        "confusion_matrix": [
          [
            3,
            0
          ],
          [
            10,
            4
          ]
        ]
      },
      "test": {
        "threshold": 0.7,
        "accuracy": 0.38461538461538464,
        "precision": 0.9090909090909091,
        "recall": 0.30303030303030304,
        "f1": 0.45454545454545453,
        "TNR": 0.8333333333333334,
        "TPR": 0.30303030303030304,
        "sensitivity": 0.30303030303030304,
        "specificity": 0.8333333333333334,
        "balanced_acc": 0.5681818181818182,
        "TN": 5,
        "FP": 1,
        "FN": 23,
        "TP": 10,
        "confusion_matrix": [
          [
            5,
            1
          ],
          [
            23,
            10
          ]
        ]
      }
    },
    {
      "threshold": "fixed",
      "threshold_value": 0.8,
      "val": {
        "threshold": 0.8,
        "accuracy": 0.35294117647058826,
        "precision": 1.0,
        "recall": 0.21428571428571427,
        "f1": 0.35294117647058826,
        "TNR": 1.0,
        "TPR": 0.21428571428571427,
        "sensitivity": 0.21428571428571427,
        "specificity": 1.0,
        "balanced_acc": 0.6071428571428571,
        "TN": 3,
        "FP": 0,
        "FN": 11,
        "TP": 3,
        "confusion_matrix": [
          [
            3,
            0
          ],
          [
            11,
            3
          ]
        ]
      },
      "test": {
        "threshold": 0.8,
        "accuracy": 0.3333333333333333,
        "precision": 0.8888888888888888,
        "recall": 0.24242424242424243,
        "f1": 0.38095238095238093,
        "TNR": 0.8333333333333334,
        "TPR": 0.24242424242424243,
        "sensitivity": 0.24242424242424243,
        "specificity": 0.8333333333333334,
        "balanced_acc": 0.5378787878787878,
        "TN": 5,
        "FP": 1,
        "FN": 25,
        "TP": 8,
        "confusion_matrix": [
          [
            5,
            1
          ],
          [
            25,
            8
          ]
        ]
      }
    },
    {
      "threshold": "fixed",
      "threshold_value": 0.9,
      "val": {
        "threshold": 0.9,
        "accuracy": 0.23529411764705882,
        "precision": 1.0,
        "recall": 0.07142857142857142,
        "f1": 0.13333333333333333,
        "TNR": 1.0,
        "TPR": 0.07142857142857142,
        "sensitivity": 0.07142857142857142,
        "specificity": 1.0,
        "balanced_acc": 0.5357142857142857,
        "TN": 3,
        "FP": 0,
        "FN": 13,
        "TP": 1,
        "confusion_matrix": [
          [
            3,
            0
          ],
          [
            13,
            1
          ]
        ]
      },
      "test": {
        "threshold": 0.9,