{
  "day": "Dy3",
  "split": "val",
  "accuracy": 0.6896551724137931,
  "f1": 0.8163265306122449,
  "roc_auc": 0.6555555555555554,
  "pr_auc": 0.8548341294720607,
  "n": 29,
  "batch_size": 16,
  "input_key": "img_path",
  "use_mask": true
}