{
  "day": "Dy3",
  "day_no": 3,
  "split": "test",
  "accuracy": 0.7586206896551724,
  "f1": 0.8571428571428571,
  "roc_auc": 0.7619047619047619,
  "pr_auc": 0.9083989250914719,
  "val_accuracy_for_selection": 0.7586206896551724,
  "val_n": 29,
  "test_n": 29,
  "actual_good": 21,
  "predicted_good": 28,
  "batch_size_train": 16,
  "batch_size_valtest": 16,
  "backbone_key": "vit",
  "input_key": "img_path",
  "use_mask": true
}