{
  "day": "Dy8",
  "day_no": 8,
  "split": "test",
  "accuracy": 0.6206896551724138,
  "f1": 0.7441860465116279,
  "roc_auc": 0.7202380952380952,
  "pr_auc": 0.8997662359877683,
  "val_accuracy_for_selection": 0.7931034482758621,
  "val_n": 29,
  "test_n": 29,
  "actual_good": 21,
  "predicted_good": 22,
  "batch_size_train": 16,
  "batch_size_valtest": 16,
  "backbone_key": "resnet",
  "input_key": "img_path",
  "use_mask": true
}