{
  "day": "Dy3",
  "split": "val",
  "accuracy": 0.7931034482758621,
  "f1": 0.85,
  "roc_auc": 0.8277777777777777,
  "pr_auc": 0.9276911205202283,
  "n": 29,
  "batch_size": 16,
  "input_key": "overlay_path",
  "use_mask": true
}