{
  "day": "Dy6",
  "day_no": 6,
  "split": "test",
  "accuracy": 0.5862068965517241,
  "f1": 0.6842105263157895,
  "roc_auc": 0.6547619047619048,
  "pr_auc": 0.8624763228357861,
  "val_accuracy_for_selection": 0.7931034482758621,
  "val_n": 29,
  "test_n": 29,
  "actual_good": 21,
  "predicted_good": 17,
  "batch_size_train": 16,
  "batch_size_valtest": 16,
  "backbone_key": "vit",
  "input_key": "img_path",
  "use_mask": false
}