{
  "day": "Dy6",
  "split": "val",
  "accuracy": 0.7931034482758621,
  "f1": 0.85,
  "roc_auc": 0.7388888888888889,
  "pr_auc": 0.8531578628851904,
  "n": 29,
  "batch_size": 16,
  "input_key": "img_path",
  "use_mask": false
}