{
  "model_type": "per_day",
  "day": 6,
  "best_val_acc": 0.8333333134651184,
  "optimal_threshold": 0.56,
  "val_at_optimal": {
    "threshold": 0.56,
    "accuracy": 0.7222222222222222,
    "precision": 0.9090909090909091,
    "recall": 0.7142857142857143,
    "f1": 0.8,
    "TNR": 0.75,
    "TPR": 0.7142857142857143,
    "sensitivity": 0.7142857142857143,
    "specificity": 0.75,
    "balanced_acc": 0.7321428571428572,
    "TN": 3,
    "FP": 1,
    "FN": 4,
    "TP": 10,
    "confusion_matrix": [
      [
        3,
        1
      ],
      [
        4,
        10
      ]
    ]
  },
  "test_at_optimal": {
    "threshold": 0.56,
    "accuracy": 0.5909090909090909,
    "precision": 0.9473684210526315,
    "recall": 0.5142857142857142,
    "f1": 0.6666666666666666,
    "TNR": 0.8888888888888888,
    "TPR": 0.5142857142857142,
    "sensitivity": 0.5142857142857142,
    "specificity": 0.8888888888888888,
    "balanced_acc": 0.7015873015873015,
    "TN": 8,
    "FP": 1,
    "FN": 17,
    "TP": 18,
    "confusion_matrix": [
      [
        8,
        1
      ],
      [
        17,
        18
      ]
    ]
  },
  "train_at_0.5": {
    "threshold": 0.5,
    "accuracy": 0.8291139240506329,
    "precision": 0.8461538461538461,
    "recall": 0.9603174603174603,
    "f1": 0.8996282527881041,
    "TNR": 0.3125,
    "TPR": 0.9603174603174603,
    "sensitivity": 0.9603174603174603,
    "specificity": 0.3125,
    "balanced_acc": 0.6364087301587302,
    "TN": 10,
    "FP": 22,
    "FN": 5,
    "TP": 121,
    "confusion_matrix": [
      [
        10,
        22
      ],
      [
        5,
        121
      ]
    ]
  },
  "val_at_0.5": {
    "threshold": 0.5,
    "accuracy": 0.8333333333333334,
    "precision": 0.8235294117647058,
    "recall": 1.0,
    "f1": 0.9032258064516129,
    "TNR": 0.25,
    "TPR": 1.0,
    "sensitivity": 1.0,
    "specificity": 0.25,
    "balanced_acc": 0.625,
    "TN": 1,
    "FP": 3,
    "FN": 0,
    "TP": 14,
    "confusion_matrix": [
      [
        1,
        3
      ],
      [
        0,
        14
      ]
    ]
  },
  "test_at_0.5": {
    "threshold": 0.5,
    "accuracy": 0.7954545454545454,
    "precision": 0.8421052631578947,
    "recall": 0.9142857142857143,
    "f1": 0.8767123287671232,
    "TNR": 0.3333333333333333,
    "TPR": 0.9142857142857143,
    "sensitivity": 0.9142857142857143,
    "specificity": 0.3333333333333333,
    "balanced_acc": 0.6238095238095238,
    "TN": 3,
    "FP": 6,
    "FN": 3,
    "TP": 32,
    "confusion_matrix": [
      [
        3,
        6
      ],
      [
        3,
        32
      ]
    ]
  },
  "threshold_results": [
    {
      "threshold": "fixed",
      "threshold_value": 0.5,
      "val": {
        "threshold": 0.5,
        "accuracy": 0.8333333333333334,
        "precision": 0.8235294117647058,
        "recall": 1.0,
        "f1": 0.9032258064516129,
        "TNR": 0.25,
        "TPR": 1.0,
        "sensitivity": 1.0,
        "specificity": 0.25,
        "balanced_acc": 0.625,
        "TN": 1,
        "FP": 3,
        "FN": 0,
        "TP": 14,
        "confusion_matrix": [
          [
            1,
            3
          ],
          [
            0,
            14
          ]
        ]
      },
      "test": {
        "threshold": 0.5,
        "accuracy": 0.7954545454545454,
        "precision": 0.8421052631578947,
        "recall": 0.9142857142857143,
        "f1": 0.8767123287671232,
        "TNR": 0.3333333333333333,
        "TPR": 0.9142857142857143,
        "sensitivity": 0.9142857142857143,
        "specificity": 0.3333333333333333,
        "balanced_acc": 0.6238095238095238,
        "TN": 3,
        "FP": 6,
        "FN": 3,
        "TP": 32,
        "confusion_matrix": [
          [
            3,
            6
          ],
          [
            3,
            32
          ]
        ]
      },
      "train": {
        "threshold": 0.5,
        "accuracy": 0.8291139240506329,
        "precision": 0.8461538461538461,
        "recall": 0.9603174603174603,
        "f1": 0.8996282527881041,
        "TNR": 0.3125,
        "TPR": 0.9603174603174603,
        "sensitivity": 0.9603174603174603,
        "specificity": 0.3125,
        "balanced_acc": 0.6364087301587302,
        "TN": 10,
        "FP": 22,
        "FN": 5,
        "TP": 121,
        "confusion_matrix": [
          [
            10,
            22
          ],
          [
            5,
            121
          ]
        ]
      }
    },
    {
      "threshold": "fixed",
      "threshold_value": 0.6,
      "val": {
        "threshold": 0.6,
        "accuracy": 0.4444444444444444,
        "precision": 0.8333333333333334,
        "recall": 0.35714285714285715,
        "f1": 0.5,
        "TNR": 0.75,
        "TPR": 0.35714285714285715,
        "sensitivity": 0.35714285714285715,
        "specificity": 0.75,
        "balanced_acc": 0.5535714285714286,
        "TN": 3,
        "FP": 1,
        "FN": 9,
        "TP": 5,
        "confusion_matrix": [
          [
            3,
            1
          ],
          [
            9,
            5
          ]
        ]
      },
      "test": {
        "threshold": 0.6,
        "accuracy": 0.3409090909090909,
        "precision": 1.0,
        "recall": 0.17142857142857143,
        "f1": 0.2926829268292683,
        "TNR": 1.0,
        "TPR": 0.17142857142857143,
        "sensitivity": 0.17142857142857143,
        "specificity": 1.0,
        "balanced_acc": 0.5857142857142857,
        "TN": 9,
        "FP": 0,
        "FN": 29,
        "TP": 6,
        "confusion_matrix": [
          [
            9,
            0
          ],
          [
            29,
            6
          ]
        ]
      },
      "train": {
        "threshold": 0.6,
        "accuracy": 0.3670886075949367,
        "precision": 0.9333333333333333,
        "recall": 0.2222222222222222,
        "f1": 0.358974358974359,
        "TNR": 0.9375,
        "TPR": 0.2222222222222222,
        "sensitivity": 0.2222222222222222,
        "specificity": 0.9375,
        "balanced_acc": 0.5798611111111112,
        "TN": 30,
        "FP": 2,
        "FN": 98,
        "TP": 28,
        "confusion_matrix": [
          [
            30,
            2
          ],
          [
            98,
            28
          ]
        ]
      }
    },
    {
      "threshold": "fixed",
      "threshold_value": 0.7,
      "val": {
        "threshold": 0.7,
        "accuracy": 0.2777777777777778,
        "precision": 1.0,
        "recall": 0.07142857142857142,
        "f1": 0.13333333333333333,
        "TNR": 1.0,
        "TPR": 0.07142857142857142,
        "sensitivity": 0.07142857142857142,
        "specificity": 1.0,
        "balanced_acc": 0.5357142857142857,
        "TN": 4,
        "FP": 0,
        "FN": 13,
        "TP": 1,
        "confusion_matrix": [
          [
            4,
            0
          ],
          [
            13,
            1
          ]
        ]
      },
      "test": {
        "threshold": 0.7,
        "accuracy": 0.20454545454545456,
        "precision": 0.0,
        "recall": 0.0,
        "f1": 0.0,
        "TNR": 1.0,
        "TPR": 0.0,
        "sensitivity": 0.0,
        "specificity": 1.0,
        "balanced_acc": 0.5,
        "TN": 9,
        "FP": 0,
        "FN": 35,
        "TP": 0,
        "confusion_matrix": [
          [
            9,
            0
          ],
          [
            35,
            0
          ]
        ]
      },
      "train": {
        "threshold": 0.7,
        "accuracy": 0.20253164556962025,
        "precision": 0.0,
        "recall": 0.0,
        "f1": 0.0,
        "TNR": 1.0,
        "TPR": 0.0,
        "sensitivity": 0.0,
        "specificity": 1.0,
        "balanced_acc": 0.5,
        "TN": 32,
        "FP": 0,
        "FN": 126,
        "TP": 0,
        "confusion_matrix": [
          [
            32,
            0
          ],
          [
            126,
            0
          ]
        ]
      }
    },
    {
      "threshold": "fixed",
      "threshold_value": 0.8,