{
  "n_components": 12,
  "explained_variance_ratio": [
    0.15484479069709778,
    0.08416265994310379,
    0.052881136536598206,
    0.052713558077812195,
    0.04248063266277313,
    0.03387217968702316,
    0.030433109030127525,
    0.02633332647383213,
    0.021941082552075386,
    0.020033594220876694,
    0.017395751550793648,
    0.01704845204949379
  ],
  "total_explained_variance": 0.5541402697563171
}