{
  "model_type": "effnet_ts",
  "day": 13,
  "best_val_acc": 0.8235294222831726,
  "optimal_threshold": 0.63,
  "val_at_optimal": {
    "threshold": 0.63,
    "accuracy": 0.6470588235294118,
    "precision": 0.9,
    "recall": 0.6428571428571429,
    "f1": 0.75,
    "TNR": 0.6666666666666666,
    "TPR": 0.6428571428571429,
    "sensitivity": 0.6428571428571429,
    "specificity": 0.6666666666666666,
    "balanced_acc": 0.6547619047619048,
    "TN": 2,
    "FP": 1,
    "FN": 5,
    "TP": 9,
    "confusion_matrix": [
      [
        2,
        1
      ],
      [
        5,
        9
      ]
    ]
  },
  "test_at_optimal": {
    "threshold": 0.63,
    "accuracy": 0.39473684210526316,
    "precision": 0.8461538461538461,
    "recall": 0.34375,
    "f1": 0.4888888888888889,
    "TNR": 0.6666666666666666,
    "TPR": 0.34375,
    "sensitivity": 0.34375,
    "specificity": 0.6666666666666666,
    "balanced_acc": 0.5052083333333333,
    "TN": 4,
    "FP": 2,
    "FN": 21,
    "TP": 11,
    "confusion_matrix": [
      [
        4,
        2
      ],
      [
        21,
        11
      ]
    ]
  },
  "val_at_0.5": {
    "threshold": 0.5,
    "accuracy": 0.8235294117647058,
    "precision": 0.8235294117647058,
    "recall": 1.0,
    "f1": 0.9032258064516129,
    "TNR": 0.0,
    "TPR": 1.0,
    "sensitivity": 1.0,
    "specificity": 0.0,
    "balanced_acc": 0.5,
    "TN": 0,
    "FP": 3,
    "FN": 0,
    "TP": 14,
    "confusion_matrix": [
      [
        0,
        3
      ],
      [
        0,
        14
      ]
    ]
  },
  "test_at_0.5": {
    "threshold": 0.5,
    "accuracy": 0.8421052631578947,
    "precision": 0.8421052631578947,
    "recall": 1.0,
    "f1": 0.9142857142857143,
    "TNR": 0.0,
    "TPR": 1.0,
    "sensitivity": 1.0,
    "specificity": 0.0,
    "balanced_acc": 0.5,
    "TN": 0,
    "FP": 6,
    "FN": 0,
    "TP": 32,
    "confusion_matrix": [
      [
        0,
        6
      ],
      [
        0,
        32
      ]
    ]
  },
  "threshold_results": [
    {
      "threshold": "fixed",
      "threshold_value": 0.5,
      "val": {
        "threshold": 0.5,
        "accuracy": 0.8235294117647058,
        "precision": 0.8235294117647058,
        "recall": 1.0,
        "f1": 0.9032258064516129,
        "TNR": 0.0,
        "TPR": 1.0,
        "sensitivity": 1.0,
        "specificity": 0.0,
        "balanced_acc": 0.5,
        "TN": 0,
        "FP": 3,
        "FN": 0,
        "TP": 14,
        "confusion_matrix": [
          [
            0,
            3
          ],
          [
            0,
            14
          ]
        ]
      },
      "test": {
        "threshold": 0.5,
        "accuracy": 0.8421052631578947,
        "precision": 0.8421052631578947,
        "recall": 1.0,
        "f1": 0.9142857142857143,
        "TNR": 0.0,
        "TPR": 1.0,
        "sensitivity": 1.0,
        "specificity": 0.0,
        "balanced_acc": 0.5,
        "TN": 0,
        "FP": 6,
        "FN": 0,
        "TP": 32,
        "confusion_matrix": [
          [
            0,
            6
          ],
          [
            0,
            32
          ]
        ]
      }
    },
    {
      "threshold": "fixed",
      "threshold_value": 0.6,
      "val": {
        "threshold": 0.6,
        "accuracy": 0.8235294117647058,
        "precision": 0.8235294117647058,
        "recall": 1.0,
        "f1": 0.9032258064516129,
        "TNR": 0.0,
        "TPR": 1.0,
        "sensitivity": 1.0,
        "specificity": 0.0,
        "balanced_acc": 0.5,
        "TN": 0,
        "FP": 3,
        "FN": 0,
        "TP": 14,
        "confusion_matrix": [
          [
            0,
            3
          ],
          [
            0,
            14
          ]
        ]
      },
      "test": {
        "threshold": 0.6,
        "accuracy": 0.8421052631578947,
        "precision": 0.8421052631578947,
        "recall": 1.0,
        "f1": 0.9142857142857143,
        "TNR": 0.0,
        "TPR": 1.0,
        "sensitivity": 1.0,
        "specificity": 0.0,
        "balanced_acc": 0.5,
        "TN": 0,
        "FP": 6,
        "FN": 0,
        "TP": 32,
        "confusion_matrix": [
          [
            0,
            6
          ],
          [
            0,
            32
          ]
        ]
      }
    },
    {
      "threshold": "fixed",
      "threshold_value": 0.7,
      "val": {
        "threshold": 0.7,
        "accuracy": 0.17647058823529413,
        "precision": 0.0,
        "recall": 0.0,
        "f1": 0.0,
        "TNR": 1.0,
        "TPR": 0.0,
        "sensitivity": 0.0,
        "specificity": 1.0,
        "balanced_acc": 0.5,
        "TN": 3,
        "FP": 0,
        "FN": 14,
        "TP": 0,
        "confusion_matrix": [
          [
            3,
            0
          ],
          [
            14,
            0
          ]
        ]
      },
      "test": {
        "threshold": 0.7,
        "accuracy": 0.15789473684210525,
        "precision": 0.0,
        "recall": 0.0,
        "f1": 0.0,
        "TNR": 1.0,
        "TPR": 0.0,
        "sensitivity": 0.0,
        "specificity": 1.0,
        "balanced_acc": 0.5,
        "TN": 6,
        "FP": 0,
        "FN": 32,
        "TP": 0,
        "confusion_matrix": [
          [
            6,
            0
          ],
          [
            32,
            0
          ]
        ]
      }
    },
    {
      "threshold": "fixed",
      "threshold_value": 0.8,
      "val": {
        "threshold": 0.8,
        "accuracy": 0.17647058823529413,
        "precision": 0.0,
        "recall": 0.0,
        "f1": 0.0,
        "TNR": 1.0,
        "TPR": 0.0,
        "sensitivity": 0.0,
        "specificity": 1.0,
        "balanced_acc": 0.5,
        "TN": 3,
        "FP": 0,
        "FN": 14,
        "TP": 0,
        "confusion_matrix": [
          [
            3,
            0
          ],
          [
            14,
            0
          ]
        ]
      },
      "test": {
        "threshold": 0.8,
        "accuracy": 0.15789473684210525,
        "precision": 0.0,
        "recall": 0.0,
        "f1": 0.0,
        "TNR": 1.0,
        "TPR": 0.0,
        "sensitivity": 0.0,
        "specificity": 1.0,
        "balanced_acc": 0.5,
        "TN": 6,
        "FP": 0,
        "FN": 32,
        "TP": 0,
        "confusion_matrix": [
          [
            6,
            0
          ],
          [
            32,
            0
          ]
        ]
      }
    },
    {
      "threshold": "fixed",
      "threshold_value": 0.9,
      "val": {
        "threshold": 0.9,
        "accuracy": 0.17647058823529413,
        "precision": 0.0,
        "recall": 0.0,
        "f1": 0.0,
        "TNR": 1.0,
        "TPR": 0.0,
        "sensitivity": 0.0,
        "specificity": 1.0,
        "balanced_acc": 0.5,
        "TN": 3,
        "FP": 0,
        "FN": 14,
        "TP": 0,
        "confusion_matrix": [
          [
            3,
            0
          ],
          [
            14,
            0
          ]
        ]
      },
      "test": {
        "threshold": 0.9,
        "accuracy": 0.15789473684210525,
        "precision": 0.0,
        "recall": 0.0,
        "f1": 0.0,
        "TNR": 1.0,
        "TPR": 0.0,
        "sensitivity": 0.0,
        "specificity": 1.0,
        "balanced_acc": 0.5,
        "TN": 6,
        "FP": 0,
        "FN": 32,
        "TP": 0,
        "confusion_matrix": [
          [
            6,
            0
          ],
          [
            32,
            0
          ]
        ]
      }
    },
    {
      "threshold": "optimal",
      "threshold_value": 0.63,
      "val": {
        "threshold": 0.63,
        "accuracy": 0.6470588235294118,
        "precision": 0.9,
        "recall": 0.6428571428571429,
        "f1": 0.75,
        "TNR": 0.6666666666666666,
        "TPR": 0.6428571428571429,
        "sensitivity": 0.6428571428571429,
        "specificity": 0.6666666666666666,
        "balanced_acc": 0.6547619047619048,
        "TN": 2,
        "FP": 1,
        "FN": 5,
        "TP": 9,