{
  "day": "Dy28",
  "split": "val",
  "accuracy": 0.9,
  "f1": 0.9333333333333333,
  "roc_auc": 0.8624338624338626,
  "pr_auc": 0.9334315456529563,
  "n": 30,
  "batch_size": 16,
  "input_key": "img_path",
  "use_mask": true
}