{
  "day": "Dy24",
  "split": "val",
  "accuracy": 0.9310344827586207,
  "f1": 0.9523809523809523,
  "roc_auc": 0.8833333333333333,
  "pr_auc": 0.9329610770206747,
  "n": 29,
  "batch_size": 16,
  "input_key": "img_path",
  "use_mask": true
}