{
  "per_model": {
    "vit": {
      "per_day": {
        "Dy3": {
          "day_no": 3,
          "test_accuracy": 0.7241379310344828,
          "test_f1": 0.8333333333333334,
          "test_roc_auc": 0.7023809523809523,
          "val_accuracy": 0.6896551724137931,
          "val_roc_auc": 0.6777777777777778,
          "test_num": 29
        },
        "Dy6": {
          "day_no": 6,
          "test_accuracy": 0.5862068965517241,
          "test_f1": 0.6842105263157895,
          "test_roc_auc": 0.6547619047619048,
          "val_accuracy": 0.7931034482758621,
          "val_roc_auc": 0.7388888888888889,
          "test_num": 29
        },
        "Dy8": {
          "day_no": 8,
          "test_accuracy": 0.7241379310344828,
          "test_f1": 0.8260869565217391,
          "test_roc_auc": 0.6666666666666667,
          "val_accuracy": 0.6896551724137931,
          "val_roc_auc": 0.7555555555555555,
          "test_num": 29
        },
        "Dy10": {
          "day_no": 10,
          "test_accuracy": 0.7241379310344828,
          "test_f1": 0.84,
          "test_roc_auc": 0.5714285714285714,
          "val_accuracy": 0.6896551724137931,
          "val_roc_auc": 0.6444444444444444,
          "test_num": 29
        },
        "Dy13": {
          "day_no": 13,
          "test_accuracy": 0.7241379310344828,
          "test_f1": 0.84,
          "test_roc_auc": 0.5535714285714286,
          "val_accuracy": 0.6896551724137931,
          "val_roc_auc": 0.3944444444444445,
          "test_num": 29
        },
        "Dy15": {
          "day_no": 15,
          "test_accuracy": 0.6551724137931034,
          "test_f1": 0.7727272727272727,
          "test_roc_auc": 0.6547619047619048,
          "val_accuracy": 0.7586206896551724,
          "val_roc_auc": 0.5888888888888888,
          "test_num": 29
        },
        "Dy17": {
          "day_no": 17,
          "test_accuracy": 0.6206896551724138,
          "test_f1": 0.7659574468085106,
          "test_roc_auc": 0.5476190476190477,
          "val_accuracy": 0.7931034482758621,
          "val_roc_auc": 0.6722222222222223,
          "test_num": 29
        },
        "Dy20_5": {
          "day_no": 20,
          "test_accuracy": 0.8620689655172413,
          "test_f1": 0.9130434782608695,
          "test_roc_auc": 0.8571428571428571,
          "val_accuracy": 0.7931034482758621,
          "val_roc_auc": 0.6309523809523809,
          "test_num": 29
        },
        "Dy24": {
          "day_no": 24,
          "test_accuracy": 0.7586206896551724,
          "test_f1": 0.8108108108108109,
          "test_roc_auc": 0.8277777777777777,
          "val_accuracy": 0.896551724137931,
          "val_roc_auc": 0.8666666666666667,
          "test_num": 29
        },
        "Dy28": {
          "day_no": 28,
          "test_accuracy": 0.8333333333333334,
          "test_f1": 0.8936170212765957,
          "test_roc_auc": 0.835978835978836,
          "val_accuracy": 0.9,
          "val_roc_auc": 0.7777777777777779,
          "test_num": 30
        },
        "Dy30": {
          "day_no": 30,
          "test_accuracy": 0.7666666666666667,
          "test_f1": 0.851063829787234,
          "test_roc_auc": 0.8571428571428571,
          "val_accuracy": 0.9,
          "val_roc_auc": 0.8994708994708995,
          "test_num": 30
        }
      }
    },
    "resnet": {
      "per_day": {
        "Dy3": {
          "day_no": 3,
          "test_accuracy": 0.6206896551724138,
          "test_f1": 0.717948717948718,
          "test_roc_auc": 0.5654761904761905,
          "val_accuracy": 0.7586206896551724,
          "val_roc_auc": 0.6944444444444444,
          "test_num": 29
        },
        "Dy6": {
          "day_no": 6,
          "test_accuracy": 0.6206896551724138,
          "test_f1": 0.6857142857142857,
          "test_roc_auc": 0.7083333333333333,
          "val_accuracy": 0.7586206896551724,
          "val_roc_auc": 0.6944444444444444,
          "test_num": 29
        },
        "Dy8": {
          "day_no": 8,
          "test_accuracy": 0.6551724137931034,
          "test_f1": 0.7222222222222222,
          "test_roc_auc": 0.6904761904761904,
          "val_accuracy": 0.7586206896551724,
          "val_roc_auc": 0.8055555555555556,
          "test_num": 29
        },
        "Dy10": {
          "day_no": 10,
          "test_accuracy": 0.6551724137931034,
          "test_f1": 0.7727272727272727,
          "test_roc_auc": 0.38690476190476186,
          "val_accuracy": 0.7241379310344828,
          "val_roc_auc": 0.5333333333333333,
          "test_num": 29
        },
        "Dy13": {
          "day_no": 13,
          "test_accuracy": 0.6896551724137931,
          "test_f1": 0.8163265306122449,
          "test_roc_auc": 0.5297619047619048,
          "val_accuracy": 0.7586206896551724,
          "val_roc_auc": 0.5388888888888889,
          "test_num": 29
        },
        "Dy15": {
          "day_no": 15,
          "test_accuracy": 0.7241379310344828,
          "test_f1": 0.84,
          "test_roc_auc": 0.5238095238095238,
          "val_accuracy": 0.6896551724137931,
          "val_roc_auc": 0.5944444444444446,
          "test_num": 29
        },
        "Dy17": {
          "day_no": 17,
          "test_accuracy": 0.7241379310344828,
          "test_f1": 0.84,
          "test_roc_auc": 0.5238095238095237,
          "val_accuracy": 0.6896551724137931,
          "val_roc_auc": 0.37777777777777777,
          "test_num": 29
        },
        "Dy20_5": {
          "day_no": 20,
          "test_accuracy": 0.8275862068965517,
          "test_f1": 0.8837209302325582,
          "test_roc_auc": 0.8452380952380952,
          "val_accuracy": 0.896551724137931,
          "val_roc_auc": 0.8511904761904763,
          "test_num": 29
        },
        "Dy24": {
          "day_no": 24,
          "test_accuracy": 0.8275862068965517,
          "test_f1": 0.8780487804878049,
          "test_roc_auc": 0.85,
          "val_accuracy": 0.9310344827586207,
          "val_roc_auc": 0.961111111111111,
          "test_num": 29
        },
        "Dy28": {
          "day_no": 28,
          "test_accuracy": 0.7666666666666667,
          "test_f1": 0.8571428571428571,
          "test_roc_auc": 0.7830687830687831,
          "val_accuracy": 0.8666666666666667,
          "val_roc_auc": 0.6719576719576721,
          "test_num": 30
        },
        "Dy30": {
          "day_no": 30,
          "test_accuracy": 0.8333333333333334,
          "test_f1": 0.8936170212765957,
          "test_roc_auc": 0.8888888888888888,
          "val_accuracy": 0.9333333333333333,
          "val_roc_auc": 0.9365079365079365,
          "test_num": 30
        }
      }
    },
    "cnn": {
      "per_day": {
        "Dy3": {
          "day_no": 3,
          "test_accuracy": 0.6896551724137931,
          "test_f1": 0.7906976744186046,
          "test_roc_auc": 0.7023809523809523,
          "val_accuracy": 0.7241379310344828,
          "val_roc_auc": 0.6666666666666667,
          "test_num": 29
        },
        "Dy6": {
          "day_no": 6,
          "test_accuracy": 0.7241379310344828,
          "test_f1": 0.84,
          "test_roc_auc": 0.6547619047619048,
          "val_accuracy": 0.6896551724137931,
          "val_roc_auc": 0.6722222222222223,
          "test_num": 29
        },
        "Dy8": {
          "day_no": 8,
          "test_accuracy": 0.6551724137931034,
          "test_f1": 0.75,
          "test_roc_auc": 0.7321428571428572,
          "val_accuracy": 0.7931034482758621,
          "val_roc_auc": 0.7555555555555555,
          "test_num": 29
        },
        "Dy10": {
          "day_no": 10,
          "test_accuracy": 0.6896551724137931,
          "test_f1": 0.7804878048780488,
          "test_roc_auc": 0.6547619047619048,
          "val_accuracy": 0.7586206896551724,
          "val_roc_auc": 0.6333333333333333,
          "test_num": 29
        },
        "Dy13": {
          "day_no": 13,
          "test_accuracy": 0.7241379310344828,