{
  "day": "Dy6",
  "split": "val",
  "accuracy": 0.7241379310344828,
  "f1": 0.8095238095238095,
  "roc_auc": 0.6666666666666667,
  "pr_auc": 0.8051581495273445,
  "n": 29,
  "batch_size": 16,
  "input_key": "img_path",
  "use_mask": false
}