{
  "day": "Dy28",
  "split": "val",
  "accuracy": 0.8666666666666667,
  "f1": 0.9130434782608695,
  "roc_auc": 0.7619047619047619,
  "pr_auc": 0.8341804403525361,
  "n": 30,
  "batch_size": 16,
  "input_key": "overlay_path",
  "use_mask": true
}