{
  "day": "Dy6",
  "day_no": 6,
  "split": "test",
  "accuracy": 0.6551724137931034,
  "f1": 0.7916666666666666,
  "roc_auc": 0.7142857142857143,
  "pr_auc": 0.884679978010456,
  "val_accuracy_for_selection": 0.7586206896551724,
  "val_n": 29,
  "test_n": 29,
  "actual_good": 21,
  "predicted_good": 27,
  "batch_size_train": 16,
  "batch_size_valtest": 16,
  "backbone_key": "vit",
  "input_key": "overlay_path",
  "use_mask": false
}