{
  "day": "Dy28",
  "split": "val",
  "accuracy": 0.9629629629629629,
  "f1": 0.975609756097561,
  "roc_auc": 0.9357142857142857,
  "pr_auc": 0.9728925986723975,
  "n": 27,
  "batch_size": 16
}