{
  "day": "Dy28",
  "day_no": 28,
  "split": "test",
  "accuracy": 0.7407407407407407,
  "f1": 0.8292682926829268,
  "roc_auc": 0.8223684210526315,
  "pr_auc": 0.9024750021716037,
  "val_accuracy_for_selection": 0.9629629629629629,
  "val_n": 27,
  "test_n": 27,
  "actual_good": 19,
  "predicted_good": 22,
  "batch_size_train": 16,
  "batch_size_valtest": 16,
  "backbone_key": "resnet"
}