{
  "day": "Dy30",
  "day_no": 30,
  "split": "test",
  "accuracy": 0.8888888888888888,
  "f1": 0.926829268292683,
  "roc_auc": 0.9539473684210527,
  "pr_auc": 0.980743457880088,
  "val_accuracy_for_selection": 1.0,
  "val_n": 27,
  "test_n": 27,
  "actual_good": 19,
  "predicted_good": 22,
  "batch_size_train": 16,
  "batch_size_valtest": 16,
  "backbone_key": "resnet"
}