{
  "day": "Dy03",
  "split": "val",
  "accuracy": 0.6896551724137931,
  "f1": 0.8163265306122449,
  "n": 29,
  "batch_size": 16
}