{
  "model_type": "per_day",
  "day": 13,
  "best_val_acc": 0.8333333134651184,
  "optimal_threshold": 0.5,
  "val_at_optimal": {
    "threshold": 0.5,
    "accuracy": 0.8333333333333334,
    "precision": 0.9230769230769231,
    "recall": 0.8571428571428571,
    "f1": 0.8888888888888888,
    "TNR": 0.75,
    "TPR": 0.8571428571428571,
    "sensitivity": 0.8571428571428571,
    "specificity": 0.75,
    "balanced_acc": 0.8035714285714286,
    "TN": 3,
    "FP": 1,
    "FN": 2,
    "TP": 12,
    "confusion_matrix": [
      [
        3,
        1
      ],
      [
        2,
        12
      ]
    ]
  },
  "test_at_optimal": {
    "threshold": 0.5,
    "accuracy": 0.7954545454545454,
    "precision": 0.8611111111111112,
    "recall": 0.8857142857142857,
    "f1": 0.8732394366197183,
    "TNR": 0.4444444444444444,
    "TPR": 0.8857142857142857,
    "sensitivity": 0.8857142857142857,
    "specificity": 0.4444444444444444,
    "balanced_acc": 0.665079365079365,
    "TN": 4,
    "FP": 5,
    "FN": 4,
    "TP": 31,
    "confusion_matrix": [
      [
        4,
        5
      ],
      [
        4,
        31
      ]
    ]
  },
  "train_at_0.5": {
    "threshold": 0.5,
    "accuracy": 0.759493670886076,
    "precision": 0.8793103448275862,
    "recall": 0.8095238095238095,
    "f1": 0.8429752066115702,
    "TNR": 0.5625,
    "TPR": 0.8095238095238095,
    "sensitivity": 0.8095238095238095,
    "specificity": 0.5625,
    "balanced_acc": 0.6860119047619048,
    "TN": 18,
    "FP": 14,
    "FN": 24,
    "TP": 102,
    "confusion_matrix": [
      [
        18,
        14
      ],
      [
        24,
        102
      ]
    ]
  },
  "val_at_0.5": {
    "threshold": 0.5,
    "accuracy": 0.8333333333333334,
    "precision": 0.9230769230769231,
    "recall": 0.8571428571428571,
    "f1": 0.8888888888888888,
    "TNR": 0.75,
    "TPR": 0.8571428571428571,
    "sensitivity": 0.8571428571428571,
    "specificity": 0.75,
    "balanced_acc": 0.8035714285714286,
    "TN": 3,
    "FP": 1,
    "FN": 2,
    "TP": 12,
    "confusion_matrix": [
      [
        3,
        1
      ],
      [
        2,
        12
      ]
    ]
  },
  "test_at_0.5": {
    "threshold": 0.5,
    "accuracy": 0.7954545454545454,
    "precision": 0.8611111111111112,
    "recall": 0.8857142857142857,
    "f1": 0.8732394366197183,
    "TNR": 0.4444444444444444,
    "TPR": 0.8857142857142857,
    "sensitivity": 0.8857142857142857,
    "specificity": 0.4444444444444444,
    "balanced_acc": 0.665079365079365,
    "TN": 4,
    "FP": 5,
    "FN": 4,
    "TP": 31,
    "confusion_matrix": [
      [
        4,
        5
      ],
      [
        4,
        31
      ]
    ]
  },
  "threshold_results": [
    {
      "threshold": "fixed",
      "threshold_value": 0.5,
      "val": {
        "threshold": 0.5,
        "accuracy": 0.8333333333333334,
        "precision": 0.9230769230769231,
        "recall": 0.8571428571428571,
        "f1": 0.8888888888888888,
        "TNR": 0.75,
        "TPR": 0.8571428571428571,
        "sensitivity": 0.8571428571428571,
        "specificity": 0.75,
        "balanced_acc": 0.8035714285714286,
        "TN": 3,
        "FP": 1,
        "FN": 2,
        "TP": 12,
        "confusion_matrix": [
          [
            3,
            1
          ],
          [
            2,
            12
          ]
        ]
      },
      "test": {
        "threshold": 0.5,
        "accuracy": 0.7954545454545454,
        "precision": 0.8611111111111112,
        "recall": 0.8857142857142857,
        "f1": 0.8732394366197183,
        "TNR": 0.4444444444444444,
        "TPR": 0.8857142857142857,
        "sensitivity": 0.8857142857142857,
        "specificity": 0.4444444444444444,
        "balanced_acc": 0.665079365079365,
        "TN": 4,
        "FP": 5,
        "FN": 4,
        "TP": 31,
        "confusion_matrix": [
          [
            4,
            5
          ],
          [
            4,
            31
          ]
        ]
      },
      "train": {
        "threshold": 0.5,
        "accuracy": 0.759493670886076,
        "precision": 0.8793103448275862,
        "recall": 0.8095238095238095,
        "f1": 0.8429752066115702,
        "TNR": 0.5625,
        "TPR": 0.8095238095238095,
        "sensitivity": 0.8095238095238095,
        "specificity": 0.5625,
        "balanced_acc": 0.6860119047619048,
        "TN": 18,
        "FP": 14,
        "FN": 24,
        "TP": 102,
        "confusion_matrix": [
          [
            18,
            14
          ],
          [
            24,
            102
          ]
        ]
      }
    },
    {
      "threshold": "fixed",
      "threshold_value": 0.6,
      "val": {
        "threshold": 0.6,
        "accuracy": 0.2222222222222222,
        "precision": 0.0,
        "recall": 0.0,
        "f1": 0.0,
        "TNR": 1.0,
        "TPR": 0.0,
        "sensitivity": 0.0,
        "specificity": 1.0,
        "balanced_acc": 0.5,
        "TN": 4,
        "FP": 0,
        "FN": 14,
        "TP": 0,
        "confusion_matrix": [
          [
            4,
            0
          ],
          [
            14,
            0
          ]
        ]
      },
      "test": {
        "threshold": 0.6,
        "accuracy": 0.20454545454545456,
        "precision": 0.0,
        "recall": 0.0,
        "f1": 0.0,
        "TNR": 1.0,
        "TPR": 0.0,
        "sensitivity": 0.0,
        "specificity": 1.0,
        "balanced_acc": 0.5,
        "TN": 9,
        "FP": 0,
        "FN": 35,
        "TP": 0,
        "confusion_matrix": [
          [
            9,
            0
          ],
          [
            35,
            0
          ]
        ]
      },
      "train": {
        "threshold": 0.6,
        "accuracy": 0.21518987341772153,
        "precision": 1.0,
        "recall": 0.015873015873015872,
        "f1": 0.03125,
        "TNR": 1.0,
        "TPR": 0.015873015873015872,
        "sensitivity": 0.015873015873015872,
        "specificity": 1.0,
        "balanced_acc": 0.5079365079365079,
        "TN": 32,
        "FP": 0,
        "FN": 124,
        "TP": 2,
        "confusion_matrix": [
          [
            32,
            0
          ],
          [
            124,
            2
          ]
        ]
      }
    },
    {
      "threshold": "fixed",
      "threshold_value": 0.7,
      "val": {
        "threshold": 0.7,
        "accuracy": 0.2222222222222222,
        "precision": 0.0,
        "recall": 0.0,
        "f1": 0.0,
        "TNR": 1.0,
        "TPR": 0.0,
        "sensitivity": 0.0,
        "specificity": 1.0,
        "balanced_acc": 0.5,
        "TN": 4,
        "FP": 0,
        "FN": 14,
        "TP": 0,
        "confusion_matrix": [
          [
            4,
            0
          ],
          [
            14,
            0
          ]
        ]
      },
      "test": {
        "threshold": 0.7,
        "accuracy": 0.20454545454545456,
        "precision": 0.0,
        "recall": 0.0,
        "f1": 0.0,
        "TNR": 1.0,
        "TPR": 0.0,
        "sensitivity": 0.0,
        "specificity": 1.0,
        "balanced_acc": 0.5,
        "TN": 9,
        "FP": 0,
        "FN": 35,
        "TP": 0,
        "confusion_matrix": [
          [
            9,
            0
          ],
          [
            35,
            0
          ]
        ]
      },
      "train": {
        "threshold": 0.7,
        "accuracy": 0.20253164556962025,
        "precision": 0.0,
        "recall": 0.0,
        "f1": 0.0,
        "TNR": 1.0,
        "TPR": 0.0,
        "sensitivity": 0.0,
        "specificity": 1.0,
        "balanced_acc": 0.5,
        "TN": 32,
        "FP": 0,
        "FN": 126,
        "TP": 0,
        "confusion_matrix": [
          [
            32,
            0
          ],
          [
            126,
            0
          ]
        ]
      }
    },
    {
      "threshold": "fixed",
      "threshold_value": 0.8,
      "val": {
        "threshold": 0.8,
        "accuracy": 0.2222222222222222,
        "precision": 0.0,
        "recall": 0.0,