{
  "day": "Dy10",
  "day_no": 10,
  "n_metabolite_features": 12,
  "n_image_features": 12,
  "n_total_features": 24,
  "test_accuracy": 0.7105263157894737,
  "test_f1_acceptable": 0.8253968253968254,
  "test_f1_notacceptable": 0.15384615384615385,
  "test_recall_acceptable": 0.8125,
  "test_recall_notacceptable": 0.16666666666666666,
  "test_precision_acceptable": 0.8387096774193549,
  "test_precision_notacceptable": 0.14285714285714285,
  "test_specificity": 0.16666666666666666,
  "test_pr_auc": 0.8592141891171748,
  "best_params": {
    "colsample_bytree": 0.8,
    "learning_rate": 0.05,
    "max_depth": 3,
    "min_child_samples": 10,
    "n_estimators": 500,
    "num_leaves": 31,
    "subsample": 0.8
  },
  "cv_score": 0.14423076923076925,
  "pca_explained_variance": 0.554692268371582,
  "confusion_matrix": {
    "TP": 26,
    "FP": 5,
    "TN": 1,
    "FN": 6
  }
}