{
  "n_components": 12,
  "explained_variance_ratio": [
    0.15473514795303345,
    0.08604659885168076,
    0.057766083627939224,
    0.05160607397556305,
    0.04159138724207878,
    0.033958420157432556,
    0.02852540649473667,
    0.025935282930731773,
    0.021372906863689423,
    0.019314942881464958,
    0.017397314310073853,
    0.016442643478512764
  ],
  "total_explained_variance": 0.554692268371582
}