{
  "model_type": "per_day",
  "day": 6,
  "best_val_acc": 0.8888888955116272,
  "optimal_threshold": 0.51,
  "val_at_optimal": {
    "threshold": 0.51,
    "accuracy": 0.8888888888888888,
    "precision": 0.9285714285714286,
    "recall": 0.9285714285714286,
    "f1": 0.9285714285714286,
    "TNR": 0.75,
    "TPR": 0.9285714285714286,
    "sensitivity": 0.9285714285714286,
    "specificity": 0.75,
    "balanced_acc": 0.8392857142857143,
    "TN": 3,
    "FP": 1,
    "FN": 1,
    "TP": 13,
    "confusion_matrix": [
      [
        3,
        1
      ],
      [
        1,
        13
      ]
    ]
  },
  "test_at_optimal": {
    "threshold": 0.51,
    "accuracy": 0.7272727272727273,
    "precision": 0.8709677419354839,
    "recall": 0.7714285714285715,
    "f1": 0.8181818181818182,
    "TNR": 0.5555555555555556,
    "TPR": 0.7714285714285715,
    "sensitivity": 0.7714285714285715,
    "specificity": 0.5555555555555556,
    "balanced_acc": 0.6634920634920636,
    "TN": 5,
    "FP": 4,
    "FN": 8,
    "TP": 27,
    "confusion_matrix": [
      [
        5,
        4
      ],
      [
        8,
        27
      ]
    ]
  },
  "val_at_0.5": {
    "threshold": 0.5,
    "accuracy": 0.8888888888888888,
    "precision": 0.875,
    "recall": 1.0,
    "f1": 0.9333333333333333,
    "TNR": 0.5,
    "TPR": 1.0,
    "sensitivity": 1.0,
    "specificity": 0.5,
    "balanced_acc": 0.75,
    "TN": 2,
    "FP": 2,
    "FN": 0,
    "TP": 14,
    "confusion_matrix": [
      [
        2,
        2
      ],
      [
        0,
        14
      ]
    ]
  },
  "test_at_0.5": {
    "threshold": 0.5,
    "accuracy": 0.7272727272727273,
    "precision": 0.8484848484848485,
    "recall": 0.8,
    "f1": 0.8235294117647058,
    "TNR": 0.4444444444444444,
    "TPR": 0.8,
    "sensitivity": 0.8,
    "specificity": 0.4444444444444444,
    "balanced_acc": 0.6222222222222222,
    "TN": 4,
    "FP": 5,
    "FN": 7,
    "TP": 28,
    "confusion_matrix": [
      [
        4,
        5
      ],
      [
        7,
        28
      ]
    ]
  },
  "threshold_results": [
    {
      "threshold": "fixed",
      "threshold_value": 0.5,
      "val": {
        "threshold": 0.5,
        "accuracy": 0.8888888888888888,
        "precision": 0.875,
        "recall": 1.0,
        "f1": 0.9333333333333333,
        "TNR": 0.5,
        "TPR": 1.0,
        "sensitivity": 1.0,
        "specificity": 0.5,
        "balanced_acc": 0.75,
        "TN": 2,
        "FP": 2,
        "FN": 0,
        "TP": 14,
        "confusion_matrix": [
          [
            2,
            2
          ],
          [
            0,
            14
          ]
        ]
      },
      "test": {
        "threshold": 0.5,
        "accuracy": 0.7272727272727273,
        "precision": 0.8484848484848485,
        "recall": 0.8,
        "f1": 0.8235294117647058,
        "TNR": 0.4444444444444444,
        "TPR": 0.8,
        "sensitivity": 0.8,
        "specificity": 0.4444444444444444,
        "balanced_acc": 0.6222222222222222,
        "TN": 4,
        "FP": 5,
        "FN": 7,
        "TP": 28,
        "confusion_matrix": [
          [
            4,
            5
          ],
          [
            7,
            28
          ]
        ]
      }
    },
    {
      "threshold": "fixed",
      "threshold_value": 0.6,
      "val": {
        "threshold": 0.6,
        "accuracy": 0.6111111111111112,
        "precision": 0.8888888888888888,
        "recall": 0.5714285714285714,
        "f1": 0.6956521739130435,
        "TNR": 0.75,
        "TPR": 0.5714285714285714,
        "sensitivity": 0.5714285714285714,
        "specificity": 0.75,
        "balanced_acc": 0.6607142857142857,
        "TN": 3,
        "FP": 1,
        "FN": 6,
        "TP": 8,
        "confusion_matrix": [
          [
            3,
            1
          ],
          [
            6,
            8
          ]
        ]
      },
      "test": {
        "threshold": 0.6,
        "accuracy": 0.4318181818181818,
        "precision": 1.0,
        "recall": 0.2857142857142857,
        "f1": 0.4444444444444444,
        "TNR": 1.0,
        "TPR": 0.2857142857142857,
        "sensitivity": 0.2857142857142857,
        "specificity": 1.0,
        "balanced_acc": 0.6428571428571428,
        "TN": 9,
        "FP": 0,
        "FN": 25,
        "TP": 10,
        "confusion_matrix": [
          [
            9,
            0
          ],
          [
            25,
            10
          ]
        ]
      }
    },
    {
      "threshold": "fixed",
      "threshold_value": 0.7,
      "val": {
        "threshold": 0.7,
        "accuracy": 0.2222222222222222,
        "precision": 0.0,
        "recall": 0.0,
        "f1": 0.0,
        "TNR": 1.0,
        "TPR": 0.0,
        "sensitivity": 0.0,
        "specificity": 1.0,
        "balanced_acc": 0.5,
        "TN": 4,
        "FP": 0,
        "FN": 14,
        "TP": 0,
        "confusion_matrix": [
          [
            4,
            0
          ],
          [
            14,
            0
          ]
        ]
      },
      "test": {
        "threshold": 0.7,
        "accuracy": 0.20454545454545456,
        "precision": 0.0,
        "recall": 0.0,
        "f1": 0.0,
        "TNR": 1.0,
        "TPR": 0.0,
        "sensitivity": 0.0,
        "specificity": 1.0,
        "balanced_acc": 0.5,
        "TN": 9,
        "FP": 0,
        "FN": 35,
        "TP": 0,
        "confusion_matrix": [
          [
            9,
            0
          ],
          [
            35,
            0
          ]
        ]
      }
    },
    {
      "threshold": "fixed",
      "threshold_value": 0.8,
      "val": {
        "threshold": 0.8,
        "accuracy": 0.2222222222222222,
        "precision": 0.0,
        "recall": 0.0,
        "f1": 0.0,
        "TNR": 1.0,
        "TPR": 0.0,
        "sensitivity": 0.0,
        "specificity": 1.0,
        "balanced_acc": 0.5,
        "TN": 4,
        "FP": 0,
        "FN": 14,
        "TP": 0,
        "confusion_matrix": [
          [
            4,
            0
          ],
          [
            14,
            0
          ]
        ]
      },
      "test": {
        "threshold": 0.8,
        "accuracy": 0.20454545454545456,
        "precision": 0.0,
        "recall": 0.0,
        "f1": 0.0,
        "TNR": 1.0,
        "TPR": 0.0,
        "sensitivity": 0.0,
        "specificity": 1.0,
        "balanced_acc": 0.5,
        "TN": 9,
        "FP": 0,
        "FN": 35,
        "TP": 0,
        "confusion_matrix": [
          [
            9,
            0
          ],
          [
            35,
            0
          ]
        ]
      }
    },
    {
      "threshold": "fixed",
      "threshold_value": 0.9,
      "val": {
        "threshold": 0.9,
        "accuracy": 0.2222222222222222,
        "precision": 0.0,
        "recall": 0.0,
        "f1": 0.0,
        "TNR": 1.0,
        "TPR": 0.0,
        "sensitivity": 0.0,
        "specificity": 1.0,
        "balanced_acc": 0.5,
        "TN": 4,
        "FP": 0,
        "FN": 14,
        "TP": 0,
        "confusion_matrix": [
          [
            4,
            0
          ],
          [
            14,
            0
          ]
        ]
      },
      "test": {
        "threshold": 0.9,
        "accuracy": 0.20454545454545456,
        "precision": 0.0,
        "recall": 0.0,
        "f1": 0.0,
        "TNR": 1.0,
        "TPR": 0.0,
        "sensitivity": 0.0,
        "specificity": 1.0,
        "balanced_acc": 0.5,
        "TN": 9,
        "FP": 0,
        "FN": 35,
        "TP": 0,
        "confusion_matrix": [
          [
            9,
            0
          ],
          [
            35,
            0
          ]
        ]
      }
    },
    {
      "threshold": "optimal",
      "threshold_value": 0.51,
      "val": {
        "threshold": 0.51,
        "accuracy": 0.8888888888888888,
        "precision": 0.9285714285714286,
        "recall": 0.9285714285714286,
        "f1": 0.9285714285714286,
        "TNR": 0.75,
        "TPR": 0.9285714285714286,