{
  "n_components": 12,
  "explained_variance_ratio": [
    0.1264243870973587,
    0.07347962260246277,
    0.060859259217977524,
    0.041992440819740295,
    0.03738904744386673,
    0.03224056214094162,
    0.02840576320886612,
    0.024861596524715424,
    0.022110547870397568,
    0.021046310663223267,
    0.01817978173494339,
    0.01661471091210842
  ],
  "total_explained_variance": 0.5036040544509888
}