{
  "day": "Dy20_5",
  "split": "val",
  "accuracy": 0.8275862068965517,
  "f1": 0.8936170212765957,
  "roc_auc": 0.6785714285714286,
  "pr_auc": 0.8453279318907265,
  "n": 29,
  "batch_size": 16,
  "input_key": "img_path",
  "use_mask": true
}