{
  "model_type": "cnn_lstm",
  "day": 17.0,
  "best_val_acc": 0.8235294117647058,
  "optimal_threshold": 0.5700000000000001,
  "val_at_optimal": {
    "threshold": 0.5700000000000001,
    "accuracy": 0.5294117647058824,
    "precision": 1.0,
    "recall": 0.42857142857142855,
    "f1": 0.6,
    "TNR": 1.0,
    "TPR": 0.42857142857142855,
    "balanced_acc": 0.7142857142857143,
    "TN": 3,
    "FP": 0,
    "FN": 8,
    "TP": 6,
    "confusion_matrix": [
      [
        3,
        0
      ],
      [
        8,
        6
      ]
    ]
  },
  "test_at_optimal": {
    "threshold": 0.5700000000000001,
    "accuracy": 0.40540540540540543,
    "precision": 0.8461538461538461,
    "recall": 0.3548387096774194,
    "f1": 0.5,
    "TNR": 0.6666666666666666,
    "TPR": 0.3548387096774194,
    "balanced_acc": 0.510752688172043,
    "TN": 4,
    "FP": 2,
    "FN": 20,
    "TP": 11,
    "confusion_matrix": [
      [
        4,
        2
      ],
      [
        20,
        11
      ]
    ]
  },
  "val_at_0.5": {
    "threshold": 0.5,
    "accuracy": 0.8235294117647058,
    "precision": 0.8235294117647058,
    "recall": 1.0,
    "f1": 0.9032258064516129,
    "TNR": 0.0,
    "TPR": 1.0,
    "balanced_acc": 0.5,
    "TN": 0,
    "FP": 3,
    "FN": 0,
    "TP": 14,
    "confusion_matrix": [
      [
        0,
        3
      ],
      [
        0,
        14
      ]
    ]
  },
  "test_at_0.5": {
    "threshold": 0.5,
    "accuracy": 0.8378378378378378,
    "precision": 0.8378378378378378,
    "recall": 1.0,
    "f1": 0.9117647058823529,
    "TNR": 0.0,
    "TPR": 1.0,
    "balanced_acc": 0.5,
    "TN": 0,
    "FP": 6,
    "FN": 0,
    "TP": 31,
    "confusion_matrix": [
      [
        0,
        6
      ],
      [
        0,
        31
      ]
    ]
  },
  "train_history": [
    {
      "epoch": 1,
      "train_loss": 0.6972497138712141,
      "train_acc": 0.8098591549295775,
      "val_loss": 0.6646785537401835,
      "val_acc": 0.8235294117647058,
      "val_precision": 0.8235294117647058,
      "val_recall": 1.0,
      "val_f1": 0.9032258064516129
    },
    {
      "epoch": 2,
      "train_loss": 0.6556447645028433,
      "train_acc": 0.8450704225352113,
      "val_loss": 0.6673005620638529,
      "val_acc": 0.7647058823529411,
      "val_precision": 0.8125,
      "val_recall": 0.9285714285714286,
      "val_f1": 0.8666666666666667
    },
    {
      "epoch": 3,
      "train_loss": 0.6345723817745844,
      "train_acc": 0.852112676056338,
      "val_loss": 0.6583717862764994,
      "val_acc": 0.7647058823529411,
      "val_precision": 0.8125,
      "val_recall": 0.9285714285714286,
      "val_f1": 0.8666666666666667
    },
    {
      "epoch": 4,
      "train_loss": 0.6060190151135126,
      "train_acc": 0.8661971830985915,
      "val_loss": 0.6411148309707642,
      "val_acc": 0.7647058823529411,
      "val_precision": 0.8125,
      "val_recall": 0.9285714285714286,
      "val_f1": 0.8666666666666667
    },
    {
      "epoch": 5,
      "train_loss": 0.4635433819558885,
      "train_acc": 0.9295774647887324,
      "val_loss": 0.6599136590957642,
      "val_acc": 0.7058823529411765,
      "val_precision": 0.8461538461538461,
      "val_recall": 0.7857142857142857,
      "val_f1": 0.8148148148148148
    },
    {
      "epoch": 6,
      "train_loss": 0.3526566020316548,
      "train_acc": 0.971830985915493,
      "val_loss": 0.8233786026636759,
      "val_acc": 0.7647058823529411,
      "val_precision": 0.8125,
      "val_recall": 0.9285714285714286,
      "val_f1": 0.8666666666666667
    },
    {
      "epoch": 7,
      "train_loss": 0.21164679071969456,
      "train_acc": 1.0,
      "val_loss": 0.9982331792513529,
      "val_acc": 0.7647058823529411,
      "val_precision": 0.8125,
      "val_recall": 0.9285714285714286,
      "val_f1": 0.8666666666666667
    },
    {
      "epoch": 8,
      "train_loss": 0.1544917847754227,
      "train_acc": 0.9788732394366197,
      "val_loss": 0.9654445250829061,
      "val_acc": 0.5882352941176471,
      "val_precision": 0.8888888888888888,
      "val_recall": 0.5714285714285714,
      "val_f1": 0.6956521739130435
    },
    {
      "epoch": 9,
      "train_loss": 0.06216118950396776,
      "train_acc": 0.9929577464788732,
      "val_loss": 0.9787420829137167,
      "val_acc": 0.47058823529411764,
      "val_precision": 0.8571428571428571,
      "val_recall": 0.42857142857142855,
      "val_f1": 0.5714285714285714
    },
    {
      "epoch": 10,
      "train_loss": 0.024745396027962368,
      "train_acc": 1.0,
      "val_loss": 1.2470810810724895,
      "val_acc": 0.23529411764705882,
      "val_precision": 0.6666666666666666,
      "val_recall": 0.14285714285714285,
      "val_f1": 0.23529411764705882
    },
    {
      "epoch": 11,
      "train_loss": 0.018493329123076465,
      "train_acc": 1.0,
      "val_loss": 0.997652659813563,
      "val_acc": 0.6470588235294118,
      "val_precision": 0.9,
      "val_recall": 0.6428571428571429,
      "val_f1": 0.75
    },
    {
      "epoch": 12,
      "train_loss": 0.021359384758397937,
      "train_acc": 0.9859154929577465,
      "val_loss": 0.9118003447850546,
      "val_acc": 0.8235294117647058,
      "val_precision": 0.9230769230769231,
      "val_recall": 0.8571428571428571,
      "val_f1": 0.8888888888888888
    },
    {
      "epoch": 13,
      "train_loss": 0.026612887482365802,
      "train_acc": 0.9929577464788732,
      "val_loss": 0.9705487533162037,
      "val_acc": 0.8235294117647058,
      "val_precision": 0.9230769230769231,
      "val_recall": 0.8571428571428571,
      "val_f1": 0.8888888888888888
    },
    {
      "epoch": 14,
      "train_loss": 0.0077305438462644815,
      "train_acc": 1.0,
      "val_loss": 1.189784328142802,
      "val_acc": 0.4117647058823529,
      "val_precision": 0.8333333333333334,
      "val_recall": 0.35714285714285715,
      "val_f1": 0.5
    },
    {
      "epoch": 15,
      "train_loss": 0.005486132719347047,
      "train_acc": 1.0,
      "val_loss": 1.0004559258619945,
      "val_acc": 0.7647058823529411,
      "val_precision": 0.9166666666666666,
      "val_recall": 0.7857142857142857,
      "val_f1": 0.8461538461538461
    },
    {
      "epoch": 16,
      "train_loss": 0.004891056593300568,
      "train_acc": 1.0,
      "val_loss": 1.098203142484029,
      "val_acc": 0.7647058823529411,
      "val_precision": 0.9166666666666666,
      "val_recall": 0.7857142857142857,
      "val_f1": 0.8461538461538461
    },
    {
      "epoch": 17,
      "train_loss": 0.0067888297813220155,
      "train_acc": 1.0,
      "val_loss": 1.5105430881182353,
      "val_acc": 0.4117647058823529,
      "val_precision": 0.8333333333333334,
      "val_recall": 0.35714285714285715,
      "val_f1": 0.5
    },
    {
      "epoch": 18,
      "train_loss": 0.020516809845705412,
      "train_acc": 0.9929577464788732,
      "val_loss": 1.1449750463167827,
      "val_acc": 0.6470588235294118,
      "val_precision": 0.9,
      "val_recall": 0.6428571428571429,
      "val_f1": 0.75
    },
    {
      "epoch": 19,
      "train_loss": 0.012686367935708,
      "train_acc": 1.0,
      "val_loss": 1.3681999842325847,
      "val_acc": 0.4117647058823529,
      "val_precision": 0.8333333333333334,
      "val_recall": 0.35714285714285715,
      "val_f1": 0.5
    },
    {
      "epoch": 20,
      "train_loss": 0.005824566281969762,
      "train_acc": 1.0,
      "val_loss": 1.2038682003815968,
      "val_acc": 0.47058823529411764,
      "val_precision": 0.8571428571428571,
      "val_recall": 0.42857142857142855,
      "val_f1": 0.5714285714285714
    }
  ],
  "model_path": "/home/tonyluo/amanda_temporal/comparison_runs/per_day_study_overlay/cnn_lstm/day_17_0/best_model.pth"
}