{
  "day": "Dy24",
  "day_no": 24,
  "split": "test",
  "accuracy": 0.9310344827586207,
  "f1": 0.9545454545454546,
  "val_accuracy_for_selection": 0.8275862068965517,
  "val_n": 29,
  "test_n": 29,
  "actual_good": 21,
  "predicted_good": 23,
  "batch_size_train": 16,
  "batch_size_valtest": 16,
  "backbone_key": "vit"
}