{
  "day": "Dy15",
  "day_no": 15,
  "split": "test",
  "accuracy": 0.6551724137931034,
  "f1": 0.7727272727272727,
  "roc_auc": 0.6547619047619048,
  "pr_auc": 0.8752084952178185,
  "val_accuracy_for_selection": 0.7586206896551724,
  "val_n": 29,
  "test_n": 29,
  "actual_good": 21,
  "predicted_good": 23,
  "batch_size_train": 16,
  "batch_size_valtest": 16,
  "backbone_key": "vit",
  "input_key": "img_path",
  "use_mask": false
}