{
  "day": "Dy17",
  "split": "val",
  "accuracy": 0.7586206896551724,
  "f1": 0.8444444444444444,
  "roc_auc": 0.6277777777777778,
  "pr_auc": 0.7541639184780172,
  "n": 29,
  "batch_size": 16,
  "input_key": "img_path",
  "use_mask": true
}