{
  "day": "Dy20_5",
  "split": "val",
  "brier": 0.011318134143948555,
  "rmse": 0.10638672113418579,
  "acc@0.5": 1.0,
  "f1@0.5": 1.0,
  "corr": 0.9741913080215454,
  "roc_auc": 1.0,
  "pr_auc": 1.0,
  "chosen_threshold": 0.40800000000000003,
  "threshold_method": "max_f1",
  "min_precision": null,
  "n": 27,
  "batch_size": 16
}