{
  "day": "Dy20_5",
  "day_no": 2050,
  "split": "test",
  "brier": 0.10530132800340652,
  "rmse": 0.3245016634464264,
  "corr": 0.7242423892021179,
  "acc@0.5": 0.8888888888888888,
  "f1@0.5": 0.9230769230769231,
  "actual_good@0.5": 19,
  "predicted_good@0.5": 20,
  "acc@t*": 0.8888888888888888,
  "f1@t*": 0.9230769230769231,
  "bal_acc@t*": 0.8486842105263157,
  "roc_auc": 0.9210526315789473,
  "pr_auc": 0.9643174400690286,
  "threshold_used": 0.40800000000000003,
  "threshold_method": "max_f1",
  "min_precision": null,
  "val_brier_for_selection": 0.011318134143948555,
  "val_n": 27,
  "test_n": 27,
  "batch_size_train": 16,
  "batch_size_valtest": 16,
  "backbone_key": "efficientnet"
}