{
  "day": "Dy3",
  "day_no": 3,
  "split": "test",
  "accuracy": 0.5862068965517241,
  "f1": 0.7391304347826086,
  "roc_auc": 0.5892857142857143,
  "pr_auc": 0.8461328418058607,
  "val_accuracy_for_selection": 0.8275862068965517,
  "val_n": 29,
  "test_n": 29,
  "actual_good": 21,
  "predicted_good": 25,
  "batch_size_train": 16,
  "batch_size_valtest": 16,
  "backbone_key": "vit",
  "input_key": "img_path",
  "use_mask": false
}