{
  "day": "Dy3",
  "split": "val",
  "accuracy": 0.8275862068965517,
  "f1": 0.8888888888888888,
  "roc_auc": 0.7611111111111111,
  "pr_auc": 0.8506009935925638,
  "n": 29,
  "batch_size": 16,
  "input_key": "img_path",
  "use_mask": false
}