Model_Variant,Test_F1_Acceptable,Test_ROC_AUC,Test_Specificity,Test_Recall_Acceptable,Test_Accuracy
lgbm_per_day_class_weight_only,0.9234552612953505,0.7129283071977569,0.2939393939393939,0.9800660440129131,0.8643097277558166
lgbm_per_day_noscale,0.9181786926145752,0.7285463745615548,0.2535353535353535,0.977133492693265,0.8548245554799465
lgbm_per_day_noscale_class_weight_only,0.9168979212055717,0.7235862556166162,0.3191919191919192,0.962988245151433,0.8547765062775633
lgbm_per_day_scale_pos_only,0.9129250201126535,0.7237294057407909,0.2737373737373737,0.9621774809630598,0.8468181039005563
lgbm_per_day_thresh,0.9114193414380728,0.7106122761910239,0.3409090909090909,0.9683358387343207,0.8434743469204357
lgbm_per_day_baseline,0.9114193414380728,0.7106122761910239,0.2303030303030303,0.9683358387343207,0.8434743469204357
lgbm_per_day_balanced_accuracy,0.9110749888209928,0.71647737883032,0.24545454545454548,0.9654032874146726,0.8434743469204357
lgbm_per_day_f1_notaccept,0.909942767090559,0.7023033807853541,0.2303030303030303,0.9654032874146726,0.8410173444634332
lgbm_per_day_noscale_scale_pos_only,0.9023951241583237,0.7022914424811958,0.20202020202020202,0.9592030360531308,0.8285814836554795
