{
  "n_components": 12,
  "explained_variance_ratio": [
    0.20604285597801208,
    0.08418140560388565,
    0.07162671536207199,
    0.04761696979403496,
    0.03591890260577202,
    0.03275775909423828,
    0.02964288555085659,
    0.025067225098609924,
    0.022465523332357407,
    0.02004658803343773,
    0.0175756998360157,
    0.015865890309214592
  ],
  "total_explained_variance": 0.6088083982467651
}