{
  "day": "Dy28",
  "day_no": 28,
  "split": "test",
  "accuracy": 0.8148148148148148,
  "f1": 0.8837209302325582,
  "roc_auc": 0.8092105263157894,
  "pr_auc": 0.9122679208682849,
  "val_accuracy_for_selection": 1.0,
  "val_n": 27,
  "test_n": 27,
  "actual_good": 19,
  "predicted_good": 24,
  "batch_size_train": 16,
  "batch_size_valtest": 16,
  "backbone_key": "efficientnet"
}