{
  "day": "Dy13",
  "split": "val",
  "accuracy": 0.7586206896551724,
  "f1": 0.8372093023255814,
  "roc_auc": 0.6,
  "pr_auc": 0.7165623315179112,
  "n": 29,
  "batch_size": 16,
  "input_key": "img_path",
  "use_mask": true
}