{
  "day": "Dy13",
  "day_no": 13,
  "split": "test",
  "accuracy": 0.5517241379310345,
  "f1": 0.6829268292682927,
  "roc_auc": 0.5773809523809523,
  "pr_auc": 0.8043657524445138,
  "val_accuracy_for_selection": 0.7586206896551724,
  "val_n": 29,
  "test_n": 29,
  "actual_good": 21,
  "predicted_good": 20,
  "batch_size_train": 16,
  "batch_size_valtest": 16,
  "backbone_key": "resnet",
  "input_key": "img_path",
  "use_mask": true
}