{
  "day": "Dy15",
  "split": "val",
  "accuracy": 0.6551724137931034,
  "f1": 0.7368421052631579,
  "n": 29,
  "batch_size": 16
}