{
  "model_type": "per_day",
  "day": 30.0,
  "best_val_acc": 0.8888888955116272,
  "optimal_threshold": 0.58,
  "val_at_optimal": {
    "threshold": 0.58,
    "accuracy": 0.5,
    "precision": 1.0,
    "recall": 0.35714285714285715,
    "f1": 0.5263157894736842,
    "TNR": 1.0,
    "TPR": 0.35714285714285715,
    "balanced_acc": 0.6785714285714286,
    "TN": 4,
    "FP": 0,
    "FN": 9,
    "TP": 5,
    "confusion_matrix": [
      [
        4,
        0
      ],
      [
        9,
        5
      ]
    ]
  },
  "test_at_optimal": {
    "threshold": 0.58,
    "accuracy": 0.4090909090909091,
    "precision": 1.0,
    "recall": 0.2571428571428571,
    "f1": 0.4090909090909091,
    "TNR": 1.0,
    "TPR": 0.2571428571428571,
    "balanced_acc": 0.6285714285714286,
    "TN": 9,
    "FP": 0,
    "FN": 26,
    "TP": 9,
    "confusion_matrix": [
      [
        9,
        0
      ],
      [
        26,
        9
      ]
    ]
  },
  "val_at_0.5": {
    "threshold": 0.5,
    "accuracy": 0.8888888888888888,
    "precision": 0.875,
    "recall": 1.0,
    "f1": 0.9333333333333333,
    "TNR": 0.5,
    "TPR": 1.0,
    "balanced_acc": 0.75,
    "TN": 2,
    "FP": 2,
    "FN": 0,
    "TP": 14,
    "confusion_matrix": [
      [
        2,
        2
      ],
      [
        0,
        14
      ]
    ]
  },
  "test_at_0.5": {
    "threshold": 0.5,
    "accuracy": 0.8181818181818182,
    "precision": 0.9090909090909091,
    "recall": 0.8571428571428571,
    "f1": 0.8823529411764706,
    "TNR": 0.6666666666666666,
    "TPR": 0.8571428571428571,
    "balanced_acc": 0.7619047619047619,
    "TN": 6,
    "FP": 3,
    "FN": 5,
    "TP": 30,
    "confusion_matrix": [
      [
        6,
        3
      ],
      [
        5,
        30
      ]
    ]
  },
  "test_false_positives": [
    "BA2 96_1 A12",
    "BA1 96_1 C7",
    "BA2 96_1 E9"
  ],
  "test_false_negatives": [
    "BA2 96_1 G6",
    "BA2 96_2 D7 split_1",
    "BA2 96_1 F10",
    "BA1 96_1 G9",
    "BA2 96_1 E1 split_2"
  ],
  "model_path": "/home/tonyluo/amanda_temporal/comparison_runs/per_day_study_overlay/per_day/day_30_0/model_day_30.0.pth",
  "threshold_results": [
    {
      "threshold": "fixed",
      "threshold_value": 0.5,
      "val": {
        "threshold": 0.5,
        "accuracy": 0.8888888888888888,
        "precision": 0.875,
        "recall": 1.0,
        "f1": 0.9333333333333333,
        "TNR": 0.5,
        "TPR": 1.0,
        "sensitivity": 1.0,
        "specificity": 0.5,
        "balanced_acc": 0.75,
        "TN": 2,
        "FP": 2,
        "FN": 0,
        "TP": 14,
        "confusion_matrix": [
          [
            2,
            2
          ],
          [
            0,
            14
          ]
        ]
      },
      "test": {
        "threshold": 0.5,
        "accuracy": 0.8181818181818182,
        "precision": 0.9090909090909091,
        "recall": 0.8571428571428571,
        "f1": 0.8823529411764706,
        "TNR": 0.6666666666666666,
        "TPR": 0.8571428571428571,
        "sensitivity": 0.8571428571428571,
        "specificity": 0.6666666666666666,
        "balanced_acc": 0.7619047619047619,
        "TN": 6,
        "FP": 3,
        "FN": 5,
        "TP": 30,
        "confusion_matrix": [
          [
            6,
            3
          ],
          [
            5,
            30
          ]
        ]
      }
    },
    {
      "threshold": "fixed",
      "threshold_value": 0.6,
      "val": {
        "threshold": 0.6,
        "accuracy": 0.3888888888888889,
        "precision": 1.0,
        "recall": 0.21428571428571427,
        "f1": 0.35294117647058826,
        "TNR": 1.0,
        "TPR": 0.21428571428571427,
        "sensitivity": 0.21428571428571427,
        "specificity": 1.0,
        "balanced_acc": 0.6071428571428571,
        "TN": 4,
        "FP": 0,
        "FN": 11,
        "TP": 3,
        "confusion_matrix": [
          [
            4,
            0
          ],
          [
            11,
            3
          ]
        ]
      },
      "test": {
        "threshold": 0.6,
        "accuracy": 0.3181818181818182,
        "precision": 1.0,
        "recall": 0.14285714285714285,
        "f1": 0.25,
        "TNR": 1.0,
        "TPR": 0.14285714285714285,
        "sensitivity": 0.14285714285714285,
        "specificity": 1.0,
        "balanced_acc": 0.5714285714285714,
        "TN": 9,
        "FP": 0,
        "FN": 30,
        "TP": 5,
        "confusion_matrix": [
          [
            9,
            0
          ],
          [
            30,
            5
          ]
        ]
      }
    },
    {
      "threshold": "fixed",
      "threshold_value": 0.7,
      "val": {
        "threshold": 0.7,
        "accuracy": 0.2222222222222222,
        "precision": 0.0,
        "recall": 0.0,
        "f1": 0.0,
        "TNR": 1.0,
        "TPR": 0.0,
        "sensitivity": 0.0,
        "specificity": 1.0,
        "balanced_acc": 0.5,
        "TN": 4,
        "FP": 0,
        "FN": 14,
        "TP": 0,
        "confusion_matrix": [
          [
            4,
            0
          ],
          [
            14,
            0
          ]
        ]
      },
      "test": {
        "threshold": 0.7,
        "accuracy": 0.20454545454545456,
        "precision": 0.0,
        "recall": 0.0,
        "f1": 0.0,
        "TNR": 1.0,
        "TPR": 0.0,
        "sensitivity": 0.0,
        "specificity": 1.0,
        "balanced_acc": 0.5,
        "TN": 9,
        "FP": 0,
        "FN": 35,
        "TP": 0,
        "confusion_matrix": [
          [
            9,
            0
          ],
          [
            35,
            0
          ]
        ]
      }
    },
    {
      "threshold": "fixed",
      "threshold_value": 0.8,
      "val": {
        "threshold": 0.8,
        "accuracy": 0.2222222222222222,
        "precision": 0.0,
        "recall": 0.0,
        "f1": 0.0,
        "TNR": 1.0,
        "TPR": 0.0,
        "sensitivity": 0.0,
        "specificity": 1.0,
        "balanced_acc": 0.5,
        "TN": 4,
        "FP": 0,
        "FN": 14,
        "TP": 0,
        "confusion_matrix": [
          [
            4,
            0
          ],
          [
            14,
            0
          ]
        ]
      },
      "test": {
        "threshold": 0.8,
        "accuracy": 0.20454545454545456,
        "precision": 0.0,
        "recall": 0.0,
        "f1": 0.0,
        "TNR": 1.0,
        "TPR": 0.0,
        "sensitivity": 0.0,
        "specificity": 1.0,
        "balanced_acc": 0.5,
        "TN": 9,
        "FP": 0,
        "FN": 35,
        "TP": 0,
        "confusion_matrix": [
          [
            9,
            0
          ],
          [
            35,
            0
          ]
        ]
      }
    },
    {
      "threshold": "fixed",
      "threshold_value": 0.9,
      "val": {
        "threshold": 0.9,
        "accuracy": 0.2222222222222222,
        "precision": 0.0,
        "recall": 0.0,
        "f1": 0.0,
        "TNR": 1.0,
        "TPR": 0.0,
        "sensitivity": 0.0,
        "specificity": 1.0,
        "balanced_acc": 0.5,
        "TN": 4,
        "FP": 0,
        "FN": 14,
        "TP": 0,
        "confusion_matrix": [
          [
            4,
            0
          ],
          [
            14,
            0
          ]
        ]
      },
      "test": {
        "threshold": 0.9,
        "accuracy": 0.20454545454545456,
        "precision": 0.0,
        "recall": 0.0,
        "f1": 0.0,
        "TNR": 1.0,
        "TPR": 0.0,
        "sensitivity": 0.0,
        "specificity": 1.0,
        "balanced_acc": 0.5,
        "TN": 9,
        "FP": 0,
        "FN": 35,
        "TP": 0,
        "confusion_matrix": [
          [
            9,
            0
          ],
          [
            35,
            0
          ]
        ]
      }
    },
    {
      "threshold": "optimal",
      "threshold_value": 0.58,
      "val": {
        "threshold": 0.58,
        "accuracy": 0.5,
        "precision": 1.0,
        "recall": 0.35714285714285715,