{
  "day": "Dy28",
  "day_no": 28,
  "n_metabolite_features": 12,
  "n_image_features": 12,
  "n_total_features": 24,
  "test_accuracy": 0.8636363636363636,
  "test_f1_acceptable": 0.918918918918919,
  "test_f1_notacceptable": 0.5714285714285714,
  "test_recall_acceptable": 0.9714285714285714,
  "test_recall_notacceptable": 0.4444444444444444,
  "test_precision_acceptable": 0.8717948717948718,
  "test_precision_notacceptable": 0.8,
  "test_specificity": 0.4444444444444444,
  "test_pr_auc": 0.9346095332513416,
  "best_params": {
    "colsample_bytree": 0.8,
    "learning_rate": 0.05,
    "max_depth": 3,
    "min_child_samples": 20,
    "n_estimators": 500,
    "num_leaves": 31,
    "subsample": 0.8
  },
  "cv_score": 0.6551132237406748,
  "pca_explained_variance": 0.45657065510749817,
  "confusion_matrix": {
    "TP": 34,
    "FP": 5,
    "TN": 4,
    "FN": 1
  }
}