{
  "n_components": 12,
  "explained_variance_ratio": [
    0.11226768046617508,
    0.06308610737323761,
    0.050598811358213425,
    0.038737256079912186,
    0.0324639193713665,
    0.0302901528775692,
    0.02592049166560173,
    0.023506581783294678,
    0.022266604006290436,
    0.020536262542009354,
    0.018768461421132088,
    0.01812833361327648
  ],
  "total_explained_variance": 0.45657065510749817
}