{
  "model_type": "effnet_ts",
  "day": 10,
  "best_val_acc": 0.8235294222831726,
  "optimal_threshold": 0.65,
  "val_at_optimal": {
    "threshold": 0.65,
    "accuracy": 0.5294117647058824,
    "precision": 0.875,
    "recall": 0.5,
    "f1": 0.6363636363636364,
    "TNR": 0.6666666666666666,
    "TPR": 0.5,
    "sensitivity": 0.5,
    "specificity": 0.6666666666666666,
    "balanced_acc": 0.5833333333333333,
    "TN": 2,
    "FP": 1,
    "FN": 7,
    "TP": 7,
    "confusion_matrix": [
      [
        2,
        1
      ],
      [
        7,
        7
      ]
    ]
  },
  "test_at_optimal": {
    "threshold": 0.65,
    "accuracy": 0.5263157894736842,
    "precision": 0.9375,
    "recall": 0.46875,
    "f1": 0.625,
    "TNR": 0.8333333333333334,
    "TPR": 0.46875,
    "sensitivity": 0.46875,
    "specificity": 0.8333333333333334,
    "balanced_acc": 0.6510416666666667,
    "TN": 5,
    "FP": 1,
    "FN": 17,
    "TP": 15,
    "confusion_matrix": [
      [
        5,
        1
      ],
      [
        17,
        15
      ]
    ]
  },
  "val_at_0.5": {
    "threshold": 0.5,
    "accuracy": 0.8235294117647058,
    "precision": 0.8235294117647058,
    "recall": 1.0,
    "f1": 0.9032258064516129,
    "TNR": 0.0,
    "TPR": 1.0,
    "sensitivity": 1.0,
    "specificity": 0.0,
    "balanced_acc": 0.5,
    "TN": 0,
    "FP": 3,
    "FN": 0,
    "TP": 14,
    "confusion_matrix": [
      [
        0,
        3
      ],
      [
        0,
        14
      ]
    ]
  },
  "test_at_0.5": {
    "threshold": 0.5,
    "accuracy": 0.8421052631578947,
    "precision": 0.8421052631578947,
    "recall": 1.0,
    "f1": 0.9142857142857143,
    "TNR": 0.0,
    "TPR": 1.0,
    "sensitivity": 1.0,
    "specificity": 0.0,
    "balanced_acc": 0.5,
    "TN": 0,
    "FP": 6,
    "FN": 0,
    "TP": 32,
    "confusion_matrix": [
      [
        0,
        6
      ],
      [
        0,
        32
      ]
    ]
  },
  "threshold_results": [
    {
      "threshold": "fixed",
      "threshold_value": 0.5,
      "val": {
        "threshold": 0.5,
        "accuracy": 0.8235294117647058,
        "precision": 0.8235294117647058,
        "recall": 1.0,
        "f1": 0.9032258064516129,
        "TNR": 0.0,
        "TPR": 1.0,
        "sensitivity": 1.0,
        "specificity": 0.0,
        "balanced_acc": 0.5,
        "TN": 0,
        "FP": 3,
        "FN": 0,
        "TP": 14,
        "confusion_matrix": [
          [
            0,
            3
          ],
          [
            0,
            14
          ]
        ]
      },
      "test": {
        "threshold": 0.5,
        "accuracy": 0.8421052631578947,
        "precision": 0.8421052631578947,
        "recall": 1.0,
        "f1": 0.9142857142857143,
        "TNR": 0.0,
        "TPR": 1.0,
        "sensitivity": 1.0,
        "specificity": 0.0,
        "balanced_acc": 0.5,
        "TN": 0,
        "FP": 6,
        "FN": 0,
        "TP": 32,
        "confusion_matrix": [
          [
            0,
            6
          ],
          [
            0,
            32
          ]
        ]
      }
    },
    {
      "threshold": "fixed",
      "threshold_value": 0.6,
      "val": {
        "threshold": 0.6,
        "accuracy": 0.8235294117647058,
        "precision": 0.8235294117647058,
        "recall": 1.0,
        "f1": 0.9032258064516129,
        "TNR": 0.0,
        "TPR": 1.0,
        "sensitivity": 1.0,
        "specificity": 0.0,
        "balanced_acc": 0.5,
        "TN": 0,
        "FP": 3,
        "FN": 0,
        "TP": 14,
        "confusion_matrix": [
          [
            0,
            3
          ],
          [
            0,
            14
          ]
        ]
      },
      "test": {
        "threshold": 0.6,
        "accuracy": 0.8421052631578947,
        "precision": 0.8421052631578947,
        "recall": 1.0,
        "f1": 0.9142857142857143,
        "TNR": 0.0,
        "TPR": 1.0,
        "sensitivity": 1.0,
        "specificity": 0.0,
        "balanced_acc": 0.5,
        "TN": 0,
        "FP": 6,
        "FN": 0,
        "TP": 32,
        "confusion_matrix": [
          [
            0,
            6
          ],
          [
            0,
            32
          ]
        ]
      }
    },
    {
      "threshold": "fixed",
      "threshold_value": 0.7,
      "val": {
        "threshold": 0.7,
        "accuracy": 0.17647058823529413,
        "precision": 0.0,
        "recall": 0.0,
        "f1": 0.0,
        "TNR": 1.0,
        "TPR": 0.0,
        "sensitivity": 0.0,
        "specificity": 1.0,
        "balanced_acc": 0.5,
        "TN": 3,
        "FP": 0,
        "FN": 14,
        "TP": 0,
        "confusion_matrix": [
          [
            3,
            0
          ],
          [
            14,
            0
          ]
        ]
      },
      "test": {
        "threshold": 0.7,
        "accuracy": 0.15789473684210525,
        "precision": 0.0,
        "recall": 0.0,
        "f1": 0.0,
        "TNR": 1.0,
        "TPR": 0.0,
        "sensitivity": 0.0,
        "specificity": 1.0,
        "balanced_acc": 0.5,
        "TN": 6,
        "FP": 0,
        "FN": 32,
        "TP": 0,
        "confusion_matrix": [
          [
            6,
            0
          ],
          [
            32,
            0
          ]
        ]
      }
    },
    {
      "threshold": "fixed",
      "threshold_value": 0.8,
      "val": {
        "threshold": 0.8,
        "accuracy": 0.17647058823529413,
        "precision": 0.0,
        "recall": 0.0,
        "f1": 0.0,
        "TNR": 1.0,
        "TPR": 0.0,
        "sensitivity": 0.0,
        "specificity": 1.0,
        "balanced_acc": 0.5,
        "TN": 3,
        "FP": 0,
        "FN": 14,
        "TP": 0,
        "confusion_matrix": [
          [
            3,
            0
          ],
          [
            14,
            0
          ]
        ]
      },
      "test": {
        "threshold": 0.8,
        "accuracy": 0.15789473684210525,
        "precision": 0.0,
        "recall": 0.0,
        "f1": 0.0,
        "TNR": 1.0,
        "TPR": 0.0,
        "sensitivity": 0.0,
        "specificity": 1.0,
        "balanced_acc": 0.5,
        "TN": 6,
        "FP": 0,
        "FN": 32,
        "TP": 0,
        "confusion_matrix": [
          [
            6,
            0
          ],
          [
            32,
            0
          ]
        ]
      }
    },
    {
      "threshold": "fixed",
      "threshold_value": 0.9,
      "val": {
        "threshold": 0.9,
        "accuracy": 0.17647058823529413,
        "precision": 0.0,
        "recall": 0.0,
        "f1": 0.0,
        "TNR": 1.0,
        "TPR": 0.0,
        "sensitivity": 0.0,
        "specificity": 1.0,
        "balanced_acc": 0.5,
        "TN": 3,
        "FP": 0,
        "FN": 14,
        "TP": 0,
        "confusion_matrix": [
          [
            3,
            0
          ],
          [
            14,
            0
          ]
        ]
      },
      "test": {
        "threshold": 0.9,
        "accuracy": 0.15789473684210525,
        "precision": 0.0,
        "recall": 0.0,
        "f1": 0.0,
        "TNR": 1.0,
        "TPR": 0.0,
        "sensitivity": 0.0,
        "specificity": 1.0,
        "balanced_acc": 0.5,
        "TN": 6,
        "FP": 0,
        "FN": 32,
        "TP": 0,
        "confusion_matrix": [
          [
            6,
            0
          ],
          [
            32,
            0
          ]
        ]
      }
    },
    {
      "threshold": "optimal",
      "threshold_value": 0.65,
      "val": {
        "threshold": 0.65,
        "accuracy": 0.5294117647058824,
        "precision": 0.875,
        "recall": 0.5,
        "f1": 0.6363636363636364,
        "TNR": 0.6666666666666666,
        "TPR": 0.5,
        "sensitivity": 0.5,
        "specificity": 0.6666666666666666,
        "balanced_acc": 0.5833333333333333,
        "TN": 2,
        "FP": 1,
        "FN": 7,
        "TP": 7,