{
  "day": "Dy15",
  "split": "val",
  "accuracy": 0.7241379310344828,
  "f1": 0.8260869565217391,
  "n": 29,
  "batch_size": 16
}