{
  "day": "Dy08",
  "day_no": 8,
  "n_metabolite_features": 12,
  "n_image_features": 12,
  "n_total_features": 24,
  "test_accuracy": 0.7894736842105263,
  "test_f1_acceptable": 0.8787878787878788,
  "test_f1_notacceptable": 0.2,
  "test_recall_acceptable": 0.90625,
  "test_recall_notacceptable": 0.16666666666666666,
  "test_precision_acceptable": 0.8529411764705882,
  "test_precision_notacceptable": 0.25,
  "test_specificity": 0.16666666666666666,
  "test_pr_auc": 0.9116110577804366,
  "best_params": {
    "colsample_bytree": 0.8,
    "learning_rate": 0.05,
    "max_depth": 3,
    "min_child_samples": 20,
    "n_estimators": 200,
    "num_leaves": 31,
    "subsample": 0.8
  },
  "cv_score": 0.3595238095238095,
  "pca_explained_variance": 0.585681140422821,
  "confusion_matrix": {
    "TP": 29,
    "FP": 5,
    "TN": 1,
    "FN": 3
  }
}