{
  "n_components": 12,
  "explained_variance_ratio": [
    0.1229807510972023,
    0.09865372627973557,
    0.08240125328302383,
    0.051543641835451126,
    0.05029306933283806,
    0.03812076523900032,
    0.030571870505809784,
    0.02673526480793953,
    0.023506075143814087,
    0.022537920624017715,
    0.019500629976391792,
    0.01883622445166111
  ],
  "total_explained_variance": 0.585681140422821
}