{
  "n_components": 12,
  "explained_variance_ratio": [
    0.13188499212265015,
    0.10407628118991852,
    0.08675812184810638,
    0.05184096470475197,
    0.046567000448703766,
    0.03881101310253143,
    0.02812233939766884,
    0.024827903136610985,
    0.023477880284190178,
    0.021063843742012978,
    0.01816875860095024,
    0.017984289675951004
  ],
  "total_explained_variance": 0.593583345413208
}