{
  "day": "Dy10",
  "split": "val",
  "accuracy": 0.7407407407407407,
  "f1": 0.8372093023255814,
  "roc_auc": 0.6428571428571429,
  "pr_auc": 0.8299942319331706,
  "n": 27,
  "batch_size": 16
}