{
  "model_type": "per_day",
  "day": 6,
  "best_val_acc": 0.8333333134651184,
  "optimal_threshold": 0.5,
  "val_at_optimal": {
    "threshold": 0.5,
    "accuracy": 0.8333333333333334,
    "precision": 1.0,
    "recall": 0.7857142857142857,
    "f1": 0.88,
    "TNR": 1.0,
    "TPR": 0.7857142857142857,
    "sensitivity": 0.7857142857142857,
    "specificity": 1.0,
    "balanced_acc": 0.8928571428571428,
    "TN": 4,
    "FP": 0,
    "FN": 3,
    "TP": 11,
    "confusion_matrix": [
      [
        4,
        0
      ],
      [
        3,
        11
      ]
    ]
  },
  "test_at_optimal": {
    "threshold": 0.5,
    "accuracy": 0.9318181818181818,
    "precision": 1.0,
    "recall": 0.9142857142857143,
    "f1": 0.9552238805970149,
    "TNR": 1.0,
    "TPR": 0.9142857142857143,
    "sensitivity": 0.9142857142857143,
    "specificity": 1.0,
    "balanced_acc": 0.9571428571428571,
    "TN": 9,
    "FP": 0,
    "FN": 3,
    "TP": 32,
    "confusion_matrix": [
      [
        9,
        0
      ],
      [
        3,
        32
      ]
    ]
  },
  "val_at_0.5": {
    "threshold": 0.5,
    "accuracy": 0.8333333333333334,
    "precision": 1.0,
    "recall": 0.7857142857142857,
    "f1": 0.88,
    "TNR": 1.0,
    "TPR": 0.7857142857142857,
    "sensitivity": 0.7857142857142857,
    "specificity": 1.0,
    "balanced_acc": 0.8928571428571428,
    "TN": 4,
    "FP": 0,
    "FN": 3,
    "TP": 11,
    "confusion_matrix": [
      [
        4,
        0
      ],
      [
        3,
        11
      ]
    ]
  },
  "test_at_0.5": {
    "threshold": 0.5,
    "accuracy": 0.9318181818181818,
    "precision": 1.0,
    "recall": 0.9142857142857143,
    "f1": 0.9552238805970149,
    "TNR": 1.0,
    "TPR": 0.9142857142857143,
    "sensitivity": 0.9142857142857143,
    "specificity": 1.0,
    "balanced_acc": 0.9571428571428571,
    "TN": 9,
    "FP": 0,
    "FN": 3,
    "TP": 32,
    "confusion_matrix": [
      [
        9,
        0
      ],
      [
        3,
        32
      ]
    ]
  },
  "threshold_results": [
    {
      "threshold": "fixed",
      "threshold_value": 0.5,
      "val": {
        "threshold": 0.5,
        "accuracy": 0.8333333333333334,
        "precision": 1.0,
        "recall": 0.7857142857142857,
        "f1": 0.88,
        "TNR": 1.0,
        "TPR": 0.7857142857142857,
        "sensitivity": 0.7857142857142857,
        "specificity": 1.0,
        "balanced_acc": 0.8928571428571428,
        "TN": 4,
        "FP": 0,
        "FN": 3,
        "TP": 11,
        "confusion_matrix": [
          [
            4,
            0
          ],
          [
            3,
            11
          ]
        ]
      },
      "test": {
        "threshold": 0.5,
        "accuracy": 0.9318181818181818,
        "precision": 1.0,
        "recall": 0.9142857142857143,
        "f1": 0.9552238805970149,
        "TNR": 1.0,
        "TPR": 0.9142857142857143,
        "sensitivity": 0.9142857142857143,
        "specificity": 1.0,
        "balanced_acc": 0.9571428571428571,
        "TN": 9,
        "FP": 0,
        "FN": 3,
        "TP": 32,
        "confusion_matrix": [
          [
            9,
            0
          ],
          [
            3,
            32
          ]
        ]
      }
    },
    {
      "threshold": "fixed",
      "threshold_value": 0.6,
      "val": {
        "threshold": 0.6,
        "accuracy": 0.5,
        "precision": 1.0,
        "recall": 0.35714285714285715,
        "f1": 0.5263157894736842,
        "TNR": 1.0,
        "TPR": 0.35714285714285715,
        "sensitivity": 0.35714285714285715,
        "specificity": 1.0,
        "balanced_acc": 0.6785714285714286,
        "TN": 4,
        "FP": 0,
        "FN": 9,
        "TP": 5,
        "confusion_matrix": [
          [
            4,
            0
          ],
          [
            9,
            5
          ]
        ]
      },
      "test": {
        "threshold": 0.6,
        "accuracy": 0.5454545454545454,
        "precision": 1.0,
        "recall": 0.42857142857142855,
        "f1": 0.6,
        "TNR": 1.0,
        "TPR": 0.42857142857142855,
        "sensitivity": 0.42857142857142855,
        "specificity": 1.0,
        "balanced_acc": 0.7142857142857143,
        "TN": 9,
        "FP": 0,
        "FN": 20,
        "TP": 15,
        "confusion_matrix": [
          [
            9,
            0
          ],
          [
            20,
            15
          ]
        ]
      }
    },
    {
      "threshold": "fixed",
      "threshold_value": 0.7,
      "val": {
        "threshold": 0.7,
        "accuracy": 0.2222222222222222,
        "precision": 0.0,
        "recall": 0.0,
        "f1": 0.0,
        "TNR": 1.0,
        "TPR": 0.0,
        "sensitivity": 0.0,
        "specificity": 1.0,
        "balanced_acc": 0.5,
        "TN": 4,
        "FP": 0,
        "FN": 14,
        "TP": 0,
        "confusion_matrix": [
          [
            4,
            0
          ],
          [
            14,
            0
          ]
        ]
      },
      "test": {
        "threshold": 0.7,
        "accuracy": 0.20454545454545456,
        "precision": 0.0,
        "recall": 0.0,
        "f1": 0.0,
        "TNR": 1.0,
        "TPR": 0.0,
        "sensitivity": 0.0,
        "specificity": 1.0,
        "balanced_acc": 0.5,
        "TN": 9,
        "FP": 0,
        "FN": 35,
        "TP": 0,
        "confusion_matrix": [
          [
            9,
            0
          ],
          [
            35,
            0
          ]
        ]
      }
    },
    {
      "threshold": "fixed",
      "threshold_value": 0.8,
      "val": {
        "threshold": 0.8,
        "accuracy": 0.2222222222222222,
        "precision": 0.0,
        "recall": 0.0,
        "f1": 0.0,
        "TNR": 1.0,
        "TPR": 0.0,
        "sensitivity": 0.0,
        "specificity": 1.0,
        "balanced_acc": 0.5,
        "TN": 4,
        "FP": 0,
        "FN": 14,
        "TP": 0,
        "confusion_matrix": [
          [
            4,
            0
          ],
          [
            14,
            0
          ]
        ]
      },
      "test": {
        "threshold": 0.8,
        "accuracy": 0.20454545454545456,
        "precision": 0.0,
        "recall": 0.0,
        "f1": 0.0,
        "TNR": 1.0,
        "TPR": 0.0,
        "sensitivity": 0.0,
        "specificity": 1.0,
        "balanced_acc": 0.5,
        "TN": 9,
        "FP": 0,
        "FN": 35,
        "TP": 0,
        "confusion_matrix": [
          [
            9,
            0
          ],
          [
            35,
            0
          ]
        ]
      }
    },
    {
      "threshold": "fixed",
      "threshold_value": 0.9,
      "val": {
        "threshold": 0.9,
        "accuracy": 0.2222222222222222,
        "precision": 0.0,
        "recall": 0.0,
        "f1": 0.0,
        "TNR": 1.0,
        "TPR": 0.0,
        "sensitivity": 0.0,
        "specificity": 1.0,
        "balanced_acc": 0.5,
        "TN": 4,
        "FP": 0,
        "FN": 14,
        "TP": 0,
        "confusion_matrix": [
          [
            4,
            0
          ],
          [
            14,
            0
          ]
        ]
      },
      "test": {
        "threshold": 0.9,
        "accuracy": 0.20454545454545456,
        "precision": 0.0,
        "recall": 0.0,
        "f1": 0.0,
        "TNR": 1.0,
        "TPR": 0.0,
        "sensitivity": 0.0,
        "specificity": 1.0,
        "balanced_acc": 0.5,
        "TN": 9,
        "FP": 0,
        "FN": 35,
        "TP": 0,
        "confusion_matrix": [
          [
            9,
            0
          ],
          [
            35,
            0
          ]
        ]
      }
    },
    {
      "threshold": "optimal",
      "threshold_value": 0.5,
      "val": {
        "threshold": 0.5,
        "accuracy": 0.8333333333333334,
        "precision": 1.0,
        "recall": 0.7857142857142857,
        "f1": 0.88,
        "TNR": 1.0,
        "TPR": 0.7857142857142857,
        "sensitivity": 0.7857142857142857,