{
  "model_type": "per_day",
  "day": 10,
  "best_val_acc": 0.5555555820465088,
  "optimal_threshold": 0.55,
  "val_at_optimal": {
    "threshold": 0.55,
    "accuracy": 0.5555555555555556,
    "precision": 1.0,
    "recall": 0.42857142857142855,
    "f1": 0.6,
    "TNR": 1.0,
    "TPR": 0.42857142857142855,
    "sensitivity": 0.42857142857142855,
    "specificity": 1.0,
    "balanced_acc": 0.7142857142857143,
    "TN": 4,
    "FP": 0,
    "FN": 8,
    "TP": 6,
    "confusion_matrix": [
      [
        4,
        0
      ],
      [
        8,
        6
      ]
    ]
  },
  "test_at_optimal": {
    "threshold": 0.55,
    "accuracy": 0.45454545454545453,
    "precision": 0.9230769230769231,
    "recall": 0.34285714285714286,
    "f1": 0.5,
    "TNR": 0.8888888888888888,
    "TPR": 0.34285714285714286,
    "sensitivity": 0.34285714285714286,
    "specificity": 0.8888888888888888,
    "balanced_acc": 0.6158730158730159,
    "TN": 8,
    "FP": 1,
    "FN": 23,
    "TP": 12,
    "confusion_matrix": [
      [
        8,
        1
      ],
      [
        23,
        12
      ]
    ]
  },
  "val_at_0.5": {
    "threshold": 0.5,
    "accuracy": 0.5555555555555556,
    "precision": 0.875,
    "recall": 0.5,
    "f1": 0.6363636363636364,
    "TNR": 0.75,
    "TPR": 0.5,
    "sensitivity": 0.5,
    "specificity": 0.75,
    "balanced_acc": 0.625,
    "TN": 3,
    "FP": 1,
    "FN": 7,
    "TP": 7,
    "confusion_matrix": [
      [
        3,
        1
      ],
      [
        7,
        7
      ]
    ]
  },
  "test_at_0.5": {
    "threshold": 0.5,
    "accuracy": 0.4772727272727273,
    "precision": 0.875,
    "recall": 0.4,
    "f1": 0.5490196078431373,
    "TNR": 0.7777777777777778,
    "TPR": 0.4,
    "sensitivity": 0.4,
    "specificity": 0.7777777777777778,
    "balanced_acc": 0.5888888888888889,
    "TN": 7,
    "FP": 2,
    "FN": 21,
    "TP": 14,
    "confusion_matrix": [
      [
        7,
        2
      ],
      [
        21,
        14
      ]
    ]
  },
  "threshold_results": [
    {
      "threshold": "fixed",
      "threshold_value": 0.5,
      "val": {
        "threshold": 0.5,
        "accuracy": 0.5555555555555556,
        "precision": 0.875,
        "recall": 0.5,
        "f1": 0.6363636363636364,
        "TNR": 0.75,
        "TPR": 0.5,
        "sensitivity": 0.5,
        "specificity": 0.75,
        "balanced_acc": 0.625,
        "TN": 3,
        "FP": 1,
        "FN": 7,
        "TP": 7,
        "confusion_matrix": [
          [
            3,
            1
          ],
          [
            7,
            7
          ]
        ]
      },
      "test": {
        "threshold": 0.5,
        "accuracy": 0.4772727272727273,
        "precision": 0.875,
        "recall": 0.4,
        "f1": 0.5490196078431373,
        "TNR": 0.7777777777777778,
        "TPR": 0.4,
        "sensitivity": 0.4,
        "specificity": 0.7777777777777778,
        "balanced_acc": 0.5888888888888889,
        "TN": 7,
        "FP": 2,
        "FN": 21,
        "TP": 14,
        "confusion_matrix": [
          [
            7,
            2
          ],
          [
            21,
            14
          ]
        ]
      }
    },
    {
      "threshold": "fixed",
      "threshold_value": 0.6,
      "val": {
        "threshold": 0.6,
        "accuracy": 0.5,
        "precision": 1.0,
        "recall": 0.35714285714285715,
        "f1": 0.5263157894736842,
        "TNR": 1.0,
        "TPR": 0.35714285714285715,
        "sensitivity": 0.35714285714285715,
        "specificity": 1.0,
        "balanced_acc": 0.6785714285714286,
        "TN": 4,
        "FP": 0,
        "FN": 9,
        "TP": 5,
        "confusion_matrix": [
          [
            4,
            0
          ],
          [
            9,
            5
          ]
        ]
      },
      "test": {
        "threshold": 0.6,
        "accuracy": 0.4318181818181818,
        "precision": 1.0,
        "recall": 0.2857142857142857,
        "f1": 0.4444444444444444,
        "TNR": 1.0,
        "TPR": 0.2857142857142857,
        "sensitivity": 0.2857142857142857,
        "specificity": 1.0,
        "balanced_acc": 0.6428571428571428,
        "TN": 9,
        "FP": 0,
        "FN": 25,
        "TP": 10,
        "confusion_matrix": [
          [
            9,
            0
          ],
          [
            25,
            10
          ]
        ]
      }
    },
    {
      "threshold": "fixed",
      "threshold_value": 0.7,
      "val": {
        "threshold": 0.7,
        "accuracy": 0.2222222222222222,
        "precision": 0.0,
        "recall": 0.0,
        "f1": 0.0,
        "TNR": 1.0,
        "TPR": 0.0,
        "sensitivity": 0.0,
        "specificity": 1.0,
        "balanced_acc": 0.5,
        "TN": 4,
        "FP": 0,
        "FN": 14,
        "TP": 0,
        "confusion_matrix": [
          [
            4,
            0
          ],
          [
            14,
            0
          ]
        ]
      },
      "test": {
        "threshold": 0.7,
        "accuracy": 0.20454545454545456,
        "precision": 0.0,
        "recall": 0.0,
        "f1": 0.0,
        "TNR": 1.0,
        "TPR": 0.0,
        "sensitivity": 0.0,
        "specificity": 1.0,
        "balanced_acc": 0.5,
        "TN": 9,
        "FP": 0,
        "FN": 35,
        "TP": 0,
        "confusion_matrix": [
          [
            9,
            0
          ],
          [
            35,
            0
          ]
        ]
      }
    },
    {
      "threshold": "fixed",
      "threshold_value": 0.8,
      "val": {
        "threshold": 0.8,
        "accuracy": 0.2222222222222222,
        "precision": 0.0,
        "recall": 0.0,
        "f1": 0.0,
        "TNR": 1.0,
        "TPR": 0.0,
        "sensitivity": 0.0,
        "specificity": 1.0,
        "balanced_acc": 0.5,
        "TN": 4,
        "FP": 0,
        "FN": 14,
        "TP": 0,
        "confusion_matrix": [
          [
            4,
            0
          ],
          [
            14,
            0
          ]
        ]
      },
      "test": {
        "threshold": 0.8,
        "accuracy": 0.20454545454545456,
        "precision": 0.0,
        "recall": 0.0,
        "f1": 0.0,
        "TNR": 1.0,
        "TPR": 0.0,
        "sensitivity": 0.0,
        "specificity": 1.0,
        "balanced_acc": 0.5,
        "TN": 9,
        "FP": 0,
        "FN": 35,
        "TP": 0,
        "confusion_matrix": [
          [
            9,
            0
          ],
          [
            35,
            0
          ]
        ]
      }
    },
    {
      "threshold": "fixed",
      "threshold_value": 0.9,
      "val": {
        "threshold": 0.9,
        "accuracy": 0.2222222222222222,
        "precision": 0.0,
        "recall": 0.0,
        "f1": 0.0,
        "TNR": 1.0,
        "TPR": 0.0,
        "sensitivity": 0.0,
        "specificity": 1.0,
        "balanced_acc": 0.5,
        "TN": 4,
        "FP": 0,
        "FN": 14,
        "TP": 0,
        "confusion_matrix": [
          [
            4,
            0
          ],
          [
            14,
            0
          ]
        ]
      },
      "test": {
        "threshold": 0.9,
        "accuracy": 0.20454545454545456,
        "precision": 0.0,
        "recall": 0.0,
        "f1": 0.0,
        "TNR": 1.0,
        "TPR": 0.0,
        "sensitivity": 0.0,
        "specificity": 1.0,
        "balanced_acc": 0.5,
        "TN": 9,
        "FP": 0,
        "FN": 35,
        "TP": 0,
        "confusion_matrix": [
          [
            9,
            0
          ],
          [
            35,
            0
          ]
        ]
      }
    },
    {
      "threshold": "optimal",
      "threshold_value": 0.55,
      "val": {
        "threshold": 0.55,
        "accuracy": 0.5555555555555556,
        "precision": 1.0,
        "recall": 0.42857142857142855,
        "f1": 0.6,
        "TNR": 1.0,
        "TPR": 0.42857142857142855,
        "sensitivity": 0.42857142857142855,
        "specificity": 1.0,
        "balanced_acc": 0.7142857142857143,