{
  "day": "Dy24",
  "day_no": 2400,
  "split": "test",
  "brier": 0.29474565386772156,
  "rmse": 0.5429048538208008,
  "corr": 0.1886185109615326,
  "acc@0.5": 0.6296296296296297,
  "f1@0.5": 0.7368421052631579,
  "actual_good@0.5": 19,
  "predicted_good@0.5": 19,
  "acc@t*": 0.7407407407407407,
  "f1@t*": 0.8292682926829268,
  "bal_acc@t*": 0.6348684210526316,
  "roc_auc": 0.5394736842105263,
  "pr_auc": 0.6792509686778945,
  "threshold_used": 0.099,
  "threshold_method": "max_f1",
  "min_precision": null,
  "val_brier_for_selection": 0.025957083329558372,
  "val_n": 27,
  "test_n": 27,
  "batch_size_train": 16,
  "batch_size_valtest": 16,
  "backbone_key": "vit"
}