{
  "day": "Dy13",
  "split": "val",
  "accuracy": 0.6896551724137931,
  "f1": 0.7567567567567568,
  "roc_auc": 0.5277777777777778,
  "pr_auc": 0.6752163920541313,
  "n": 29,
  "batch_size": 16,
  "input_key": "overlay_path",
  "use_mask": false
}