{
  "day": "Dy20_5",
  "split": "val",
  "brier": 0.08133243024349213,
  "rmse": 0.2851884067058563,
  "acc@0.5": 0.8888888888888888,
  "f1@0.5": 0.9302325581395349,
  "corr": 0.8000023365020752,
  "roc_auc": 0.9714285714285715,
  "pr_auc": 0.9897096908939016,
  "chosen_threshold": 0.789,
  "threshold_method": "max_f1",
  "min_precision": null,
  "n": 27,
  "batch_size": 16
}