{
  "day": "Dy20_5",
  "day_no": 2050,
  "split": "test",
  "brier": 0.18792304396629333,
  "rmse": 0.43350091576576233,
  "corr": 0.4767071604728699,
  "acc@0.5": 0.7777777777777778,
  "f1@0.5": 0.8636363636363636,
  "actual_good@0.5": 19,
  "predicted_good@0.5": 25,
  "acc@t*": 0.8148148148148148,
  "f1@t*": 0.8780487804878049,
  "bal_acc@t*": 0.7236842105263157,
  "roc_auc": 0.6710526315789473,
  "pr_auc": 0.8349449890178258,
  "threshold_used": 0.789,
  "threshold_method": "max_f1",
  "min_precision": null,
  "val_brier_for_selection": 0.08133243024349213,
  "val_n": 27,
  "test_n": 27,
  "batch_size_train": 16,
  "batch_size_valtest": 16,
  "backbone_key": "resnet"
}