{
  "day": "Dy8",
  "split": "val",
  "accuracy": 0.6896551724137931,
  "f1": 0.7804878048780488,
  "roc_auc": 0.7555555555555555,
  "pr_auc": 0.8937953723354775,
  "n": 29,
  "batch_size": 16,
  "input_key": "img_path",
  "use_mask": false
}