{
  "day": "Dy3",
  "day_no": 3,
  "split": "test",
  "accuracy": 0.5862068965517241,
  "f1": 0.6666666666666666,
  "roc_auc": 0.6785714285714286,
  "pr_auc": 0.871984072087733,
  "val_accuracy_for_selection": 0.6896551724137931,
  "val_n": 29,
  "test_n": 29,
  "actual_good": 21,
  "predicted_good": 15,
  "batch_size_train": 16,
  "batch_size_valtest": 16,
  "backbone_key": "cnn",
  "input_key": "overlay_path",
  "use_mask": true
}