{
  "day": "Dy3",
  "day_no": 3,
  "split": "test",
  "accuracy": 0.6551724137931034,
  "f1": 0.782608695652174,
  "roc_auc": 0.44047619047619047,
  "pr_auc": 0.6686188147651588,
  "val_accuracy_for_selection": 0.7586206896551724,
  "val_n": 29,
  "test_n": 29,
  "actual_good": 21,
  "predicted_good": 25,
  "batch_size_train": 16,
  "batch_size_valtest": 16,
  "backbone_key": "resnet",
  "input_key": "overlay_path",
  "use_mask": false
}