{
  "day": "Dy3",
  "split": "val",
  "accuracy": 0.7241379310344828,
  "f1": 0.8260869565217391,
  "roc_auc": 0.5055555555555555,
  "pr_auc": 0.7280671920285935,
  "n": 29,
  "batch_size": 16,
  "input_key": "img_path",
  "use_mask": false
}