{
  "day": "Dy20_5",
  "day_no": 20,
  "split": "test",
  "accuracy": 0.8275862068965517,
  "f1": 0.8837209302325582,
  "roc_auc": 0.8452380952380952,
  "pr_auc": 0.9375769199111124,
  "val_accuracy_for_selection": 0.896551724137931,
  "val_n": 29,
  "test_n": 29,
  "actual_good": 21,
  "predicted_good": 22,
  "batch_size_train": 16,
  "batch_size_valtest": 16,
  "backbone_key": "resnet",
  "input_key": "img_path",
  "use_mask": false
}