{
  "model_type": "per_day",
  "day": 8,
  "best_val_acc": 0.8333333134651184,
  "optimal_threshold": 0.54,
  "val_at_optimal": {
    "threshold": 0.54,
    "accuracy": 0.5555555555555556,
    "precision": 1.0,
    "recall": 0.42857142857142855,
    "f1": 0.6,
    "TNR": 1.0,
    "TPR": 0.42857142857142855,
    "sensitivity": 0.42857142857142855,
    "specificity": 1.0,
    "balanced_acc": 0.7142857142857143,
    "TN": 4,
    "FP": 0,
    "FN": 8,
    "TP": 6,
    "confusion_matrix": [
      [
        4,
        0
      ],
      [
        8,
        6
      ]
    ]
  },
  "test_at_optimal": {
    "threshold": 0.54,
    "accuracy": 0.5227272727272727,
    "precision": 0.8888888888888888,
    "recall": 0.45714285714285713,
    "f1": 0.6037735849056604,
    "TNR": 0.7777777777777778,
    "TPR": 0.45714285714285713,
    "sensitivity": 0.45714285714285713,
    "specificity": 0.7777777777777778,
    "balanced_acc": 0.6174603174603175,
    "TN": 7,
    "FP": 2,
    "FN": 19,
    "TP": 16,
    "confusion_matrix": [
      [
        7,
        2
      ],
      [
        19,
        16
      ]
    ]
  },
  "val_at_0.5": {
    "threshold": 0.5,
    "accuracy": 0.8333333333333334,
    "precision": 0.8666666666666667,
    "recall": 0.9285714285714286,
    "f1": 0.896551724137931,
    "TNR": 0.5,
    "TPR": 0.9285714285714286,
    "sensitivity": 0.9285714285714286,
    "specificity": 0.5,
    "balanced_acc": 0.7142857142857143,
    "TN": 2,
    "FP": 2,
    "FN": 1,
    "TP": 13,
    "confusion_matrix": [
      [
        2,
        2
      ],
      [
        1,
        13
      ]
    ]
  },
  "test_at_0.5": {
    "threshold": 0.5,
    "accuracy": 0.7954545454545454,
    "precision": 0.8095238095238095,
    "recall": 0.9714285714285714,
    "f1": 0.8831168831168831,
    "TNR": 0.1111111111111111,
    "TPR": 0.9714285714285714,
    "sensitivity": 0.9714285714285714,
    "specificity": 0.1111111111111111,
    "balanced_acc": 0.5412698412698412,
    "TN": 1,
    "FP": 8,
    "FN": 1,
    "TP": 34,
    "confusion_matrix": [
      [
        1,
        8
      ],
      [
        1,
        34
      ]
    ]
  },
  "threshold_results": [
    {
      "threshold": "fixed",
      "threshold_value": 0.5,
      "val": {
        "threshold": 0.5,
        "accuracy": 0.8333333333333334,
        "precision": 0.8666666666666667,
        "recall": 0.9285714285714286,
        "f1": 0.896551724137931,
        "TNR": 0.5,
        "TPR": 0.9285714285714286,
        "sensitivity": 0.9285714285714286,
        "specificity": 0.5,
        "balanced_acc": 0.7142857142857143,
        "TN": 2,
        "FP": 2,
        "FN": 1,
        "TP": 13,
        "confusion_matrix": [
          [
            2,
            2
          ],
          [
            1,
            13
          ]
        ]
      },
      "test": {
        "threshold": 0.5,
        "accuracy": 0.7954545454545454,
        "precision": 0.8095238095238095,
        "recall": 0.9714285714285714,
        "f1": 0.8831168831168831,
        "TNR": 0.1111111111111111,
        "TPR": 0.9714285714285714,
        "sensitivity": 0.9714285714285714,
        "specificity": 0.1111111111111111,
        "balanced_acc": 0.5412698412698412,
        "TN": 1,
        "FP": 8,
        "FN": 1,
        "TP": 34,
        "confusion_matrix": [
          [
            1,
            8
          ],
          [
            1,
            34
          ]
        ]
      }
    },
    {
      "threshold": "fixed",
      "threshold_value": 0.6,
      "val": {
        "threshold": 0.6,
        "accuracy": 0.2222222222222222,
        "precision": 0.0,
        "recall": 0.0,
        "f1": 0.0,
        "TNR": 1.0,
        "TPR": 0.0,
        "sensitivity": 0.0,
        "specificity": 1.0,
        "balanced_acc": 0.5,
        "TN": 4,
        "FP": 0,
        "FN": 14,
        "TP": 0,
        "confusion_matrix": [
          [
            4,
            0
          ],
          [
            14,
            0
          ]
        ]
      },
      "test": {
        "threshold": 0.6,
        "accuracy": 0.20454545454545456,
        "precision": 0.0,
        "recall": 0.0,
        "f1": 0.0,
        "TNR": 1.0,
        "TPR": 0.0,
        "sensitivity": 0.0,
        "specificity": 1.0,
        "balanced_acc": 0.5,
        "TN": 9,
        "FP": 0,
        "FN": 35,
        "TP": 0,
        "confusion_matrix": [
          [
            9,
            0
          ],
          [
            35,
            0
          ]
        ]
      }
    },
    {
      "threshold": "fixed",
      "threshold_value": 0.7,
      "val": {
        "threshold": 0.7,
        "accuracy": 0.2222222222222222,
        "precision": 0.0,
        "recall": 0.0,
        "f1": 0.0,
        "TNR": 1.0,
        "TPR": 0.0,
        "sensitivity": 0.0,
        "specificity": 1.0,
        "balanced_acc": 0.5,
        "TN": 4,
        "FP": 0,
        "FN": 14,
        "TP": 0,
        "confusion_matrix": [
          [
            4,
            0
          ],
          [
            14,
            0
          ]
        ]
      },
      "test": {
        "threshold": 0.7,
        "accuracy": 0.20454545454545456,
        "precision": 0.0,
        "recall": 0.0,
        "f1": 0.0,
        "TNR": 1.0,
        "TPR": 0.0,
        "sensitivity": 0.0,
        "specificity": 1.0,
        "balanced_acc": 0.5,
        "TN": 9,
        "FP": 0,
        "FN": 35,
        "TP": 0,
        "confusion_matrix": [
          [
            9,
            0
          ],
          [
            35,
            0
          ]
        ]
      }
    },
    {
      "threshold": "fixed",
      "threshold_value": 0.8,
      "val": {
        "threshold": 0.8,
        "accuracy": 0.2222222222222222,
        "precision": 0.0,
        "recall": 0.0,
        "f1": 0.0,
        "TNR": 1.0,
        "TPR": 0.0,
        "sensitivity": 0.0,
        "specificity": 1.0,
        "balanced_acc": 0.5,
        "TN": 4,
        "FP": 0,
        "FN": 14,
        "TP": 0,
        "confusion_matrix": [
          [
            4,
            0
          ],
          [
            14,
            0
          ]
        ]
      },
      "test": {
        "threshold": 0.8,
        "accuracy": 0.20454545454545456,
        "precision": 0.0,
        "recall": 0.0,
        "f1": 0.0,
        "TNR": 1.0,
        "TPR": 0.0,
        "sensitivity": 0.0,
        "specificity": 1.0,
        "balanced_acc": 0.5,
        "TN": 9,
        "FP": 0,
        "FN": 35,
        "TP": 0,
        "confusion_matrix": [
          [
            9,
            0
          ],
          [
            35,
            0
          ]
        ]
      }
    },
    {
      "threshold": "fixed",
      "threshold_value": 0.9,
      "val": {
        "threshold": 0.9,
        "accuracy": 0.2222222222222222,
        "precision": 0.0,
        "recall": 0.0,
        "f1": 0.0,
        "TNR": 1.0,
        "TPR": 0.0,
        "sensitivity": 0.0,
        "specificity": 1.0,
        "balanced_acc": 0.5,
        "TN": 4,
        "FP": 0,
        "FN": 14,
        "TP": 0,
        "confusion_matrix": [
          [
            4,
            0
          ],
          [
            14,
            0
          ]
        ]
      },
      "test": {
        "threshold": 0.9,
        "accuracy": 0.20454545454545456,
        "precision": 0.0,
        "recall": 0.0,
        "f1": 0.0,
        "TNR": 1.0,
        "TPR": 0.0,
        "sensitivity": 0.0,
        "specificity": 1.0,
        "balanced_acc": 0.5,
        "TN": 9,
        "FP": 0,
        "FN": 35,
        "TP": 0,
        "confusion_matrix": [
          [
            9,
            0
          ],
          [
            35,
            0
          ]
        ]
      }
    },
    {
      "threshold": "optimal",
      "threshold_value": 0.54,
      "val": {
        "threshold": 0.54,
        "accuracy": 0.5555555555555556,
        "precision": 1.0,
        "recall": 0.42857142857142855,
        "f1": 0.6,
        "TNR": 1.0,