{
  "day": "Dy24",
  "day_no": 24,
  "n_metabolite_features": 12,
  "n_image_features": 12,
  "n_total_features": 24,
  "test_accuracy": 0.813953488372093,
  "test_f1_acceptable": 0.8888888888888888,
  "test_f1_notacceptable": 0.42857142857142855,
  "test_recall_acceptable": 0.9142857142857143,
  "test_recall_notacceptable": 0.375,
  "test_precision_acceptable": 0.8648648648648649,
  "test_precision_notacceptable": 0.5,
  "test_specificity": 0.375,
  "test_pr_auc": 0.9158637551371472,
  "best_params": {
    "colsample_bytree": 0.8,
    "learning_rate": 0.1,
    "max_depth": 6,
    "min_child_samples": 10,
    "n_estimators": 500,
    "num_leaves": 31,
    "subsample": 0.8
  },
  "cv_score": 0.5414141414141413,
  "pca_explained_variance": 0.516875684261322,
  "confusion_matrix": {
    "TP": 32,
    "FP": 5,
    "TN": 3,
    "FN": 3
  }
}