{
  "n_components": 12,
  "explained_variance_ratio": [
    0.14439834654331207,
    0.08441901952028275,
    0.050802554935216904,
    0.03781047835946083,
    0.03651782497763634,
    0.03423285856842995,
    0.02662019617855549,
    0.026380276307463646,
    0.02036760188639164,
    0.019070008769631386,
    0.01825610361993313,
    0.018000401556491852
  ],
  "total_explained_variance": 0.516875684261322
}