{
  "day": "Dy3",
  "split": "val",
  "brier": 0.0939202681183815,
  "rmse": 0.30646413564682007,
  "acc@0.5": 0.8888888888888888,
  "f1@0.5": 0.9302325581395349,
  "corr": 0.7457267642021179,
  "roc_auc": 0.9357142857142857,
  "pr_auc": 0.975883774163573,
  "chosen_threshold": 0.725,
  "threshold_method": "max_f1",
  "min_precision": null,
  "n": 27,
  "batch_size": 16
}