{
  "day": "Dy3",
  "day_no": 300,
  "split": "test",
  "brier": 0.26108697056770325,
  "rmse": 0.5109667181968689,
  "corr": 0.2666126787662506,
  "acc@0.5": 0.7037037037037037,
  "f1@0.5": 0.8,
  "actual_good@0.5": 19,
  "predicted_good@0.5": 21,
  "acc@t*": 0.7037037037037037,
  "f1@t*": 0.8,
  "bal_acc@t*": 0.6085526315789473,
  "roc_auc": 0.6644736842105262,
  "pr_auc": 0.7732789748303276,
  "threshold_used": 0.725,
  "threshold_method": "max_f1",
  "min_precision": null,
  "val_brier_for_selection": 0.0939202681183815,
  "val_n": 27,
  "test_n": 27,
  "batch_size_train": 16,
  "batch_size_valtest": 16,
  "backbone_key": "efficientnet"
}