{
  "day": "Dy17",
  "split": "val",
  "accuracy": 0.8148148148148148,
  "f1": 0.8717948717948718,
  "roc_auc": 0.7714285714285714,
  "pr_auc": 0.8977010170323538,
  "n": 27,
  "batch_size": 16
}