{
  "day": "Dy17",
  "day_no": 17,
  "split": "test",
  "accuracy": 0.8148148148148148,
  "f1": 0.8717948717948718,
  "roc_auc": 0.7828947368421053,
  "pr_auc": 0.8708205699936187,
  "val_accuracy_for_selection": 0.8148148148148148,
  "val_n": 27,
  "test_n": 27,
  "actual_good": 19,
  "predicted_good": 20,
  "batch_size_train": 16,
  "batch_size_valtest": 16,
  "backbone_key": "vit"
}