{
  "day": "Dy10",
  "split": "val",
  "accuracy": 0.7931034482758621,
  "f1": 0.85,
  "roc_auc": 0.6944444444444444,
  "pr_auc": 0.8243986036259311,
  "n": 29,
  "batch_size": 16,
  "input_key": "img_path",
  "use_mask": true
}