{
  "day": "Dy15",
  "split": "val",
  "accuracy": 0.7241379310344828,
  "f1": 0.8260869565217391,
  "roc_auc": 0.538888888888889,
  "pr_auc": 0.7445651412141351,
  "n": 29,
  "batch_size": 16,
  "input_key": "overlay_path",
  "use_mask": true
}