{
  "model_type": "cnn_lstm",
  "day": 10.0,
  "best_val_acc": 0.8823529411764706,
  "optimal_threshold": 0.28,
  "val_at_optimal": {
    "threshold": 0.28,
    "accuracy": 0.8823529411764706,
    "precision": 0.9285714285714286,
    "recall": 0.9285714285714286,
    "f1": 0.9285714285714286,
    "TNR": 0.6666666666666666,
    "TPR": 0.9285714285714286,
    "balanced_acc": 0.7976190476190477,
    "TN": 2,
    "FP": 1,
    "FN": 1,
    "TP": 13,
    "confusion_matrix": [
      [
        2,
        1
      ],
      [
        1,
        13
      ]
    ]
  },
  "test_at_optimal": {
    "threshold": 0.28,
    "accuracy": 0.8648648648648649,
    "precision": 0.8611111111111112,
    "recall": 1.0,
    "f1": 0.9253731343283582,
    "TNR": 0.16666666666666666,
    "TPR": 1.0,
    "balanced_acc": 0.5833333333333334,
    "TN": 1,
    "FP": 5,
    "FN": 0,
    "TP": 31,
    "confusion_matrix": [
      [
        1,
        5
      ],
      [
        0,
        31
      ]
    ]
  },
  "val_at_0.5": {
    "threshold": 0.5,
    "accuracy": 0.8823529411764706,
    "precision": 0.9285714285714286,
    "recall": 0.9285714285714286,
    "f1": 0.9285714285714286,
    "TNR": 0.6666666666666666,
    "TPR": 0.9285714285714286,
    "balanced_acc": 0.7976190476190477,
    "TN": 2,
    "FP": 1,
    "FN": 1,
    "TP": 13,
    "confusion_matrix": [
      [
        2,
        1
      ],
      [
        1,
        13
      ]
    ]
  },
  "test_at_0.5": {
    "threshold": 0.5,
    "accuracy": 0.8378378378378378,
    "precision": 0.8571428571428571,
    "recall": 0.967741935483871,
    "f1": 0.9090909090909091,
    "TNR": 0.16666666666666666,
    "TPR": 0.967741935483871,
    "balanced_acc": 0.5672043010752689,
    "TN": 1,
    "FP": 5,
    "FN": 1,
    "TP": 30,
    "confusion_matrix": [
      [
        1,
        5
      ],
      [
        1,
        30
      ]
    ]
  },
  "train_history": [
    {
      "epoch": 1,
      "train_loss": 0.6893847054905362,
      "train_acc": 0.8098591549295775,
      "val_loss": 0.6618732611338297,
      "val_acc": 0.8235294117647058,
      "val_precision": 0.8235294117647058,
      "val_recall": 1.0,
      "val_f1": 0.9032258064516129
    },
    {
      "epoch": 2,
      "train_loss": 0.6509129371907976,
      "train_acc": 0.8450704225352113,
      "val_loss": 0.6384322643280029,
      "val_acc": 0.8235294117647058,
      "val_precision": 0.8235294117647058,
      "val_recall": 1.0,
      "val_f1": 0.9032258064516129
    },
    {
      "epoch": 3,
      "train_loss": 0.6155665599637561,
      "train_acc": 0.8450704225352113,
      "val_loss": 0.606769839922587,
      "val_acc": 0.8235294117647058,
      "val_precision": 0.8235294117647058,
      "val_recall": 1.0,
      "val_f1": 0.9032258064516129
    },
    {
      "epoch": 4,
      "train_loss": 0.5833489431275262,
      "train_acc": 0.8591549295774648,
      "val_loss": 0.6189226607481638,
      "val_acc": 0.7647058823529411,
      "val_precision": 0.8125,
      "val_recall": 0.9285714285714286,
      "val_f1": 0.8666666666666667
    },
    {
      "epoch": 5,
      "train_loss": 0.4482719550530116,
      "train_acc": 0.9436619718309859,
      "val_loss": 0.6058385521173477,
      "val_acc": 0.8235294117647058,
      "val_precision": 0.8666666666666667,
      "val_recall": 0.9285714285714286,
      "val_f1": 0.896551724137931
    },
    {
      "epoch": 6,
      "train_loss": 0.3436964224610064,
      "train_acc": 0.9647887323943662,
      "val_loss": 0.8272043621788422,
      "val_acc": 0.8235294117647058,
      "val_precision": 0.8666666666666667,
      "val_recall": 0.9285714285714286,
      "val_f1": 0.896551724137931
    },
    {
      "epoch": 7,
      "train_loss": 0.23566243714756435,
      "train_acc": 0.9788732394366197,
      "val_loss": 0.8186498520274957,
      "val_acc": 0.8235294117647058,
      "val_precision": 0.9230769230769231,
      "val_recall": 0.8571428571428571,
      "val_f1": 0.8888888888888888
    },
    {
      "epoch": 8,
      "train_loss": 0.14262205393364033,
      "train_acc": 1.0,
      "val_loss": 1.069690286492308,
      "val_acc": 0.6470588235294118,
      "val_precision": 0.9,
      "val_recall": 0.6428571428571429,
      "val_f1": 0.75
    },
    {
      "epoch": 9,
      "train_loss": 0.09017142984602186,
      "train_acc": 1.0,
      "val_loss": 1.1435008165426552,
      "val_acc": 0.6470588235294118,
      "val_precision": 0.8333333333333334,
      "val_recall": 0.7142857142857143,
      "val_f1": 0.7692307692307693
    },
    {
      "epoch": 10,
      "train_loss": 0.06594704712430637,
      "train_acc": 0.9859154929577465,
      "val_loss": 1.136831893896063,
      "val_acc": 0.6470588235294118,
      "val_precision": 0.9,
      "val_recall": 0.6428571428571429,
      "val_f1": 0.75
    },
    {
      "epoch": 11,
      "train_loss": 0.026692011393606663,
      "train_acc": 0.9929577464788732,
      "val_loss": 1.1933078948641196,
      "val_acc": 0.8235294117647058,
      "val_precision": 0.8666666666666667,
      "val_recall": 0.9285714285714286,
      "val_f1": 0.896551724137931
    },
    {
      "epoch": 12,
      "train_loss": 0.0387023967018144,
      "train_acc": 0.9859154929577465,
      "val_loss": 1.028307103474314,
      "val_acc": 0.8235294117647058,
      "val_precision": 0.9230769230769231,
      "val_recall": 0.8571428571428571,
      "val_f1": 0.8888888888888888
    },
    {
      "epoch": 13,
      "train_loss": 0.02585656987503171,
      "train_acc": 0.9929577464788732,
      "val_loss": 1.005512973992154,
      "val_acc": 0.7058823529411765,
      "val_precision": 0.9090909090909091,
      "val_recall": 0.7142857142857143,
      "val_f1": 0.8
    },
    {
      "epoch": 14,
      "train_loss": 0.00856067065615207,
      "train_acc": 1.0,
      "val_loss": 1.077343693934381,
      "val_acc": 0.7647058823529411,
      "val_precision": 0.9166666666666666,
      "val_recall": 0.7857142857142857,
      "val_f1": 0.8461538461538461
    },
    {
      "epoch": 15,
      "train_loss": 0.0062320449311907096,
      "train_acc": 1.0,
      "val_loss": 1.0397634928425152,
      "val_acc": 0.8823529411764706,
      "val_precision": 0.9285714285714286,
      "val_recall": 0.9285714285714286,
      "val_f1": 0.9285714285714286
    },
    {
      "epoch": 16,
      "train_loss": 0.010986977670755651,
      "train_acc": 1.0,
      "val_loss": 1.1533838915638626,
      "val_acc": 0.7647058823529411,
      "val_precision": 0.9166666666666666,
      "val_recall": 0.7857142857142857,
      "val_f1": 0.8461538461538461
    },
    {
      "epoch": 17,
      "train_loss": 0.01888163974379293,
      "train_acc": 0.9929577464788732,
      "val_loss": 1.1253908642878134,
      "val_acc": 0.7647058823529411,
      "val_precision": 0.9166666666666666,
      "val_recall": 0.7857142857142857,
      "val_f1": 0.8461538461538461
    },
    {
      "epoch": 18,
      "train_loss": 0.016127803750957053,
      "train_acc": 1.0,
      "val_loss": 1.2286560190453504,
      "val_acc": 0.7058823529411765,
      "val_precision": 0.8461538461538461,
      "val_recall": 0.7857142857142857,
      "val_f1": 0.8148148148148148
    },
    {
      "epoch": 19,
      "train_loss": 0.03686839248985052,
      "train_acc": 0.9929577464788732,
      "val_loss": 1.2282782735613484,
      "val_acc": 0.7058823529411765,
      "val_precision": 0.9090909090909091,
      "val_recall": 0.7142857142857143,
      "val_f1": 0.8
    },
    {
      "epoch": 20,
      "train_loss": 0.004931018493759136,
      "train_acc": 1.0,
      "val_loss": 1.2073125921500225,
      "val_acc": 0.7058823529411765,
      "val_precision": 0.9090909090909091,
      "val_recall": 0.7142857142857143,
      "val_f1": 0.8
    }
  ],
  "model_path": "/home/tonyluo/amanda_temporal/comparison_runs/per_day_study_overlay/cnn_lstm/day_10_0/best_model.pth"
}