{
  "day": "Dy10",
  "day_no": 10,
  "split": "test",
  "accuracy": 0.6896551724137931,
  "f1": 0.7692307692307693,
  "roc_auc": 0.6607142857142857,
  "pr_auc": 0.8591411884619169,
  "val_accuracy_for_selection": 0.7931034482758621,
  "val_n": 29,
  "test_n": 29,
  "actual_good": 21,
  "predicted_good": 18,
  "batch_size_train": 16,
  "batch_size_valtest": 16,
  "backbone_key": "vit",
  "input_key": "overlay_path",
  "use_mask": true
}