{
  "day": "Dy10",
  "split": "val",
  "accuracy": 0.7931034482758621,
  "f1": 0.85,
  "roc_auc": 0.7333333333333334,
  "pr_auc": 0.8393034044351436,
  "n": 29,
  "batch_size": 16,
  "input_key": "overlay_path",
  "use_mask": true
}