{
  "day": "Dy30",
  "split": "val",
  "brier": 1.821804175961006e-06,
  "rmse": 0.001349742291495204,
  "acc@0.5": 1.0,
  "f1@0.5": 1.0,
  "corr": 0.9999977946281433,
  "roc_auc": 1.0,
  "pr_auc": 1.0,
  "chosen_threshold": 0.006,
  "threshold_method": "max_f1",
  "min_precision": null,
  "n": 27,
  "batch_size": 16
}