{
  "day": "Dy30",
  "day_no": 3000,
  "split": "test",
  "brier": 0.17830075323581696,
  "rmse": 0.422256737947464,
  "corr": 0.5140740871429443,
  "acc@0.5": 0.7407407407407407,
  "f1@0.5": 0.8205128205128205,
  "actual_good@0.5": 19,
  "predicted_good@0.5": 20,
  "acc@t*": 0.7777777777777778,
  "f1@t*": 0.8636363636363636,
  "bal_acc@t*": 0.625,
  "roc_auc": 0.9013157894736843,
  "pr_auc": 0.9621148143745397,
  "threshold_used": 0.006,
  "threshold_method": "max_f1",
  "min_precision": null,
  "val_brier_for_selection": 1.821804175961006e-06,
  "val_n": 27,
  "test_n": 27,
  "batch_size_train": 16,
  "batch_size_valtest": 16,
  "backbone_key": "efficientnet"
}