{
  "day": "Dy17",
  "split": "val",
  "accuracy": 0.7586206896551724,
  "f1": 0.851063829787234,
  "roc_auc": 0.5666666666666667,
  "pr_auc": 0.6855912631126321,
  "n": 29,
  "batch_size": 16,
  "input_key": "img_path",
  "use_mask": false
}