{
  "model_type": "per_day",
  "day": 20.5,
  "best_val_acc": 0.8888888955116272,
  "optimal_threshold": 0.77,
  "val_at_optimal": {
    "threshold": 0.77,
    "accuracy": 0.6666666666666666,
    "precision": 1.0,
    "recall": 0.5714285714285714,
    "f1": 0.7272727272727273,
    "TNR": 1.0,
    "TPR": 0.5714285714285714,
    "sensitivity": 0.5714285714285714,
    "specificity": 1.0,
    "balanced_acc": 0.7857142857142857,
    "TN": 4,
    "FP": 0,
    "FN": 6,
    "TP": 8,
    "confusion_matrix": [
      [
        4,
        0
      ],
      [
        6,
        8
      ]
    ]
  },
  "test_at_optimal": {
    "threshold": 0.77,
    "accuracy": 0.45454545454545453,
    "precision": 0.9230769230769231,
    "recall": 0.34285714285714286,
    "f1": 0.5,
    "TNR": 0.8888888888888888,
    "TPR": 0.34285714285714286,
    "sensitivity": 0.34285714285714286,
    "specificity": 0.8888888888888888,
    "balanced_acc": 0.6158730158730159,
    "TN": 8,
    "FP": 1,
    "FN": 23,
    "TP": 12,
    "confusion_matrix": [
      [
        8,
        1
      ],
      [
        23,
        12
      ]
    ]
  },
  "val_at_0.5": {
    "threshold": 0.5,
    "accuracy": 0.8333333333333334,
    "precision": 0.8666666666666667,
    "recall": 0.9285714285714286,
    "f1": 0.896551724137931,
    "TNR": 0.5,
    "TPR": 0.9285714285714286,
    "sensitivity": 0.9285714285714286,
    "specificity": 0.5,
    "balanced_acc": 0.7142857142857143,
    "TN": 2,
    "FP": 2,
    "FN": 1,
    "TP": 13,
    "confusion_matrix": [
      [
        2,
        2
      ],
      [
        1,
        13
      ]
    ]
  },
  "test_at_0.5": {
    "threshold": 0.5,
    "accuracy": 0.8863636363636364,
    "precision": 0.9166666666666666,
    "recall": 0.9428571428571428,
    "f1": 0.9295774647887324,
    "TNR": 0.6666666666666666,
    "TPR": 0.9428571428571428,
    "sensitivity": 0.9428571428571428,
    "specificity": 0.6666666666666666,
    "balanced_acc": 0.8047619047619048,
    "TN": 6,
    "FP": 3,
    "FN": 2,
    "TP": 33,
    "confusion_matrix": [
      [
        6,
        3
      ],
      [
        2,
        33
      ]
    ]
  },
  "threshold_results": [
    {
      "threshold": "fixed",
      "threshold_value": 0.5,
      "val": {
        "threshold": 0.5,
        "accuracy": 0.8333333333333334,
        "precision": 0.8666666666666667,
        "recall": 0.9285714285714286,
        "f1": 0.896551724137931,
        "TNR": 0.5,
        "TPR": 0.9285714285714286,
        "sensitivity": 0.9285714285714286,
        "specificity": 0.5,
        "balanced_acc": 0.7142857142857143,
        "TN": 2,
        "FP": 2,
        "FN": 1,
        "TP": 13,
        "confusion_matrix": [
          [
            2,
            2
          ],
          [
            1,
            13
          ]
        ]
      },
      "test": {
        "threshold": 0.5,
        "accuracy": 0.8863636363636364,
        "precision": 0.9166666666666666,
        "recall": 0.9428571428571428,
        "f1": 0.9295774647887324,
        "TNR": 0.6666666666666666,
        "TPR": 0.9428571428571428,
        "sensitivity": 0.9428571428571428,
        "specificity": 0.6666666666666666,
        "balanced_acc": 0.8047619047619048,
        "TN": 6,
        "FP": 3,
        "FN": 2,
        "TP": 33,
        "confusion_matrix": [
          [
            6,
            3
          ],
          [
            2,
            33
          ]
        ]
      }
    },
    {
      "threshold": "fixed",
      "threshold_value": 0.6,
      "val": {
        "threshold": 0.6,
        "accuracy": 0.8888888888888888,
        "precision": 0.9285714285714286,
        "recall": 0.9285714285714286,
        "f1": 0.9285714285714286,
        "TNR": 0.75,
        "TPR": 0.9285714285714286,
        "sensitivity": 0.9285714285714286,
        "specificity": 0.75,
        "balanced_acc": 0.8392857142857143,
        "TN": 3,
        "FP": 1,
        "FN": 1,
        "TP": 13,
        "confusion_matrix": [
          [
            3,
            1
          ],
          [
            1,
            13
          ]
        ]
      },
      "test": {
        "threshold": 0.6,
        "accuracy": 0.7272727272727273,
        "precision": 0.9259259259259259,
        "recall": 0.7142857142857143,
        "f1": 0.8064516129032258,
        "TNR": 0.7777777777777778,
        "TPR": 0.7142857142857143,
        "sensitivity": 0.7142857142857143,
        "specificity": 0.7777777777777778,
        "balanced_acc": 0.746031746031746,
        "TN": 7,
        "FP": 2,
        "FN": 10,
        "TP": 25,
        "confusion_matrix": [
          [
            7,
            2
          ],
          [
            10,
            25
          ]
        ]
      }
    },
    {
      "threshold": "fixed",
      "threshold_value": 0.7,
      "val": {
        "threshold": 0.7,
        "accuracy": 0.7777777777777778,
        "precision": 0.9166666666666666,
        "recall": 0.7857142857142857,
        "f1": 0.8461538461538461,
        "TNR": 0.75,
        "TPR": 0.7857142857142857,
        "sensitivity": 0.7857142857142857,
        "specificity": 0.75,
        "balanced_acc": 0.7678571428571428,
        "TN": 3,
        "FP": 1,
        "FN": 3,
        "TP": 11,
        "confusion_matrix": [
          [
            3,
            1
          ],
          [
            3,
            11
          ]
        ]
      },
      "test": {
        "threshold": 0.7,
        "accuracy": 0.5909090909090909,
        "precision": 0.9473684210526315,
        "recall": 0.5142857142857142,
        "f1": 0.6666666666666666,
        "TNR": 0.8888888888888888,
        "TPR": 0.5142857142857142,
        "sensitivity": 0.5142857142857142,
        "specificity": 0.8888888888888888,
        "balanced_acc": 0.7015873015873015,
        "TN": 8,
        "FP": 1,
        "FN": 17,
        "TP": 18,
        "confusion_matrix": [
          [
            8,
            1
          ],
          [
            17,
            18
          ]
        ]
      }
    },
    {
      "threshold": "fixed",
      "threshold_value": 0.8,
      "val": {
        "threshold": 0.8,
        "accuracy": 0.6111111111111112,
        "precision": 1.0,
        "recall": 0.5,
        "f1": 0.6666666666666666,
        "TNR": 1.0,
        "TPR": 0.5,
        "sensitivity": 0.5,
        "specificity": 1.0,
        "balanced_acc": 0.75,
        "TN": 4,
        "FP": 0,
        "FN": 7,
        "TP": 7,
        "confusion_matrix": [
          [
            4,
            0
          ],
          [
            7,
            7
          ]
        ]
      },
      "test": {
        "threshold": 0.8,
        "accuracy": 0.4090909090909091,
        "precision": 0.9090909090909091,
        "recall": 0.2857142857142857,
        "f1": 0.43478260869565216,
        "TNR": 0.8888888888888888,
        "TPR": 0.2857142857142857,
        "sensitivity": 0.2857142857142857,
        "specificity": 0.8888888888888888,
        "balanced_acc": 0.5873015873015872,
        "TN": 8,
        "FP": 1,
        "FN": 25,
        "TP": 10,
        "confusion_matrix": [
          [
            8,
            1
          ],
          [
            25,
            10
          ]
        ]
      }
    },
    {
      "threshold": "fixed",
      "threshold_value": 0.9,
      "val": {
        "threshold": 0.9,
        "accuracy": 0.3888888888888889,
        "precision": 1.0,
        "recall": 0.21428571428571427,
        "f1": 0.35294117647058826,
        "TNR": 1.0,
        "TPR": 0.21428571428571427,
        "sensitivity": 0.21428571428571427,
        "specificity": 1.0,
        "balanced_acc": 0.6071428571428571,
        "TN": 4,
        "FP": 0,
        "FN": 11,
        "TP": 3,
        "confusion_matrix": [
          [
            4,
            0
          ],
          [
            11,
            3
          ]
        ]
      },
      "test": {
        "threshold": 0.9,
        "accuracy": 0.25,
        "precision": 1.0,
        "recall": 0.05714285714285714,