{
  "day": "Dy15",
  "split": "val",
  "accuracy": 0.7931034482758621,
  "f1": 0.8636363636363636,
  "n": 29,
  "batch_size": 16
}