{
  "day": "Dy17",
  "day_no": 17,
  "split": "test",
  "accuracy": 0.8148148148148148,
  "f1": 0.8780487804878049,
  "roc_auc": 0.6842105263157895,
  "pr_auc": 0.7905170468189859,
  "val_accuracy_for_selection": 0.8518518518518519,
  "val_n": 27,
  "test_n": 27,
  "actual_good": 19,
  "predicted_good": 22,
  "batch_size_train": 16,
  "batch_size_valtest": 16,
  "backbone_key": "resnet"
}