{
  "day": "Dy17",
  "split": "val",
  "accuracy": 0.8518518518518519,
  "f1": 0.9047619047619048,
  "roc_auc": 0.8928571428571427,
  "pr_auc": 0.9673570438276322,
  "n": 27,
  "batch_size": 16
}