{
  "model_type": "per_day",
  "day": 28,
  "best_val_acc": 0.9444444179534912,
  "optimal_threshold": 0.49,
  "val_at_optimal": {
    "threshold": 0.49,
    "accuracy": 0.9444444444444444,
    "precision": 0.9333333333333333,
    "recall": 1.0,
    "f1": 0.9655172413793104,
    "TNR": 0.75,
    "TPR": 1.0,
    "sensitivity": 1.0,
    "specificity": 0.75,
    "balanced_acc": 0.875,
    "TN": 3,
    "FP": 1,
    "FN": 0,
    "TP": 14,
    "confusion_matrix": [
      [
        3,
        1
      ],
      [
        0,
        14
      ]
    ]
  },
  "test_at_optimal": {
    "threshold": 0.49,
    "accuracy": 0.8863636363636364,
    "precision": 0.875,
    "recall": 1.0,
    "f1": 0.9333333333333333,
    "TNR": 0.4444444444444444,
    "TPR": 1.0,
    "sensitivity": 1.0,
    "specificity": 0.4444444444444444,
    "balanced_acc": 0.7222222222222222,
    "TN": 4,
    "FP": 5,
    "FN": 0,
    "TP": 35,
    "confusion_matrix": [
      [
        4,
        5
      ],
      [
        0,
        35
      ]
    ]
  },
  "val_at_0.5": {
    "threshold": 0.5,
    "accuracy": 0.9444444444444444,
    "precision": 0.9333333333333333,
    "recall": 1.0,
    "f1": 0.9655172413793104,
    "TNR": 0.75,
    "TPR": 1.0,
    "sensitivity": 1.0,
    "specificity": 0.75,
    "balanced_acc": 0.875,
    "TN": 3,
    "FP": 1,
    "FN": 0,
    "TP": 14,
    "confusion_matrix": [
      [
        3,
        1
      ],
      [
        0,
        14
      ]
    ]
  },
  "test_at_0.5": {
    "threshold": 0.5,
    "accuracy": 0.8636363636363636,
    "precision": 0.8717948717948718,
    "recall": 0.9714285714285714,
    "f1": 0.918918918918919,
    "TNR": 0.4444444444444444,
    "TPR": 0.9714285714285714,
    "sensitivity": 0.9714285714285714,
    "specificity": 0.4444444444444444,
    "balanced_acc": 0.7079365079365079,
    "TN": 4,
    "FP": 5,
    "FN": 1,
    "TP": 34,
    "confusion_matrix": [
      [
        4,
        5
      ],
      [
        1,
        34
      ]
    ]
  },
  "threshold_results": [
    {
      "threshold": "fixed",
      "threshold_value": 0.5,
      "val": {
        "threshold": 0.5,
        "accuracy": 0.9444444444444444,
        "precision": 0.9333333333333333,
        "recall": 1.0,
        "f1": 0.9655172413793104,
        "TNR": 0.75,
        "TPR": 1.0,
        "sensitivity": 1.0,
        "specificity": 0.75,
        "balanced_acc": 0.875,
        "TN": 3,
        "FP": 1,
        "FN": 0,
        "TP": 14,
        "confusion_matrix": [
          [
            3,
            1
          ],
          [
            0,
            14
          ]
        ]
      },
      "test": {
        "threshold": 0.5,
        "accuracy": 0.8636363636363636,
        "precision": 0.8717948717948718,
        "recall": 0.9714285714285714,
        "f1": 0.918918918918919,
        "TNR": 0.4444444444444444,
        "TPR": 0.9714285714285714,
        "sensitivity": 0.9714285714285714,
        "specificity": 0.4444444444444444,
        "balanced_acc": 0.7079365079365079,
        "TN": 4,
        "FP": 5,
        "FN": 1,
        "TP": 34,
        "confusion_matrix": [
          [
            4,
            5
          ],
          [
            1,
            34
          ]
        ]
      }
    },
    {
      "threshold": "fixed",
      "threshold_value": 0.6,
      "val": {
        "threshold": 0.6,
        "accuracy": 0.2777777777777778,
        "precision": 1.0,
        "recall": 0.07142857142857142,
        "f1": 0.13333333333333333,
        "TNR": 1.0,
        "TPR": 0.07142857142857142,
        "sensitivity": 0.07142857142857142,
        "specificity": 1.0,
        "balanced_acc": 0.5357142857142857,
        "TN": 4,
        "FP": 0,
        "FN": 13,
        "TP": 1,
        "confusion_matrix": [
          [
            4,
            0
          ],
          [
            13,
            1
          ]
        ]
      },
      "test": {
        "threshold": 0.6,
        "accuracy": 0.2727272727272727,
        "precision": 0.7142857142857143,
        "recall": 0.14285714285714285,
        "f1": 0.23809523809523808,
        "TNR": 0.7777777777777778,
        "TPR": 0.14285714285714285,
        "sensitivity": 0.14285714285714285,
        "specificity": 0.7777777777777778,
        "balanced_acc": 0.46031746031746035,
        "TN": 7,
        "FP": 2,
        "FN": 30,
        "TP": 5,
        "confusion_matrix": [
          [
            7,
            2
          ],
          [
            30,
            5
          ]
        ]
      }
    },
    {
      "threshold": "fixed",
      "threshold_value": 0.7,
      "val": {
        "threshold": 0.7,
        "accuracy": 0.2222222222222222,
        "precision": 0.0,
        "recall": 0.0,
        "f1": 0.0,
        "TNR": 1.0,
        "TPR": 0.0,
        "sensitivity": 0.0,
        "specificity": 1.0,
        "balanced_acc": 0.5,
        "TN": 4,
        "FP": 0,
        "FN": 14,
        "TP": 0,
        "confusion_matrix": [
          [
            4,
            0
          ],
          [
            14,
            0
          ]
        ]
      },
      "test": {
        "threshold": 0.7,
        "accuracy": 0.20454545454545456,
        "precision": 0.0,
        "recall": 0.0,
        "f1": 0.0,
        "TNR": 1.0,
        "TPR": 0.0,
        "sensitivity": 0.0,
        "specificity": 1.0,
        "balanced_acc": 0.5,
        "TN": 9,
        "FP": 0,
        "FN": 35,
        "TP": 0,
        "confusion_matrix": [
          [
            9,
            0
          ],
          [
            35,
            0
          ]
        ]
      }
    },
    {
      "threshold": "fixed",
      "threshold_value": 0.8,
      "val": {
        "threshold": 0.8,
        "accuracy": 0.2222222222222222,
        "precision": 0.0,
        "recall": 0.0,
        "f1": 0.0,
        "TNR": 1.0,
        "TPR": 0.0,
        "sensitivity": 0.0,
        "specificity": 1.0,
        "balanced_acc": 0.5,
        "TN": 4,
        "FP": 0,
        "FN": 14,
        "TP": 0,
        "confusion_matrix": [
          [
            4,
            0
          ],
          [
            14,
            0
          ]
        ]
      },
      "test": {
        "threshold": 0.8,
        "accuracy": 0.20454545454545456,
        "precision": 0.0,
        "recall": 0.0,
        "f1": 0.0,
        "TNR": 1.0,
        "TPR": 0.0,
        "sensitivity": 0.0,
        "specificity": 1.0,
        "balanced_acc": 0.5,
        "TN": 9,
        "FP": 0,
        "FN": 35,
        "TP": 0,
        "confusion_matrix": [
          [
            9,
            0
          ],
          [
            35,
            0
          ]
        ]
      }
    },
    {
      "threshold": "fixed",
      "threshold_value": 0.9,
      "val": {
        "threshold": 0.9,
        "accuracy": 0.2222222222222222,
        "precision": 0.0,
        "recall": 0.0,
        "f1": 0.0,
        "TNR": 1.0,
        "TPR": 0.0,
        "sensitivity": 0.0,
        "specificity": 1.0,
        "balanced_acc": 0.5,
        "TN": 4,
        "FP": 0,
        "FN": 14,
        "TP": 0,
        "confusion_matrix": [
          [
            4,
            0
          ],
          [
            14,
            0
          ]
        ]
      },
      "test": {
        "threshold": 0.9,
        "accuracy": 0.20454545454545456,
        "precision": 0.0,
        "recall": 0.0,
        "f1": 0.0,
        "TNR": 1.0,
        "TPR": 0.0,
        "sensitivity": 0.0,
        "specificity": 1.0,
        "balanced_acc": 0.5,
        "TN": 9,
        "FP": 0,
        "FN": 35,
        "TP": 0,
        "confusion_matrix": [
          [
            9,
            0
          ],
          [
            35,
            0
          ]
        ]
      }
    },
    {
      "threshold": "optimal",
      "threshold_value": 0.49,
      "val": {
        "threshold": 0.49,
        "accuracy": 0.9444444444444444,
        "precision": 0.9333333333333333,
        "recall": 1.0,
        "f1": 0.9655172413793104,
        "TNR": 0.75,