{
  "day": "Dy13",
  "split": "val",
  "accuracy": 0.6896551724137931,
  "f1": 0.8163265306122449,
  "roc_auc": 0.55,
  "pr_auc": 0.810661715882599,
  "n": 29,
  "batch_size": 16,
  "input_key": "img_path",
  "use_mask": true
}