{
  "day": "Dy24",
  "split": "val",
  "accuracy": 0.9310344827586207,
  "f1": 0.95,
  "roc_auc": 0.961111111111111,
  "pr_auc": 0.9803101810899801,
  "n": 29,
  "batch_size": 16,
  "input_key": "img_path",
  "use_mask": false
}