{
  "day": "Dy15",
  "split": "val",
  "accuracy": 0.9259259259259259,
  "f1": 0.95,
  "roc_auc": 0.8928571428571428,
  "pr_auc": 0.9532280965078954,
  "n": 27,
  "batch_size": 16
}