{
  "day": "Dy15",
  "day_no": 15,
  "split": "test",
  "accuracy": 0.7037037037037037,
  "f1": 0.8,
  "roc_auc": 0.8223684210526316,
  "pr_auc": 0.9326031554503189,
  "val_accuracy_for_selection": 0.9259259259259259,
  "val_n": 27,
  "test_n": 27,
  "actual_good": 19,
  "predicted_good": 21,
  "batch_size_train": 16,
  "batch_size_valtest": 16,
  "backbone_key": "resnet"
}