{
  "day": "Dy28",
  "split": "val",
  "accuracy": 0.9259259259259259,
  "f1": 0.9523809523809523,
  "n": 27,
  "batch_size": 16
}