{
  "n_components": 12,
  "explained_variance_ratio": [
    0.15970225632190704,
    0.0842347964644432,
    0.056343261152505875,
    0.051956675946712494,
    0.04007035121321678,
    0.0342518612742424,
    0.02951675094664097,
    0.025222165510058403,
    0.02133970893919468,
    0.02013096772134304,
    0.0182818491011858,
    0.015211713500320911
  ],
  "total_explained_variance": 0.5562623739242554
}