{
  "model_type": "effnet_ts",
  "day": 8,
  "best_val_acc": 0.8235294222831726,
  "optimal_threshold": 0.67,
  "val_at_optimal": {
    "threshold": 0.67,
    "accuracy": 0.5882352941176471,
    "precision": 0.8888888888888888,
    "recall": 0.5714285714285714,
    "f1": 0.6956521739130435,
    "TNR": 0.6666666666666666,
    "TPR": 0.5714285714285714,
    "sensitivity": 0.5714285714285714,
    "specificity": 0.6666666666666666,
    "balanced_acc": 0.6190476190476191,
    "TN": 2,
    "FP": 1,
    "FN": 6,
    "TP": 8,
    "confusion_matrix": [
      [
        2,
        1
      ],
      [
        6,
        8
      ]
    ]
  },
  "test_at_optimal": {
    "threshold": 0.67,
    "accuracy": 0.4473684210526316,
    "precision": 0.9230769230769231,
    "recall": 0.375,
    "f1": 0.5333333333333333,
    "TNR": 0.8333333333333334,
    "TPR": 0.375,
    "sensitivity": 0.375,
    "specificity": 0.8333333333333334,
    "balanced_acc": 0.6041666666666667,
    "TN": 5,
    "FP": 1,
    "FN": 20,
    "TP": 12,
    "confusion_matrix": [
      [
        5,
        1
      ],
      [
        20,
        12
      ]
    ]
  },
  "val_at_0.5": {
    "threshold": 0.5,
    "accuracy": 0.8235294117647058,
    "precision": 0.8235294117647058,
    "recall": 1.0,
    "f1": 0.9032258064516129,
    "TNR": 0.0,
    "TPR": 1.0,
    "sensitivity": 1.0,
    "specificity": 0.0,
    "balanced_acc": 0.5,
    "TN": 0,
    "FP": 3,
    "FN": 0,
    "TP": 14,
    "confusion_matrix": [
      [
        0,
        3
      ],
      [
        0,
        14
      ]
    ]
  },
  "test_at_0.5": {
    "threshold": 0.5,
    "accuracy": 0.8421052631578947,
    "precision": 0.8421052631578947,
    "recall": 1.0,
    "f1": 0.9142857142857143,
    "TNR": 0.0,
    "TPR": 1.0,
    "sensitivity": 1.0,
    "specificity": 0.0,
    "balanced_acc": 0.5,
    "TN": 0,
    "FP": 6,
    "FN": 0,
    "TP": 32,
    "confusion_matrix": [
      [
        0,
        6
      ],
      [
        0,
        32
      ]
    ]
  },
  "threshold_results": [
    {
      "threshold": "fixed",
      "threshold_value": 0.5,
      "val": {
        "threshold": 0.5,
        "accuracy": 0.8235294117647058,
        "precision": 0.8235294117647058,
        "recall": 1.0,
        "f1": 0.9032258064516129,
        "TNR": 0.0,
        "TPR": 1.0,
        "sensitivity": 1.0,
        "specificity": 0.0,
        "balanced_acc": 0.5,
        "TN": 0,
        "FP": 3,
        "FN": 0,
        "TP": 14,
        "confusion_matrix": [
          [
            0,
            3
          ],
          [
            0,
            14
          ]
        ]
      },
      "test": {
        "threshold": 0.5,
        "accuracy": 0.8421052631578947,
        "precision": 0.8421052631578947,
        "recall": 1.0,
        "f1": 0.9142857142857143,
        "TNR": 0.0,
        "TPR": 1.0,
        "sensitivity": 1.0,
        "specificity": 0.0,
        "balanced_acc": 0.5,
        "TN": 0,
        "FP": 6,
        "FN": 0,
        "TP": 32,
        "confusion_matrix": [
          [
            0,
            6
          ],
          [
            0,
            32
          ]
        ]
      }
    },
    {
      "threshold": "fixed",
      "threshold_value": 0.6,
      "val": {
        "threshold": 0.6,
        "accuracy": 0.8235294117647058,
        "precision": 0.8235294117647058,
        "recall": 1.0,
        "f1": 0.9032258064516129,
        "TNR": 0.0,
        "TPR": 1.0,
        "sensitivity": 1.0,
        "specificity": 0.0,
        "balanced_acc": 0.5,
        "TN": 0,
        "FP": 3,
        "FN": 0,
        "TP": 14,
        "confusion_matrix": [
          [
            0,
            3
          ],
          [
            0,
            14
          ]
        ]
      },
      "test": {
        "threshold": 0.6,
        "accuracy": 0.8421052631578947,
        "precision": 0.8421052631578947,
        "recall": 1.0,
        "f1": 0.9142857142857143,
        "TNR": 0.0,
        "TPR": 1.0,
        "sensitivity": 1.0,
        "specificity": 0.0,
        "balanced_acc": 0.5,
        "TN": 0,
        "FP": 6,
        "FN": 0,
        "TP": 32,
        "confusion_matrix": [
          [
            0,
            6
          ],
          [
            0,
            32
          ]
        ]
      }
    },
    {
      "threshold": "fixed",
      "threshold_value": 0.7,
      "val": {
        "threshold": 0.7,
        "accuracy": 0.29411764705882354,
        "precision": 0.75,
        "recall": 0.21428571428571427,
        "f1": 0.3333333333333333,
        "TNR": 0.6666666666666666,
        "TPR": 0.21428571428571427,
        "sensitivity": 0.21428571428571427,
        "specificity": 0.6666666666666666,
        "balanced_acc": 0.44047619047619047,
        "TN": 2,
        "FP": 1,
        "FN": 11,
        "TP": 3,
        "confusion_matrix": [
          [
            2,
            1
          ],
          [
            11,
            3
          ]
        ]
      },
      "test": {
        "threshold": 0.7,
        "accuracy": 0.21052631578947367,
        "precision": 1.0,
        "recall": 0.0625,
        "f1": 0.11764705882352941,
        "TNR": 1.0,
        "TPR": 0.0625,
        "sensitivity": 0.0625,
        "specificity": 1.0,
        "balanced_acc": 0.53125,
        "TN": 6,
        "FP": 0,
        "FN": 30,
        "TP": 2,
        "confusion_matrix": [
          [
            6,
            0
          ],
          [
            30,
            2
          ]
        ]
      }
    },
    {
      "threshold": "fixed",
      "threshold_value": 0.8,
      "val": {
        "threshold": 0.8,
        "accuracy": 0.17647058823529413,
        "precision": 0.0,
        "recall": 0.0,
        "f1": 0.0,
        "TNR": 1.0,
        "TPR": 0.0,
        "sensitivity": 0.0,
        "specificity": 1.0,
        "balanced_acc": 0.5,
        "TN": 3,
        "FP": 0,
        "FN": 14,
        "TP": 0,
        "confusion_matrix": [
          [
            3,
            0
          ],
          [
            14,
            0
          ]
        ]
      },
      "test": {
        "threshold": 0.8,
        "accuracy": 0.15789473684210525,
        "precision": 0.0,
        "recall": 0.0,
        "f1": 0.0,
        "TNR": 1.0,
        "TPR": 0.0,
        "sensitivity": 0.0,
        "specificity": 1.0,
        "balanced_acc": 0.5,
        "TN": 6,
        "FP": 0,
        "FN": 32,
        "TP": 0,
        "confusion_matrix": [
          [
            6,
            0
          ],
          [
            32,
            0
          ]
        ]
      }
    },
    {
      "threshold": "fixed",
      "threshold_value": 0.9,
      "val": {
        "threshold": 0.9,
        "accuracy": 0.17647058823529413,
        "precision": 0.0,
        "recall": 0.0,
        "f1": 0.0,
        "TNR": 1.0,
        "TPR": 0.0,
        "sensitivity": 0.0,
        "specificity": 1.0,
        "balanced_acc": 0.5,
        "TN": 3,
        "FP": 0,
        "FN": 14,
        "TP": 0,
        "confusion_matrix": [
          [
            3,
            0
          ],
          [
            14,
            0
          ]
        ]
      },
      "test": {
        "threshold": 0.9,
        "accuracy": 0.15789473684210525,
        "precision": 0.0,
        "recall": 0.0,
        "f1": 0.0,
        "TNR": 1.0,
        "TPR": 0.0,
        "sensitivity": 0.0,
        "specificity": 1.0,
        "balanced_acc": 0.5,
        "TN": 6,
        "FP": 0,
        "FN": 32,
        "TP": 0,
        "confusion_matrix": [
          [
            6,
            0
          ],
          [
            32,
            0
          ]
        ]
      }
    },
    {
      "threshold": "optimal",
      "threshold_value": 0.67,
      "val": {
        "threshold": 0.67,
        "accuracy": 0.5882352941176471,
        "precision": 0.8888888888888888,
        "recall": 0.5714285714285714,
        "f1": 0.6956521739130435,
        "TNR": 0.6666666666666666,
        "TPR": 0.5714285714285714,