{
  "day": "Dy15",
  "day_no": 15,
  "split": "test",
  "accuracy": 0.6206896551724138,
  "f1": 0.7317073170731707,
  "roc_auc": 0.5416666666666666,
  "pr_auc": 0.8041452475604995,
  "val_accuracy_for_selection": 0.7241379310344828,
  "val_n": 29,
  "test_n": 29,
  "actual_good": 21,
  "predicted_good": 20,
  "batch_size_train": 16,
  "batch_size_valtest": 16,
  "backbone_key": "vit",
  "input_key": "overlay_path",
  "use_mask": true
}