{
  "day": "Dy8",
  "day_no": 8,
  "split": "test",
  "accuracy": 0.6551724137931034,
  "f1": 0.7222222222222222,
  "roc_auc": 0.6904761904761904,
  "pr_auc": 0.8869986517948465,
  "val_accuracy_for_selection": 0.7586206896551724,
  "val_n": 29,
  "test_n": 29,
  "actual_good": 21,
  "predicted_good": 15,
  "batch_size_train": 16,
  "batch_size_valtest": 16,
  "backbone_key": "resnet",
  "input_key": "img_path",
  "use_mask": false
}