{
  "day": "Dy13",
  "split": "val",
  "accuracy": 0.8518518518518519,
  "f1": 0.9,
  "roc_auc": 0.7071428571428571,
  "pr_auc": 0.8452987856083832,
  "n": 27,
  "batch_size": 16
}