{
  "day": "Dy13",
  "day_no": 13,
  "split": "test",
  "accuracy": 0.6666666666666666,
  "f1": 0.7906976744186046,
  "roc_auc": 0.5394736842105263,
  "pr_auc": 0.7988865153507096,
  "val_accuracy_for_selection": 0.8518518518518519,
  "val_n": 27,
  "test_n": 27,
  "actual_good": 19,
  "predicted_good": 24,
  "batch_size_train": 16,
  "batch_size_valtest": 16,
  "backbone_key": "resnet"
}