{
  "day": "Dy6",
  "split": "val",
  "accuracy": 0.7931034482758621,
  "f1": 0.8571428571428571,
  "roc_auc": 0.75,
  "pr_auc": 0.8872015136788411,
  "n": 29,
  "batch_size": 16,
  "input_key": "img_path",
  "use_mask": true
}