{
  "day": "Dy10",
  "day_no": 10,
  "split": "test",
  "accuracy": 0.4482758620689655,
  "f1": 0.5555555555555556,
  "roc_auc": 0.5059523809523809,
  "pr_auc": 0.775111427393328,
  "val_accuracy_for_selection": 0.7586206896551724,
  "val_n": 29,
  "test_n": 29,
  "actual_good": 21,
  "predicted_good": 15,
  "batch_size_train": 16,
  "batch_size_valtest": 16,
  "backbone_key": "vit",
  "input_key": "img_path",
  "use_mask": true
}