{
  "day": "Dy10",
  "split": "val",
  "accuracy": 0.7586206896551724,
  "f1": 0.8205128205128205,
  "roc_auc": 0.7111111111111112,
  "pr_auc": 0.8473046882820159,
  "n": 29,
  "batch_size": 16,
  "input_key": "img_path",
  "use_mask": true
}