{
  "model_type": "per_day",
  "day": 20.5,
  "best_val_acc": 0.7777777910232544,
  "optimal_threshold": 0.55,
  "val_at_optimal": {
    "threshold": 0.55,
    "accuracy": 0.7777777777777778,
    "precision": 0.8571428571428571,
    "recall": 0.8571428571428571,
    "f1": 0.8571428571428571,
    "TNR": 0.5,
    "TPR": 0.8571428571428571,
    "sensitivity": 0.8571428571428571,
    "specificity": 0.5,
    "balanced_acc": 0.6785714285714286,
    "TN": 2,
    "FP": 2,
    "FN": 2,
    "TP": 12,
    "confusion_matrix": [
      [
        2,
        2
      ],
      [
        2,
        12
      ]
    ]
  },
  "test_at_optimal": {
    "threshold": 0.55,
    "accuracy": 0.8181818181818182,
    "precision": 0.8292682926829268,
    "recall": 0.9714285714285714,
    "f1": 0.8947368421052632,
    "TNR": 0.2222222222222222,
    "TPR": 0.9714285714285714,
    "sensitivity": 0.9714285714285714,
    "specificity": 0.2222222222222222,
    "balanced_acc": 0.5968253968253968,
    "TN": 2,
    "FP": 7,
    "FN": 1,
    "TP": 34,
    "confusion_matrix": [
      [
        2,
        7
      ],
      [
        1,
        34
      ]
    ]
  },
  "val_at_0.5": {
    "threshold": 0.5,
    "accuracy": 0.7777777777777778,
    "precision": 0.7777777777777778,
    "recall": 1.0,
    "f1": 0.875,
    "TNR": 0.0,
    "TPR": 1.0,
    "sensitivity": 1.0,
    "specificity": 0.0,
    "balanced_acc": 0.5,
    "TN": 0,
    "FP": 4,
    "FN": 0,
    "TP": 14,
    "confusion_matrix": [
      [
        0,
        4
      ],
      [
        0,
        14
      ]
    ]
  },
  "test_at_0.5": {
    "threshold": 0.5,
    "accuracy": 0.7954545454545454,
    "precision": 0.7954545454545454,
    "recall": 1.0,
    "f1": 0.8860759493670886,
    "TNR": 0.0,
    "TPR": 1.0,
    "sensitivity": 1.0,
    "specificity": 0.0,
    "balanced_acc": 0.5,
    "TN": 0,
    "FP": 9,
    "FN": 0,
    "TP": 35,
    "confusion_matrix": [
      [
        0,
        9
      ],
      [
        0,
        35
      ]
    ]
  },
  "threshold_results": [
    {
      "threshold": "fixed",
      "threshold_value": 0.5,
      "val": {
        "threshold": 0.5,
        "accuracy": 0.7777777777777778,
        "precision": 0.7777777777777778,
        "recall": 1.0,
        "f1": 0.875,
        "TNR": 0.0,
        "TPR": 1.0,
        "sensitivity": 1.0,
        "specificity": 0.0,
        "balanced_acc": 0.5,
        "TN": 0,
        "FP": 4,
        "FN": 0,
        "TP": 14,
        "confusion_matrix": [
          [
            0,
            4
          ],
          [
            0,
            14
          ]
        ]
      },
      "test": {
        "threshold": 0.5,
        "accuracy": 0.7954545454545454,
        "precision": 0.7954545454545454,
        "recall": 1.0,
        "f1": 0.8860759493670886,
        "TNR": 0.0,
        "TPR": 1.0,
        "sensitivity": 1.0,
        "specificity": 0.0,
        "balanced_acc": 0.5,
        "TN": 0,
        "FP": 9,
        "FN": 0,
        "TP": 35,
        "confusion_matrix": [
          [
            0,
            9
          ],
          [
            0,
            35
          ]
        ]
      }
    },
    {
      "threshold": "fixed",
      "threshold_value": 0.6,
      "val": {
        "threshold": 0.6,
        "accuracy": 0.2222222222222222,
        "precision": 0.5,
        "recall": 0.07142857142857142,
        "f1": 0.125,
        "TNR": 0.75,
        "TPR": 0.07142857142857142,
        "sensitivity": 0.07142857142857142,
        "specificity": 0.75,
        "balanced_acc": 0.4107142857142857,
        "TN": 3,
        "FP": 1,
        "FN": 13,
        "TP": 1,
        "confusion_matrix": [
          [
            3,
            1
          ],
          [
            13,
            1
          ]
        ]
      },
      "test": {
        "threshold": 0.6,
        "accuracy": 0.4090909090909091,
        "precision": 0.8461538461538461,
        "recall": 0.3142857142857143,
        "f1": 0.4583333333333333,
        "TNR": 0.7777777777777778,
        "TPR": 0.3142857142857143,
        "sensitivity": 0.3142857142857143,
        "specificity": 0.7777777777777778,
        "balanced_acc": 0.5460317460317461,
        "TN": 7,
        "FP": 2,
        "FN": 24,
        "TP": 11,
        "confusion_matrix": [
          [
            7,
            2
          ],
          [
            24,
            11
          ]
        ]
      }
    },
    {
      "threshold": "fixed",
      "threshold_value": 0.7,
      "val": {
        "threshold": 0.7,
        "accuracy": 0.2222222222222222,
        "precision": 0.0,
        "recall": 0.0,
        "f1": 0.0,
        "TNR": 1.0,
        "TPR": 0.0,
        "sensitivity": 0.0,
        "specificity": 1.0,
        "balanced_acc": 0.5,
        "TN": 4,
        "FP": 0,
        "FN": 14,
        "TP": 0,
        "confusion_matrix": [
          [
            4,
            0
          ],
          [
            14,
            0
          ]
        ]
      },
      "test": {
        "threshold": 0.7,
        "accuracy": 0.20454545454545456,
        "precision": 0.0,
        "recall": 0.0,
        "f1": 0.0,
        "TNR": 1.0,
        "TPR": 0.0,
        "sensitivity": 0.0,
        "specificity": 1.0,
        "balanced_acc": 0.5,
        "TN": 9,
        "FP": 0,
        "FN": 35,
        "TP": 0,
        "confusion_matrix": [
          [
            9,
            0
          ],
          [
            35,
            0
          ]
        ]
      }
    },
    {
      "threshold": "fixed",
      "threshold_value": 0.8,
      "val": {
        "threshold": 0.8,
        "accuracy": 0.2222222222222222,
        "precision": 0.0,
        "recall": 0.0,
        "f1": 0.0,
        "TNR": 1.0,
        "TPR": 0.0,
        "sensitivity": 0.0,
        "specificity": 1.0,
        "balanced_acc": 0.5,
        "TN": 4,
        "FP": 0,
        "FN": 14,
        "TP": 0,
        "confusion_matrix": [
          [
            4,
            0
          ],
          [
            14,
            0
          ]
        ]
      },
      "test": {
        "threshold": 0.8,
        "accuracy": 0.20454545454545456,
        "precision": 0.0,
        "recall": 0.0,
        "f1": 0.0,
        "TNR": 1.0,
        "TPR": 0.0,
        "sensitivity": 0.0,
        "specificity": 1.0,
        "balanced_acc": 0.5,
        "TN": 9,
        "FP": 0,
        "FN": 35,
        "TP": 0,
        "confusion_matrix": [
          [
            9,
            0
          ],
          [
            35,
            0
          ]
        ]
      }
    },
    {
      "threshold": "fixed",
      "threshold_value": 0.9,
      "val": {
        "threshold": 0.9,
        "accuracy": 0.2222222222222222,
        "precision": 0.0,
        "recall": 0.0,
        "f1": 0.0,
        "TNR": 1.0,
        "TPR": 0.0,
        "sensitivity": 0.0,
        "specificity": 1.0,
        "balanced_acc": 0.5,
        "TN": 4,
        "FP": 0,
        "FN": 14,
        "TP": 0,
        "confusion_matrix": [
          [
            4,
            0
          ],
          [
            14,
            0
          ]
        ]
      },
      "test": {
        "threshold": 0.9,
        "accuracy": 0.20454545454545456,
        "precision": 0.0,
        "recall": 0.0,
        "f1": 0.0,
        "TNR": 1.0,
        "TPR": 0.0,
        "sensitivity": 0.0,
        "specificity": 1.0,
        "balanced_acc": 0.5,
        "TN": 9,
        "FP": 0,
        "FN": 35,
        "TP": 0,
        "confusion_matrix": [
          [
            9,
            0
          ],
          [
            35,
            0
          ]
        ]
      }
    },
    {
      "threshold": "optimal",
      "threshold_value": 0.55,
      "val": {
        "threshold": 0.55,
        "accuracy": 0.7777777777777778,
        "precision": 0.8571428571428571,
        "recall": 0.8571428571428571,
        "f1": 0.8571428571428571,
        "TNR": 0.5,
        "TPR": 0.8571428571428571,
        "sensitivity": 0.8571428571428571,
        "specificity": 0.5,