{
  "day": "Dy13",
  "day_no": 13,
  "split": "test",
  "accuracy": 0.6551724137931034,
  "f1": 0.7058823529411765,
  "roc_auc": 0.7380952380952381,
  "pr_auc": 0.898664597199262,
  "val_accuracy_for_selection": 0.4827586206896552,
  "val_n": 29,
  "test_n": 29,
  "actual_good": 21,
  "predicted_good": 13,
  "batch_size_train": 16,
  "batch_size_valtest": 16,
  "backbone_key": "cnn",
  "input_key": "overlay_path",
  "use_mask": true
}