{
  "model_type": "effnet_ts",
  "day": 6,
  "best_val_acc": 0.8235294222831726,
  "optimal_threshold": 0.61,
  "val_at_optimal": {
    "threshold": 0.61,
    "accuracy": 0.4117647058823529,
    "precision": 1.0,
    "recall": 0.2857142857142857,
    "f1": 0.4444444444444444,
    "TNR": 1.0,
    "TPR": 0.2857142857142857,
    "sensitivity": 0.2857142857142857,
    "specificity": 1.0,
    "balanced_acc": 0.6428571428571428,
    "TN": 3,
    "FP": 0,
    "FN": 10,
    "TP": 4,
    "confusion_matrix": [
      [
        3,
        0
      ],
      [
        10,
        4
      ]
    ]
  },
  "test_at_optimal": {
    "threshold": 0.61,
    "accuracy": 0.2894736842105263,
    "precision": 1.0,
    "recall": 0.15625,
    "f1": 0.2702702702702703,
    "TNR": 1.0,
    "TPR": 0.15625,
    "sensitivity": 0.15625,
    "specificity": 1.0,
    "balanced_acc": 0.578125,
    "TN": 6,
    "FP": 0,
    "FN": 27,
    "TP": 5,
    "confusion_matrix": [
      [
        6,
        0
      ],
      [
        27,
        5
      ]
    ]
  },
  "val_at_0.5": {
    "threshold": 0.5,
    "accuracy": 0.8235294117647058,
    "precision": 0.8235294117647058,
    "recall": 1.0,
    "f1": 0.9032258064516129,
    "TNR": 0.0,
    "TPR": 1.0,
    "sensitivity": 1.0,
    "specificity": 0.0,
    "balanced_acc": 0.5,
    "TN": 0,
    "FP": 3,
    "FN": 0,
    "TP": 14,
    "confusion_matrix": [
      [
        0,
        3
      ],
      [
        0,
        14
      ]
    ]
  },
  "test_at_0.5": {
    "threshold": 0.5,
    "accuracy": 0.8421052631578947,
    "precision": 0.8421052631578947,
    "recall": 1.0,
    "f1": 0.9142857142857143,
    "TNR": 0.0,
    "TPR": 1.0,
    "sensitivity": 1.0,
    "specificity": 0.0,
    "balanced_acc": 0.5,
    "TN": 0,
    "FP": 6,
    "FN": 0,
    "TP": 32,
    "confusion_matrix": [
      [
        0,
        6
      ],
      [
        0,
        32
      ]
    ]
  },
  "threshold_results": [
    {
      "threshold": "fixed",
      "threshold_value": 0.5,
      "val": {
        "threshold": 0.5,
        "accuracy": 0.8235294117647058,
        "precision": 0.8235294117647058,
        "recall": 1.0,
        "f1": 0.9032258064516129,
        "TNR": 0.0,
        "TPR": 1.0,
        "sensitivity": 1.0,
        "specificity": 0.0,
        "balanced_acc": 0.5,
        "TN": 0,
        "FP": 3,
        "FN": 0,
        "TP": 14,
        "confusion_matrix": [
          [
            0,
            3
          ],
          [
            0,
            14
          ]
        ]
      },
      "test": {
        "threshold": 0.5,
        "accuracy": 0.8421052631578947,
        "precision": 0.8421052631578947,
        "recall": 1.0,
        "f1": 0.9142857142857143,
        "TNR": 0.0,
        "TPR": 1.0,
        "sensitivity": 1.0,
        "specificity": 0.0,
        "balanced_acc": 0.5,
        "TN": 0,
        "FP": 6,
        "FN": 0,
        "TP": 32,
        "confusion_matrix": [
          [
            0,
            6
          ],
          [
            0,
            32
          ]
        ]
      }
    },
    {
      "threshold": "fixed",
      "threshold_value": 0.6,
      "val": {
        "threshold": 0.6,
        "accuracy": 0.47058823529411764,
        "precision": 0.8571428571428571,
        "recall": 0.42857142857142855,
        "f1": 0.5714285714285714,
        "TNR": 0.6666666666666666,
        "TPR": 0.42857142857142855,
        "sensitivity": 0.42857142857142855,
        "specificity": 0.6666666666666666,
        "balanced_acc": 0.5476190476190476,
        "TN": 2,
        "FP": 1,
        "FN": 8,
        "TP": 6,
        "confusion_matrix": [
          [
            2,
            1
          ],
          [
            8,
            6
          ]
        ]
      },
      "test": {
        "threshold": 0.6,
        "accuracy": 0.42105263157894735,
        "precision": 1.0,
        "recall": 0.3125,
        "f1": 0.47619047619047616,
        "TNR": 1.0,
        "TPR": 0.3125,
        "sensitivity": 0.3125,
        "specificity": 1.0,
        "balanced_acc": 0.65625,
        "TN": 6,
        "FP": 0,
        "FN": 22,
        "TP": 10,
        "confusion_matrix": [
          [
            6,
            0
          ],
          [
            22,
            10
          ]
        ]
      }
    },
    {
      "threshold": "fixed",
      "threshold_value": 0.7,
      "val": {
        "threshold": 0.7,
        "accuracy": 0.17647058823529413,
        "precision": 0.0,
        "recall": 0.0,
        "f1": 0.0,
        "TNR": 1.0,
        "TPR": 0.0,
        "sensitivity": 0.0,
        "specificity": 1.0,
        "balanced_acc": 0.5,
        "TN": 3,
        "FP": 0,
        "FN": 14,
        "TP": 0,
        "confusion_matrix": [
          [
            3,
            0
          ],
          [
            14,
            0
          ]
        ]
      },
      "test": {
        "threshold": 0.7,
        "accuracy": 0.15789473684210525,
        "precision": 0.0,
        "recall": 0.0,
        "f1": 0.0,
        "TNR": 1.0,
        "TPR": 0.0,
        "sensitivity": 0.0,
        "specificity": 1.0,
        "balanced_acc": 0.5,
        "TN": 6,
        "FP": 0,
        "FN": 32,
        "TP": 0,
        "confusion_matrix": [
          [
            6,
            0
          ],
          [
            32,
            0
          ]
        ]
      }
    },
    {
      "threshold": "fixed",
      "threshold_value": 0.8,
      "val": {
        "threshold": 0.8,
        "accuracy": 0.17647058823529413,
        "precision": 0.0,
        "recall": 0.0,
        "f1": 0.0,
        "TNR": 1.0,
        "TPR": 0.0,
        "sensitivity": 0.0,
        "specificity": 1.0,
        "balanced_acc": 0.5,
        "TN": 3,
        "FP": 0,
        "FN": 14,
        "TP": 0,
        "confusion_matrix": [
          [
            3,
            0
          ],
          [
            14,
            0
          ]
        ]
      },
      "test": {
        "threshold": 0.8,
        "accuracy": 0.15789473684210525,
        "precision": 0.0,
        "recall": 0.0,
        "f1": 0.0,
        "TNR": 1.0,
        "TPR": 0.0,
        "sensitivity": 0.0,
        "specificity": 1.0,
        "balanced_acc": 0.5,
        "TN": 6,
        "FP": 0,
        "FN": 32,
        "TP": 0,
        "confusion_matrix": [
          [
            6,
            0
          ],
          [
            32,
            0
          ]
        ]
      }
    },
    {
      "threshold": "fixed",
      "threshold_value": 0.9,
      "val": {
        "threshold": 0.9,
        "accuracy": 0.17647058823529413,
        "precision": 0.0,
        "recall": 0.0,
        "f1": 0.0,
        "TNR": 1.0,
        "TPR": 0.0,
        "sensitivity": 0.0,
        "specificity": 1.0,
        "balanced_acc": 0.5,
        "TN": 3,
        "FP": 0,
        "FN": 14,
        "TP": 0,
        "confusion_matrix": [
          [
            3,
            0
          ],
          [
            14,
            0
          ]
        ]
      },
      "test": {
        "threshold": 0.9,
        "accuracy": 0.15789473684210525,
        "precision": 0.0,
        "recall": 0.0,
        "f1": 0.0,
        "TNR": 1.0,
        "TPR": 0.0,
        "sensitivity": 0.0,
        "specificity": 1.0,
        "balanced_acc": 0.5,
        "TN": 6,
        "FP": 0,
        "FN": 32,
        "TP": 0,
        "confusion_matrix": [
          [
            6,
            0
          ],
          [
            32,
            0
          ]
        ]
      }
    },
    {
      "threshold": "optimal",
      "threshold_value": 0.61,
      "val": {
        "threshold": 0.61,
        "accuracy": 0.4117647058823529,
        "precision": 1.0,
        "recall": 0.2857142857142857,
        "f1": 0.4444444444444444,
        "TNR": 1.0,
        "TPR": 0.2857142857142857,
        "sensitivity": 0.2857142857142857,
        "specificity": 1.0,
        "balanced_acc": 0.6428571428571428,
        "TN": 3,
        "FP": 0,
        "FN": 10,
        "TP": 4,