{
  "day": "Dy8",
  "split": "val",
  "accuracy": 0.6896551724137931,
  "f1": 0.8163265306122449,
  "roc_auc": 0.5722222222222222,
  "pr_auc": 0.7692570920948313,
  "n": 29,
  "batch_size": 16,
  "input_key": "img_path",
  "use_mask": true
}