{
  "day": "Dy3",
  "split": "val",
  "accuracy": 0.7931034482758621,
  "f1": 0.8636363636363636,
  "roc_auc": 0.6777777777777778,
  "pr_auc": 0.8258477850070851,
  "n": 29,
  "batch_size": 16,
  "input_key": "img_path",
  "use_mask": true
}