{
  "model_type": "per_day",
  "day": 28,
  "best_val_acc": 0.8888888955116272,
  "optimal_threshold": 0.5700000000000001,
  "val_at_optimal": {
    "threshold": 0.5700000000000001,
    "accuracy": 0.5555555555555556,
    "precision": 1.0,
    "recall": 0.42857142857142855,
    "f1": 0.6,
    "TNR": 1.0,
    "TPR": 0.42857142857142855,
    "sensitivity": 0.42857142857142855,
    "specificity": 1.0,
    "balanced_acc": 0.7142857142857143,
    "TN": 4,
    "FP": 0,
    "FN": 8,
    "TP": 6,
    "confusion_matrix": [
      [
        4,
        0
      ],
      [
        8,
        6
      ]
    ]
  },
  "test_at_optimal": {
    "threshold": 0.5700000000000001,
    "accuracy": 0.4090909090909091,
    "precision": 0.9090909090909091,
    "recall": 0.2857142857142857,
    "f1": 0.43478260869565216,
    "TNR": 0.8888888888888888,
    "TPR": 0.2857142857142857,
    "sensitivity": 0.2857142857142857,
    "specificity": 0.8888888888888888,
    "balanced_acc": 0.5873015873015872,
    "TN": 8,
    "FP": 1,
    "FN": 25,
    "TP": 10,
    "confusion_matrix": [
      [
        8,
        1
      ],
      [
        25,
        10
      ]
    ]
  },
  "train_at_0.5": {
    "threshold": 0.5,
    "accuracy": 0.8734177215189873,
    "precision": 0.9140625,
    "recall": 0.9285714285714286,
    "f1": 0.9212598425196851,
    "TNR": 0.65625,
    "TPR": 0.9285714285714286,
    "sensitivity": 0.9285714285714286,
    "specificity": 0.65625,
    "balanced_acc": 0.7924107142857143,
    "TN": 21,
    "FP": 11,
    "FN": 9,
    "TP": 117,
    "confusion_matrix": [
      [
        21,
        11
      ],
      [
        9,
        117
      ]
    ]
  },
  "val_at_0.5": {
    "threshold": 0.5,
    "accuracy": 0.8888888888888888,
    "precision": 0.875,
    "recall": 1.0,
    "f1": 0.9333333333333333,
    "TNR": 0.5,
    "TPR": 1.0,
    "sensitivity": 1.0,
    "specificity": 0.5,
    "balanced_acc": 0.75,
    "TN": 2,
    "FP": 2,
    "FN": 0,
    "TP": 14,
    "confusion_matrix": [
      [
        2,
        2
      ],
      [
        0,
        14
      ]
    ]
  },
  "test_at_0.5": {
    "threshold": 0.5,
    "accuracy": 0.8181818181818182,
    "precision": 0.8857142857142857,
    "recall": 0.8857142857142857,
    "f1": 0.8857142857142857,
    "TNR": 0.5555555555555556,
    "TPR": 0.8857142857142857,
    "sensitivity": 0.8857142857142857,
    "specificity": 0.5555555555555556,
    "balanced_acc": 0.7206349206349206,
    "TN": 5,
    "FP": 4,
    "FN": 4,
    "TP": 31,
    "confusion_matrix": [
      [
        5,
        4
      ],
      [
        4,
        31
      ]
    ]
  },
  "threshold_results": [
    {
      "threshold": "fixed",
      "threshold_value": 0.5,
      "val": {
        "threshold": 0.5,
        "accuracy": 0.8888888888888888,
        "precision": 0.875,
        "recall": 1.0,
        "f1": 0.9333333333333333,
        "TNR": 0.5,
        "TPR": 1.0,
        "sensitivity": 1.0,
        "specificity": 0.5,
        "balanced_acc": 0.75,
        "TN": 2,
        "FP": 2,
        "FN": 0,
        "TP": 14,
        "confusion_matrix": [
          [
            2,
            2
          ],
          [
            0,
            14
          ]
        ]
      },
      "test": {
        "threshold": 0.5,
        "accuracy": 0.8181818181818182,
        "precision": 0.8857142857142857,
        "recall": 0.8857142857142857,
        "f1": 0.8857142857142857,
        "TNR": 0.5555555555555556,
        "TPR": 0.8857142857142857,
        "sensitivity": 0.8857142857142857,
        "specificity": 0.5555555555555556,
        "balanced_acc": 0.7206349206349206,
        "TN": 5,
        "FP": 4,
        "FN": 4,
        "TP": 31,
        "confusion_matrix": [
          [
            5,
            4
          ],
          [
            4,
            31
          ]
        ]
      },
      "train": {
        "threshold": 0.5,
        "accuracy": 0.8734177215189873,
        "precision": 0.9140625,
        "recall": 0.9285714285714286,
        "f1": 0.9212598425196851,
        "TNR": 0.65625,
        "TPR": 0.9285714285714286,
        "sensitivity": 0.9285714285714286,
        "specificity": 0.65625,
        "balanced_acc": 0.7924107142857143,
        "TN": 21,
        "FP": 11,
        "FN": 9,
        "TP": 117,
        "confusion_matrix": [
          [
            21,
            11
          ],
          [
            9,
            117
          ]
        ]
      }
    },
    {
      "threshold": "fixed",
      "threshold_value": 0.6,
      "val": {
        "threshold": 0.6,
        "accuracy": 0.2222222222222222,
        "precision": 0.0,
        "recall": 0.0,
        "f1": 0.0,
        "TNR": 1.0,
        "TPR": 0.0,
        "sensitivity": 0.0,
        "specificity": 1.0,
        "balanced_acc": 0.5,
        "TN": 4,
        "FP": 0,
        "FN": 14,
        "TP": 0,
        "confusion_matrix": [
          [
            4,
            0
          ],
          [
            14,
            0
          ]
        ]
      },
      "test": {
        "threshold": 0.6,
        "accuracy": 0.3181818181818182,
        "precision": 0.8571428571428571,
        "recall": 0.17142857142857143,
        "f1": 0.2857142857142857,
        "TNR": 0.8888888888888888,
        "TPR": 0.17142857142857143,
        "sensitivity": 0.17142857142857143,
        "specificity": 0.8888888888888888,
        "balanced_acc": 0.5301587301587302,
        "TN": 8,
        "FP": 1,
        "FN": 29,
        "TP": 6,
        "confusion_matrix": [
          [
            8,
            1
          ],
          [
            29,
            6
          ]
        ]
      },
      "train": {
        "threshold": 0.6,
        "accuracy": 0.3037974683544304,
        "precision": 1.0,
        "recall": 0.12698412698412698,
        "f1": 0.22535211267605634,
        "TNR": 1.0,
        "TPR": 0.12698412698412698,
        "sensitivity": 0.12698412698412698,
        "specificity": 1.0,
        "balanced_acc": 0.5634920634920635,
        "TN": 32,
        "FP": 0,
        "FN": 110,
        "TP": 16,
        "confusion_matrix": [
          [
            32,
            0
          ],
          [
            110,
            16
          ]
        ]
      }
    },
    {
      "threshold": "fixed",
      "threshold_value": 0.7,
      "val": {
        "threshold": 0.7,
        "accuracy": 0.2222222222222222,
        "precision": 0.0,
        "recall": 0.0,
        "f1": 0.0,
        "TNR": 1.0,
        "TPR": 0.0,
        "sensitivity": 0.0,
        "specificity": 1.0,
        "balanced_acc": 0.5,
        "TN": 4,
        "FP": 0,
        "FN": 14,
        "TP": 0,
        "confusion_matrix": [
          [
            4,
            0
          ],
          [
            14,
            0
          ]
        ]
      },
      "test": {
        "threshold": 0.7,
        "accuracy": 0.20454545454545456,
        "precision": 0.0,
        "recall": 0.0,
        "f1": 0.0,
        "TNR": 1.0,
        "TPR": 0.0,
        "sensitivity": 0.0,
        "specificity": 1.0,
        "balanced_acc": 0.5,
        "TN": 9,
        "FP": 0,
        "FN": 35,
        "TP": 0,
        "confusion_matrix": [
          [
            9,
            0
          ],
          [
            35,
            0
          ]
        ]
      },
      "train": {
        "threshold": 0.7,
        "accuracy": 0.20253164556962025,
        "precision": 0.0,
        "recall": 0.0,
        "f1": 0.0,
        "TNR": 1.0,
        "TPR": 0.0,
        "sensitivity": 0.0,
        "specificity": 1.0,
        "balanced_acc": 0.5,
        "TN": 32,
        "FP": 0,
        "FN": 126,
        "TP": 0,
        "confusion_matrix": [
          [
            32,
            0
          ],
          [
            126,
            0
          ]
        ]
      }
    },
    {
      "threshold": "fixed",
      "threshold_value": 0.8,
      "val": {
        "threshold": 0.8,
        "accuracy": 0.2222222222222222,
        "precision": 0.0,
        "recall": 0.0,
        "f1": 0.0,