{
  "model_type": "effnet_ts",
  "day": 6,
  "best_val_acc": 0.8571428656578064,
  "optimal_threshold": 0.8099999999999999,
  "val_at_optimal": {
    "threshold": 0.8099999999999999,
    "accuracy": 0.5714285714285714,
    "precision": 1.0,
    "recall": 0.5,
    "f1": 0.6666666666666666,
    "TNR": 1.0,
    "TPR": 0.5,
    "sensitivity": 0.5,
    "specificity": 1.0,
    "balanced_acc": 0.75,
    "TN": 2,
    "FP": 0,
    "FN": 6,
    "TP": 6,
    "confusion_matrix": [
      [
        2,
        0
      ],
      [
        6,
        6
      ]
    ]
  },
  "test_at_optimal": {
    "threshold": 0.8099999999999999,
    "accuracy": 0.5277777777777778,
    "precision": 1.0,
    "recall": 0.5,
    "f1": 0.6666666666666666,
    "TNR": 1.0,
    "TPR": 0.5,
    "sensitivity": 0.5,
    "specificity": 1.0,
    "balanced_acc": 0.75,
    "TN": 2,
    "FP": 0,
    "FN": 17,
    "TP": 17,
    "confusion_matrix": [
      [
        2,
        0
      ],
      [
        17,
        17
      ]
    ]
  },
  "val_at_0.5": {
    "threshold": 0.5,
    "accuracy": 0.8571428571428571,
    "precision": 0.8571428571428571,
    "recall": 1.0,
    "f1": 0.9230769230769231,
    "TNR": 0.0,
    "TPR": 1.0,
    "sensitivity": 1.0,
    "specificity": 0.0,
    "balanced_acc": 0.5,
    "TN": 0,
    "FP": 2,
    "FN": 0,
    "TP": 12,
    "confusion_matrix": [
      [
        0,
        2
      ],
      [
        0,
        12
      ]
    ]
  },
  "test_at_0.5": {
    "threshold": 0.5,
    "accuracy": 0.9444444444444444,
    "precision": 0.9444444444444444,
    "recall": 1.0,
    "f1": 0.9714285714285714,
    "TNR": 0.0,
    "TPR": 1.0,
    "sensitivity": 1.0,
    "specificity": 0.0,
    "balanced_acc": 0.5,
    "TN": 0,
    "FP": 2,
    "FN": 0,
    "TP": 34,
    "confusion_matrix": [
      [
        0,
        2
      ],
      [
        0,
        34
      ]
    ]
  },
  "threshold_results": [
    {
      "threshold": "fixed",
      "threshold_value": 0.5,
      "val": {
        "threshold": 0.5,
        "accuracy": 0.8571428571428571,
        "precision": 0.8571428571428571,
        "recall": 1.0,
        "f1": 0.9230769230769231,
        "TNR": 0.0,
        "TPR": 1.0,
        "sensitivity": 1.0,
        "specificity": 0.0,
        "balanced_acc": 0.5,
        "TN": 0,
        "FP": 2,
        "FN": 0,
        "TP": 12,
        "confusion_matrix": [
          [
            0,
            2
          ],
          [
            0,
            12
          ]
        ]
      },
      "test": {
        "threshold": 0.5,
        "accuracy": 0.9444444444444444,
        "precision": 0.9444444444444444,
        "recall": 1.0,
        "f1": 0.9714285714285714,
        "TNR": 0.0,
        "TPR": 1.0,
        "sensitivity": 1.0,
        "specificity": 0.0,
        "balanced_acc": 0.5,
        "TN": 0,
        "FP": 2,
        "FN": 0,
        "TP": 34,
        "confusion_matrix": [
          [
            0,
            2
          ],
          [
            0,
            34
          ]
        ]
      }
    },
    {
      "threshold": "fixed",
      "threshold_value": 0.6,
      "val": {
        "threshold": 0.6,
        "accuracy": 0.8571428571428571,
        "precision": 0.8571428571428571,
        "recall": 1.0,
        "f1": 0.9230769230769231,
        "TNR": 0.0,
        "TPR": 1.0,
        "sensitivity": 1.0,
        "specificity": 0.0,
        "balanced_acc": 0.5,
        "TN": 0,
        "FP": 2,
        "FN": 0,
        "TP": 12,
        "confusion_matrix": [
          [
            0,
            2
          ],
          [
            0,
            12
          ]
        ]
      },
      "test": {
        "threshold": 0.6,
        "accuracy": 0.9444444444444444,
        "precision": 0.9444444444444444,
        "recall": 1.0,
        "f1": 0.9714285714285714,
        "TNR": 0.0,
        "TPR": 1.0,
        "sensitivity": 1.0,
        "specificity": 0.0,
        "balanced_acc": 0.5,
        "TN": 0,
        "FP": 2,
        "FN": 0,
        "TP": 34,
        "confusion_matrix": [
          [
            0,
            2
          ],
          [
            0,
            34
          ]
        ]
      }
    },
    {
      "threshold": "fixed",
      "threshold_value": 0.7,
      "val": {
        "threshold": 0.7,
        "accuracy": 0.8571428571428571,
        "precision": 0.8571428571428571,
        "recall": 1.0,
        "f1": 0.9230769230769231,
        "TNR": 0.0,
        "TPR": 1.0,
        "sensitivity": 1.0,
        "specificity": 0.0,
        "balanced_acc": 0.5,
        "TN": 0,
        "FP": 2,
        "FN": 0,
        "TP": 12,
        "confusion_matrix": [
          [
            0,
            2
          ],
          [
            0,
            12
          ]
        ]
      },
      "test": {
        "threshold": 0.7,
        "accuracy": 0.9444444444444444,
        "precision": 0.9444444444444444,
        "recall": 1.0,
        "f1": 0.9714285714285714,
        "TNR": 0.0,
        "TPR": 1.0,
        "sensitivity": 1.0,
        "specificity": 0.0,
        "balanced_acc": 0.5,
        "TN": 0,
        "FP": 2,
        "FN": 0,
        "TP": 34,
        "confusion_matrix": [
          [
            0,
            2
          ],
          [
            0,
            34
          ]
        ]
      }
    },
    {
      "threshold": "fixed",
      "threshold_value": 0.8,
      "val": {
        "threshold": 0.8,
        "accuracy": 0.6428571428571429,
        "precision": 0.8888888888888888,
        "recall": 0.6666666666666666,
        "f1": 0.7619047619047619,
        "TNR": 0.5,
        "TPR": 0.6666666666666666,
        "sensitivity": 0.6666666666666666,
        "specificity": 0.5,
        "balanced_acc": 0.5833333333333333,
        "TN": 1,
        "FP": 1,
        "FN": 4,
        "TP": 8,
        "confusion_matrix": [
          [
            1,
            1
          ],
          [
            4,
            8
          ]
        ]
      },
      "test": {
        "threshold": 0.8,
        "accuracy": 0.8333333333333334,
        "precision": 0.9666666666666667,
        "recall": 0.8529411764705882,
        "f1": 0.90625,
        "TNR": 0.5,
        "TPR": 0.8529411764705882,
        "sensitivity": 0.8529411764705882,
        "specificity": 0.5,
        "balanced_acc": 0.6764705882352942,
        "TN": 1,
        "FP": 1,
        "FN": 5,
        "TP": 29,
        "confusion_matrix": [
          [
            1,
            1
          ],
          [
            5,
            29
          ]
        ]
      }
    },
    {
      "threshold": "fixed",
      "threshold_value": 0.9,
      "val": {
        "threshold": 0.9,
        "accuracy": 0.14285714285714285,
        "precision": 0.0,
        "recall": 0.0,
        "f1": 0.0,
        "TNR": 1.0,
        "TPR": 0.0,
        "sensitivity": 0.0,
        "specificity": 1.0,
        "balanced_acc": 0.5,
        "TN": 2,
        "FP": 0,
        "FN": 12,
        "TP": 0,
        "confusion_matrix": [
          [
            2,
            0
          ],
          [
            12,
            0
          ]
        ]
      },
      "test": {
        "threshold": 0.9,
        "accuracy": 0.05555555555555555,
        "precision": 0.0,
        "recall": 0.0,
        "f1": 0.0,
        "TNR": 1.0,
        "TPR": 0.0,
        "sensitivity": 0.0,
        "specificity": 1.0,
        "balanced_acc": 0.5,
        "TN": 2,
        "FP": 0,
        "FN": 34,
        "TP": 0,
        "confusion_matrix": [
          [
            2,
            0
          ],
          [
            34,
            0
          ]
        ]
      }
    },
    {
      "threshold": "optimal",
      "threshold_value": 0.8099999999999999,
      "val": {
        "threshold": 0.8099999999999999,
        "accuracy": 0.5714285714285714,
        "precision": 1.0,
        "recall": 0.5,
        "f1": 0.6666666666666666,
        "TNR": 1.0,
        "TPR": 0.5,
        "sensitivity": 0.5,
        "specificity": 1.0,
        "balanced_acc": 0.75,
        "TN": 2,