{
  "day": "Dy10",
  "day_no": 10,
  "split": "test",
  "accuracy": 0.6896551724137931,
  "f1": 0.7804878048780488,
  "roc_auc": 0.6190476190476191,
  "pr_auc": 0.776398568178754,
  "val_accuracy_for_selection": 0.7931034482758621,
  "val_n": 29,
  "test_n": 29,
  "actual_good": 21,
  "predicted_good": 20,
  "batch_size_train": 16,
  "batch_size_valtest": 16,
  "backbone_key": "cnn",
  "input_key": "img_path",
  "use_mask": true
}