{
  "day": "Dy10",
  "split": "val",
  "accuracy": 0.7931034482758621,
  "f1": 0.8571428571428571,
  "roc_auc": 0.6666666666666667,
  "pr_auc": 0.7892360463975844,
  "n": 29,
  "batch_size": 16,
  "input_key": "img_path",
  "use_mask": true
}