{
  "day": "Dy15",
  "split": "val",
  "brier": 0.12689246237277985,
  "rmse": 0.35621967911720276,
  "acc@0.5": 0.8518518518518519,
  "f1@0.5": 0.9047619047619048,
  "corr": 0.586562991142273,
  "roc_auc": 0.8357142857142856,
  "pr_auc": 0.9253318723616712,
  "chosen_threshold": 0.592,
  "threshold_method": "max_f1",
  "min_precision": null,
  "n": 27,
  "batch_size": 16
}