{
  "day": "Dy15",
  "day_no": 1500,
  "split": "test",
  "brier": 0.17104670405387878,
  "rmse": 0.41357794404029846,
  "corr": 0.5036755800247192,
  "acc@0.5": 0.7777777777777778,
  "f1@0.5": 0.8571428571428571,
  "actual_good@0.5": 19,
  "predicted_good@0.5": 23,
  "acc@t*": 0.7777777777777778,
  "f1@t*": 0.8571428571428571,
  "bal_acc@t*": 0.6611842105263157,
  "roc_auc": 0.8223684210526316,
  "pr_auc": 0.9221167291600727,
  "threshold_used": 0.592,
  "threshold_method": "max_f1",
  "min_precision": null,
  "val_brier_for_selection": 0.12689246237277985,
  "val_n": 27,
  "test_n": 27,
  "batch_size_train": 16,
  "batch_size_valtest": 16,
  "backbone_key": "resnet"
}