{
  "day": "Dy3",
  "split": "val",
  "accuracy": 0.8518518518518519,
  "f1": 0.9047619047619048,
  "roc_auc": 0.8142857142857143,
  "pr_auc": 0.9313445043089008,
  "n": 27,
  "batch_size": 16
}