{
  "day": "Dy15",
  "split": "val",
  "accuracy": 0.7241379310344828,
  "f1": 0.8095238095238095,
  "roc_auc": 0.6444444444444444,
  "pr_auc": 0.8145590549801078,
  "n": 29,
  "batch_size": 16,
  "input_key": "overlay_path",
  "use_mask": false
}