{
  "day": "Dy15",
  "day_no": 15,
  "split": "test",
  "accuracy": 0.6551724137931034,
  "f1": 0.7727272727272727,
  "roc_auc": 0.6130952380952381,
  "pr_auc": 0.8480995371564795,
  "val_accuracy_for_selection": 0.7241379310344828,
  "val_n": 29,
  "test_n": 29,
  "actual_good": 21,
  "predicted_good": 23,
  "batch_size_train": 16,
  "batch_size_valtest": 16,
  "backbone_key": "resnet",
  "input_key": "overlay_path",
  "use_mask": false
}