{
  "day": "Dy10",
  "day_no": 10,
  "split": "test",
  "accuracy": 0.6206896551724138,
  "f1": 0.7555555555555555,
  "roc_auc": 0.5654761904761905,
  "pr_auc": 0.8080521389757844,
  "val_accuracy_for_selection": 0.7241379310344828,
  "val_n": 29,
  "test_n": 29,
  "actual_good": 21,
  "predicted_good": 24,
  "batch_size_train": 16,
  "batch_size_valtest": 16,
  "backbone_key": "resnet",
  "input_key": "img_path",
  "use_mask": false
}