{
  "day": "Dy10",
  "split": "val",
  "accuracy": 0.7241379310344828,
  "f1": 0.8260869565217391,
  "roc_auc": 0.4888888888888889,
  "pr_auc": 0.7196655871945029,
  "n": 29,
  "batch_size": 16,
  "input_key": "img_path",
  "use_mask": false
}