{
  "model_type": "effnet_ts",
  "day": 28.0,
  "best_val_acc": 0.8888888955116272,
  "optimal_threshold": 0.9,
  "val_at_optimal": {
    "threshold": 0.9,
    "accuracy": 0.9444444444444444,
    "precision": 1.0,
    "recall": 0.9285714285714286,
    "f1": 0.9629629629629629,
    "TNR": 1.0,
    "TPR": 0.9285714285714286,
    "balanced_acc": 0.9642857142857143,
    "TN": 4,
    "FP": 0,
    "FN": 1,
    "TP": 13,
    "confusion_matrix": [
      [
        4,
        0
      ],
      [
        1,
        13
      ]
    ]
  },
  "test_at_optimal": {
    "threshold": 0.9,
    "accuracy": 0.7727272727272727,
    "precision": 0.9629629629629629,
    "recall": 0.7428571428571429,
    "f1": 0.8387096774193549,
    "TNR": 0.8888888888888888,
    "TPR": 0.7428571428571429,
    "balanced_acc": 0.8158730158730159,
    "TN": 8,
    "FP": 1,
    "FN": 9,
    "TP": 26,
    "confusion_matrix": [
      [
        8,
        1
      ],
      [
        9,
        26
      ]
    ]
  },
  "val_at_0.5": {
    "threshold": 0.5,
    "accuracy": 0.8888888888888888,
    "precision": 0.875,
    "recall": 1.0,
    "f1": 0.9333333333333333,
    "TNR": 0.5,
    "TPR": 1.0,
    "balanced_acc": 0.75,
    "TN": 2,
    "FP": 2,
    "FN": 0,
    "TP": 14,
    "confusion_matrix": [
      [
        2,
        2
      ],
      [
        0,
        14
      ]
    ]
  },
  "test_at_0.5": {
    "threshold": 0.5,
    "accuracy": 0.8863636363636364,
    "precision": 0.9411764705882353,
    "recall": 0.9142857142857143,
    "f1": 0.927536231884058,
    "TNR": 0.7777777777777778,
    "TPR": 0.9142857142857143,
    "balanced_acc": 0.846031746031746,
    "TN": 7,
    "FP": 2,
    "FN": 3,
    "TP": 32,
    "confusion_matrix": [
      [
        7,
        2
      ],
      [
        3,
        32
      ]
    ]
  },
  "train_history": [
    {
      "epoch": 1,
      "train_loss": 0.6363468215435366,
      "train_acc": 0.23417721518987342,
      "val_loss": 1.3333526253700256,
      "val_acc": 0.2222222238779068,
      "val_precision": 0.0,
      "val_recall": 0.0,
      "val_f1": 0.0
    },
    {
      "epoch": 2,
      "train_loss": 0.517560890958279,
      "train_acc": 0.21518987341772153,
      "val_loss": 1.7286526560783386,
      "val_acc": 0.2222222238779068,
      "val_precision": 0.0,
      "val_recall": 0.0,
      "val_f1": 0.0
    },
    {
      "epoch": 3,
      "train_loss": 0.5025290469580059,
      "train_acc": 0.21518987341772153,
      "val_loss": 1.6755951642990112,
      "val_acc": 0.2222222238779068,
      "val_precision": 0.0,
      "val_recall": 0.0,
      "val_f1": 0.0
    },
    {
      "epoch": 4,
      "train_loss": 0.6427839979340758,
      "train_acc": 0.3860759493670886,
      "val_loss": 1.7104473114013672,
      "val_acc": 0.2222222238779068,
      "val_precision": 0.0,
      "val_recall": 0.0,
      "val_f1": 0.0
    },
    {
      "epoch": 5,
      "train_loss": 0.5303641452064997,
      "train_acc": 0.20253164556962025,
      "val_loss": 1.134148120880127,
      "val_acc": 0.2222222238779068,
      "val_precision": 0.0,
      "val_recall": 0.0,
      "val_f1": 0.0
    },
    {
      "epoch": 6,
      "train_loss": 0.4726523179796678,
      "train_acc": 0.21518987341772153,
      "val_loss": 1.3279471397399902,
      "val_acc": 0.2222222238779068,
      "val_precision": 0.0,
      "val_recall": 0.0,
      "val_f1": 0.0
    },
    {
      "epoch": 7,
      "train_loss": 0.4259601786166807,
      "train_acc": 0.23417721518987342,
      "val_loss": 0.9456334412097931,
      "val_acc": 0.2777777910232544,
      "val_precision": 1.0,
      "val_recall": 0.07142857142857142,
      "val_f1": 0.13333333333333333
    },
    {
      "epoch": 8,
      "train_loss": 0.34311370947692965,
      "train_acc": 0.6012658227848101,
      "val_loss": 0.6533212065696716,
      "val_acc": 0.5,
      "val_precision": 0.8571428571428571,
      "val_recall": 0.42857142857142855,
      "val_f1": 0.5714285714285714
    },
    {
      "epoch": 9,
      "train_loss": 0.40462398425310475,
      "train_acc": 0.7721518987341772,
      "val_loss": 0.6779073774814606,
      "val_acc": 0.6111111044883728,
      "val_precision": 1.0,
      "val_recall": 0.5,
      "val_f1": 0.6666666666666666
    },
    {
      "epoch": 10,
      "train_loss": 0.31595609412540365,
      "train_acc": 0.879746835443038,
      "val_loss": 0.29457687586545944,
      "val_acc": 0.8333333134651184,
      "val_precision": 0.9230769230769231,
      "val_recall": 0.8571428571428571,
      "val_f1": 0.8888888888888888
    },
    {
      "epoch": 11,
      "train_loss": 0.1414886906365805,
      "train_acc": 0.8860759493670886,
      "val_loss": 0.2578219659626484,
      "val_acc": 0.8333333134651184,
      "val_precision": 0.9230769230769231,
      "val_recall": 0.8571428571428571,
      "val_f1": 0.8888888888888888
    },
    {
      "epoch": 12,
      "train_loss": 0.30676504012338723,
      "train_acc": 0.879746835443038,
      "val_loss": 0.20591055322438478,
      "val_acc": 0.8333333134651184,
      "val_precision": 0.8235294117647058,
      "val_recall": 1.0,
      "val_f1": 0.9032258064516129
    },
    {
      "epoch": 13,
      "train_loss": 0.14469111078902136,
      "train_acc": 0.8924050632911392,
      "val_loss": 0.4730920399306342,
      "val_acc": 0.8333333134651184,
      "val_precision": 0.8235294117647058,
      "val_recall": 1.0,
      "val_f1": 0.9032258064516129
    },
    {
      "epoch": 14,
      "train_loss": 0.39186025222268284,
      "train_acc": 0.9113924050632911,
      "val_loss": 0.14104244951158762,
      "val_acc": 0.8888888955116272,
      "val_precision": 0.875,
      "val_recall": 1.0,
      "val_f1": 0.9333333333333333
    },
    {
      "epoch": 15,
      "train_loss": 0.055995777037136166,
      "train_acc": 0.9367088607594937,
      "val_loss": 0.4068529261276126,
      "val_acc": 0.8333333134651184,
      "val_precision": 0.8235294117647058,
      "val_recall": 1.0,
      "val_f1": 0.9032258064516129
    },
    {
      "epoch": 16,
      "train_loss": 0.07262382333541195,
      "train_acc": 0.9683544303797469,
      "val_loss": 0.213504983112216,
      "val_acc": 0.8888888955116272,
      "val_precision": 0.875,
      "val_recall": 1.0,
      "val_f1": 0.9333333333333333
    },
    {
      "epoch": 17,
      "train_loss": 0.07476377312706996,
      "train_acc": 0.9177215189873418,
      "val_loss": 0.20597014389932156,
      "val_acc": 0.7777777910232544,
      "val_precision": 0.8571428571428571,
      "val_recall": 0.8571428571428571,
      "val_f1": 0.8571428571428571
    },
    {
      "epoch": 18,
      "train_loss": 0.11309742017448703,
      "train_acc": 0.9556962025316456,
      "val_loss": 0.5269621250918135,
      "val_acc": 0.8888888955116272,
      "val_precision": 0.875,
      "val_recall": 1.0,
      "val_f1": 0.9333333333333333
    },
    {
      "epoch": 19,
      "train_loss": 0.4696647570574585,
      "train_acc": 0.9430379746835443,
      "val_loss": 0.5127207967307186,
      "val_acc": 0.8888888955116272,
      "val_precision": 0.875,
      "val_recall": 1.0,
      "val_f1": 0.9333333333333333
    },
    {
      "epoch": 20,
      "train_loss": 0.06034874997420024,
      "train_acc": 0.9620253164556962,
      "val_loss": 0.27729926723986864,
      "val_acc": 0.8888888955116272,
      "val_precision": 0.875,
      "val_recall": 1.0,
      "val_f1": 0.9333333333333333
    },
    {
      "epoch": 21,
      "train_loss": 0.009919814836186699,
      "train_acc": 0.9936708860759493,
      "val_loss": 0.29634961881674826,
      "val_acc": 0.8888888955116272,
      "val_precision": 0.875,
      "val_recall": 1.0,
      "val_f1": 0.9333333333333333
    },
    {
      "epoch": 22,
      "train_loss": 0.020300418198922105,
      "train_acc": 0.9873417721518988,
      "val_loss": 0.25583915412425995,
      "val_acc": 0.7222222089767456,
      "val_precision": 0.8461538461538461,
      "val_recall": 0.7857142857142857,