{
  "day": "Dy10",
  "split": "val",
  "accuracy": 0.7777777777777778,
  "f1": 0.8695652173913043,
  "roc_auc": 0.6714285714285715,
  "pr_auc": 0.8815439118284387,
  "n": 27,
  "batch_size": 16
}