{
  "day": "Dy10",
  "day_no": 10,
  "split": "test",
  "accuracy": 0.5925925925925926,
  "f1": 0.7317073170731707,
  "roc_auc": 0.25,
  "pr_auc": 0.5830351942760285,
  "val_accuracy_for_selection": 0.7777777777777778,
  "val_n": 27,
  "test_n": 27,
  "actual_good": 19,
  "predicted_good": 22,
  "batch_size_train": 16,
  "batch_size_valtest": 16,
  "backbone_key": "resnet"
}