{
  "n_components": 12,
  "explained_variance_ratio": [
    0.19944137334823608,
    0.08677009493112564,
    0.06941577047109604,
    0.045257195830345154,
    0.0340937003493309,
    0.03345974162220955,
    0.02878316305577755,
    0.02403159625828266,
    0.021075408905744553,
    0.020549913868308067,
    0.018184462562203407,
    0.01707158423960209
  ],
  "total_explained_variance": 0.5981340408325195
}