{
  "model_type": "effnet_ts",
  "day": 28,
  "best_val_acc": 0.8888888955116272,
  "optimal_threshold": 0.33,
  "val_at_optimal": {
    "threshold": 0.33,
    "accuracy": 0.8888888888888888,
    "precision": 0.875,
    "recall": 1.0,
    "f1": 0.9333333333333333,
    "TNR": 0.5,
    "TPR": 1.0,
    "sensitivity": 1.0,
    "specificity": 0.5,
    "balanced_acc": 0.75,
    "TN": 2,
    "FP": 2,
    "FN": 0,
    "TP": 14,
    "confusion_matrix": [
      [
        2,
        2
      ],
      [
        0,
        14
      ]
    ]
  },
  "test_at_optimal": {
    "threshold": 0.33,
    "accuracy": 0.8863636363636364,
    "precision": 0.875,
    "recall": 1.0,
    "f1": 0.9333333333333333,
    "TNR": 0.4444444444444444,
    "TPR": 1.0,
    "sensitivity": 1.0,
    "specificity": 0.4444444444444444,
    "balanced_acc": 0.7222222222222222,
    "TN": 4,
    "FP": 5,
    "FN": 0,
    "TP": 35,
    "confusion_matrix": [
      [
        4,
        5
      ],
      [
        0,
        35
      ]
    ]
  },
  "val_at_0.5": {
    "threshold": 0.5,
    "accuracy": 0.8888888888888888,
    "precision": 0.875,
    "recall": 1.0,
    "f1": 0.9333333333333333,
    "TNR": 0.5,
    "TPR": 1.0,
    "sensitivity": 1.0,
    "specificity": 0.5,
    "balanced_acc": 0.75,
    "TN": 2,
    "FP": 2,
    "FN": 0,
    "TP": 14,
    "confusion_matrix": [
      [
        2,
        2
      ],
      [
        0,
        14
      ]
    ]
  },
  "test_at_0.5": {
    "threshold": 0.5,
    "accuracy": 0.8863636363636364,
    "precision": 0.8947368421052632,
    "recall": 0.9714285714285714,
    "f1": 0.9315068493150684,
    "TNR": 0.5555555555555556,
    "TPR": 0.9714285714285714,
    "sensitivity": 0.9714285714285714,
    "specificity": 0.5555555555555556,
    "balanced_acc": 0.7634920634920634,
    "TN": 5,
    "FP": 4,
    "FN": 1,
    "TP": 34,
    "confusion_matrix": [
      [
        5,
        4
      ],
      [
        1,
        34
      ]
    ]
  },
  "threshold_results": [
    {
      "threshold": "fixed",
      "threshold_value": 0.5,
      "val": {
        "threshold": 0.5,
        "accuracy": 0.8888888888888888,
        "precision": 0.875,
        "recall": 1.0,
        "f1": 0.9333333333333333,
        "TNR": 0.5,
        "TPR": 1.0,
        "sensitivity": 1.0,
        "specificity": 0.5,
        "balanced_acc": 0.75,
        "TN": 2,
        "FP": 2,
        "FN": 0,
        "TP": 14,
        "confusion_matrix": [
          [
            2,
            2
          ],
          [
            0,
            14
          ]
        ]
      },
      "test": {
        "threshold": 0.5,
        "accuracy": 0.8863636363636364,
        "precision": 0.8947368421052632,
        "recall": 0.9714285714285714,
        "f1": 0.9315068493150684,
        "TNR": 0.5555555555555556,
        "TPR": 0.9714285714285714,
        "sensitivity": 0.9714285714285714,
        "specificity": 0.5555555555555556,
        "balanced_acc": 0.7634920634920634,
        "TN": 5,
        "FP": 4,
        "FN": 1,
        "TP": 34,
        "confusion_matrix": [
          [
            5,
            4
          ],
          [
            1,
            34
          ]
        ]
      }
    },
    {
      "threshold": "fixed",
      "threshold_value": 0.6,
      "val": {
        "threshold": 0.6,
        "accuracy": 0.8888888888888888,
        "precision": 0.875,
        "recall": 1.0,
        "f1": 0.9333333333333333,
        "TNR": 0.5,
        "TPR": 1.0,
        "sensitivity": 1.0,
        "specificity": 0.5,
        "balanced_acc": 0.75,
        "TN": 2,
        "FP": 2,
        "FN": 0,
        "TP": 14,
        "confusion_matrix": [
          [
            2,
            2
          ],
          [
            0,
            14
          ]
        ]
      },
      "test": {
        "threshold": 0.6,
        "accuracy": 0.8863636363636364,
        "precision": 0.8947368421052632,
        "recall": 0.9714285714285714,
        "f1": 0.9315068493150684,
        "TNR": 0.5555555555555556,
        "TPR": 0.9714285714285714,
        "sensitivity": 0.9714285714285714,
        "specificity": 0.5555555555555556,
        "balanced_acc": 0.7634920634920634,
        "TN": 5,
        "FP": 4,
        "FN": 1,
        "TP": 34,
        "confusion_matrix": [
          [
            5,
            4
          ],
          [
            1,
            34
          ]
        ]
      }
    },
    {
      "threshold": "fixed",
      "threshold_value": 0.7,
      "val": {
        "threshold": 0.7,
        "accuracy": 0.8888888888888888,
        "precision": 0.875,
        "recall": 1.0,
        "f1": 0.9333333333333333,
        "TNR": 0.5,
        "TPR": 1.0,
        "sensitivity": 1.0,
        "specificity": 0.5,
        "balanced_acc": 0.75,
        "TN": 2,
        "FP": 2,
        "FN": 0,
        "TP": 14,
        "confusion_matrix": [
          [
            2,
            2
          ],
          [
            0,
            14
          ]
        ]
      },
      "test": {
        "threshold": 0.7,
        "accuracy": 0.9090909090909091,
        "precision": 0.9428571428571428,
        "recall": 0.9428571428571428,
        "f1": 0.9428571428571428,
        "TNR": 0.7777777777777778,
        "TPR": 0.9428571428571428,
        "sensitivity": 0.9428571428571428,
        "specificity": 0.7777777777777778,
        "balanced_acc": 0.8603174603174604,
        "TN": 7,
        "FP": 2,
        "FN": 2,
        "TP": 33,
        "confusion_matrix": [
          [
            7,
            2
          ],
          [
            2,
            33
          ]
        ]
      }
    },
    {
      "threshold": "fixed",
      "threshold_value": 0.8,
      "val": {
        "threshold": 0.8,
        "accuracy": 0.8888888888888888,
        "precision": 0.875,
        "recall": 1.0,
        "f1": 0.9333333333333333,
        "TNR": 0.5,
        "TPR": 1.0,
        "sensitivity": 1.0,
        "specificity": 0.5,
        "balanced_acc": 0.75,
        "TN": 2,
        "FP": 2,
        "FN": 0,
        "TP": 14,
        "confusion_matrix": [
          [
            2,
            2
          ],
          [
            0,
            14
          ]
        ]
      },
      "test": {
        "threshold": 0.8,
        "accuracy": 0.9090909090909091,
        "precision": 0.9428571428571428,
        "recall": 0.9428571428571428,
        "f1": 0.9428571428571428,
        "TNR": 0.7777777777777778,
        "TPR": 0.9428571428571428,
        "sensitivity": 0.9428571428571428,
        "specificity": 0.7777777777777778,
        "balanced_acc": 0.8603174603174604,
        "TN": 7,
        "FP": 2,
        "FN": 2,
        "TP": 33,
        "confusion_matrix": [
          [
            7,
            2
          ],
          [
            2,
            33
          ]
        ]
      }
    },
    {
      "threshold": "fixed",
      "threshold_value": 0.9,
      "val": {
        "threshold": 0.9,
        "accuracy": 0.8888888888888888,
        "precision": 0.875,
        "recall": 1.0,
        "f1": 0.9333333333333333,
        "TNR": 0.5,
        "TPR": 1.0,
        "sensitivity": 1.0,
        "specificity": 0.5,
        "balanced_acc": 0.75,
        "TN": 2,
        "FP": 2,
        "FN": 0,
        "TP": 14,
        "confusion_matrix": [
          [
            2,
            2
          ],
          [
            0,
            14
          ]
        ]
      },
      "test": {
        "threshold": 0.9,
        "accuracy": 0.9090909090909091,
        "precision": 0.9428571428571428,
        "recall": 0.9428571428571428,
        "f1": 0.9428571428571428,
        "TNR": 0.7777777777777778,
        "TPR": 0.9428571428571428,
        "sensitivity": 0.9428571428571428,
        "specificity": 0.7777777777777778,
        "balanced_acc": 0.8603174603174604,
        "TN": 7,
        "FP": 2,
        "FN": 2,
        "TP": 33,