{
  "n_components": 12,
  "explained_variance_ratio": [
    0.15491816401481628,
    0.08566560596227646,
    0.05226823315024376,
    0.0506683886051178,
    0.04157550260424614,
    0.03418121859431267,
    0.02961716800928116,
    0.023507842794060707,
    0.022108901292085648,
    0.020386233925819397,
    0.018728166818618774,
    0.016812117770314217
  ],
  "total_explained_variance": 0.5504376292228699
}