{
  "day": "Dy20_5",
  "split": "val",
  "accuracy": 0.7931034482758621,
  "f1": 0.8695652173913043,
  "roc_auc": 0.6547619047619048,
  "pr_auc": 0.7642446938574086,
  "n": 29,
  "batch_size": 16,
  "input_key": "overlay_path",
  "use_mask": true
}