{
  "n_components": 12,
  "explained_variance_ratio": [
    0.14631065726280212,
    0.08167233318090439,
    0.050677429884672165,
    0.03993876278400421,
    0.036503881216049194,
    0.03584423288702965,
    0.027056092396378517,
    0.025354167446494102,
    0.02046007476747036,
    0.01933983527123928,
    0.018299002200365067,
    0.016861548647284508
  ],
  "total_explained_variance": 0.5183180570602417
}