{
  "day": "Dy13",
  "split": "val",
  "accuracy": 0.6206896551724138,
  "f1": 0.7441860465116279,
  "roc_auc": 0.49444444444444446,
  "pr_auc": 0.6695693958396799,
  "n": 29,
  "batch_size": 16,
  "input_key": "overlay_path",
  "use_mask": false
}