{
  "day13_overlay_ts": {
    "min": -2.1179039478302,
    "max": 2.640000104904175,
    "mean": 0.8575165271759033,
    "std": 1.3033337593078613,
    "p1": -1.9295316934585571,
    "p50": 1.4269200563430786,
    "p99": 2.5702831745147705,
    "n_pixels": 37601280,
    "n_samples": 17
  },
  "day28_overlay_ts": {
    "min": -2.1179039478302,
    "max": 2.640000104904175,
    "mean": 0.6226791143417358,
    "std": 1.4253090620040894,
    "p1": -1.9637812376022339,
    "p50": 1.158518671989441,
    "p99": 2.6051416397094727,
    "n_pixels": 72548352,
    "n_samples": 18
  },
  "note": "Post-dataset normalization (ImageNet mean/std). Compare p1/p50/p99 and min/max for clipping."
}
