{
  "model_type": "effnet_ts",
  "day": 6,
  "best_val_acc": 0.800000011920929,
  "optimal_threshold": 0.54,
  "val_at_optimal": {
    "threshold": 0.54,
    "accuracy": 0.26666666666666666,
    "precision": 1.0,
    "recall": 0.08333333333333333,
    "f1": 0.15384615384615385,
    "TNR": 1.0,
    "TPR": 0.08333333333333333,
    "sensitivity": 0.08333333333333333,
    "specificity": 1.0,
    "balanced_acc": 0.5416666666666666,
    "TN": 3,
    "FP": 0,
    "FN": 11,
    "TP": 1,
    "confusion_matrix": [
      [
        3,
        0
      ],
      [
        11,
        1
      ]
    ]
  },
  "test_at_optimal": {
    "threshold": 0.54,
    "accuracy": 0.34210526315789475,
    "precision": 1.0,
    "recall": 0.1935483870967742,
    "f1": 0.32432432432432434,
    "TNR": 1.0,
    "TPR": 0.1935483870967742,
    "sensitivity": 0.1935483870967742,
    "specificity": 1.0,
    "balanced_acc": 0.5967741935483871,
    "TN": 7,
    "FP": 0,
    "FN": 25,
    "TP": 6,
    "confusion_matrix": [
      [
        7,
        0
      ],
      [
        25,
        6
      ]
    ]
  },
  "val_at_0.5": {
    "threshold": 0.5,
    "accuracy": 0.8,
    "precision": 0.8,
    "recall": 1.0,
    "f1": 0.8888888888888888,
    "TNR": 0.0,
    "TPR": 1.0,
    "sensitivity": 1.0,
    "specificity": 0.0,
    "balanced_acc": 0.5,
    "TN": 0,
    "FP": 3,
    "FN": 0,
    "TP": 12,
    "confusion_matrix": [
      [
        0,
        3
      ],
      [
        0,
        12
      ]
    ]
  },
  "test_at_0.5": {
    "threshold": 0.5,
    "accuracy": 0.8157894736842105,
    "precision": 0.8333333333333334,
    "recall": 0.967741935483871,
    "f1": 0.8955223880597015,
    "TNR": 0.14285714285714285,
    "TPR": 0.967741935483871,
    "sensitivity": 0.967741935483871,
    "specificity": 0.14285714285714285,
    "balanced_acc": 0.5552995391705069,
    "TN": 1,
    "FP": 6,
    "FN": 1,
    "TP": 30,
    "confusion_matrix": [
      [
        1,
        6
      ],
      [
        1,
        30
      ]
    ]
  },
  "threshold_results": [
    {
      "threshold": "fixed",
      "threshold_value": 0.5,
      "val": {
        "threshold": 0.5,
        "accuracy": 0.8,
        "precision": 0.8,
        "recall": 1.0,
        "f1": 0.8888888888888888,
        "TNR": 0.0,
        "TPR": 1.0,
        "sensitivity": 1.0,
        "specificity": 0.0,
        "balanced_acc": 0.5,
        "TN": 0,
        "FP": 3,
        "FN": 0,
        "TP": 12,
        "confusion_matrix": [
          [
            0,
            3
          ],
          [
            0,
            12
          ]
        ]
      },
      "test": {
        "threshold": 0.5,
        "accuracy": 0.8157894736842105,
        "precision": 0.8333333333333334,
        "recall": 0.967741935483871,
        "f1": 0.8955223880597015,
        "TNR": 0.14285714285714285,
        "TPR": 0.967741935483871,
        "sensitivity": 0.967741935483871,
        "specificity": 0.14285714285714285,
        "balanced_acc": 0.5552995391705069,
        "TN": 1,
        "FP": 6,
        "FN": 1,
        "TP": 30,
        "confusion_matrix": [
          [
            1,
            6
          ],
          [
            1,
            30
          ]
        ]
      }
    },
    {
      "threshold": "fixed",
      "threshold_value": 0.6,
      "val": {
        "threshold": 0.6,
        "accuracy": 0.2,
        "precision": 0.0,
        "recall": 0.0,
        "f1": 0.0,
        "TNR": 1.0,
        "TPR": 0.0,
        "sensitivity": 0.0,
        "specificity": 1.0,
        "balanced_acc": 0.5,
        "TN": 3,
        "FP": 0,
        "FN": 12,
        "TP": 0,
        "confusion_matrix": [
          [
            3,
            0
          ],
          [
            12,
            0
          ]
        ]
      },
      "test": {
        "threshold": 0.6,
        "accuracy": 0.18421052631578946,
        "precision": 0.0,
        "recall": 0.0,
        "f1": 0.0,
        "TNR": 1.0,
        "TPR": 0.0,
        "sensitivity": 0.0,
        "specificity": 1.0,
        "balanced_acc": 0.5,
        "TN": 7,
        "FP": 0,
        "FN": 31,
        "TP": 0,
        "confusion_matrix": [
          [
            7,
            0
          ],
          [
            31,
            0
          ]
        ]
      }
    },
    {
      "threshold": "fixed",
      "threshold_value": 0.7,
      "val": {
        "threshold": 0.7,
        "accuracy": 0.2,
        "precision": 0.0,
        "recall": 0.0,
        "f1": 0.0,
        "TNR": 1.0,
        "TPR": 0.0,
        "sensitivity": 0.0,
        "specificity": 1.0,
        "balanced_acc": 0.5,
        "TN": 3,
        "FP": 0,
        "FN": 12,
        "TP": 0,
        "confusion_matrix": [
          [
            3,
            0
          ],
          [
            12,
            0
          ]
        ]
      },
      "test": {
        "threshold": 0.7,
        "accuracy": 0.18421052631578946,
        "precision": 0.0,
        "recall": 0.0,
        "f1": 0.0,
        "TNR": 1.0,
        "TPR": 0.0,
        "sensitivity": 0.0,
        "specificity": 1.0,
        "balanced_acc": 0.5,
        "TN": 7,
        "FP": 0,
        "FN": 31,
        "TP": 0,
        "confusion_matrix": [
          [
            7,
            0
          ],
          [
            31,
            0
          ]
        ]
      }
    },
    {
      "threshold": "fixed",
      "threshold_value": 0.8,
      "val": {
        "threshold": 0.8,
        "accuracy": 0.2,
        "precision": 0.0,
        "recall": 0.0,
        "f1": 0.0,
        "TNR": 1.0,
        "TPR": 0.0,
        "sensitivity": 0.0,
        "specificity": 1.0,
        "balanced_acc": 0.5,
        "TN": 3,
        "FP": 0,
        "FN": 12,
        "TP": 0,
        "confusion_matrix": [
          [
            3,
            0
          ],
          [
            12,
            0
          ]
        ]
      },
      "test": {
        "threshold": 0.8,
        "accuracy": 0.18421052631578946,
        "precision": 0.0,
        "recall": 0.0,
        "f1": 0.0,
        "TNR": 1.0,
        "TPR": 0.0,
        "sensitivity": 0.0,
        "specificity": 1.0,
        "balanced_acc": 0.5,
        "TN": 7,
        "FP": 0,
        "FN": 31,
        "TP": 0,
        "confusion_matrix": [
          [
            7,
            0
          ],
          [
            31,
            0
          ]
        ]
      }
    },
    {
      "threshold": "fixed",
      "threshold_value": 0.9,
      "val": {
        "threshold": 0.9,
        "accuracy": 0.2,
        "precision": 0.0,
        "recall": 0.0,
        "f1": 0.0,
        "TNR": 1.0,
        "TPR": 0.0,
        "sensitivity": 0.0,
        "specificity": 1.0,
        "balanced_acc": 0.5,
        "TN": 3,
        "FP": 0,
        "FN": 12,
        "TP": 0,
        "confusion_matrix": [
          [
            3,
            0
          ],
          [
            12,
            0
          ]
        ]
      },
      "test": {
        "threshold": 0.9,
        "accuracy": 0.18421052631578946,
        "precision": 0.0,
        "recall": 0.0,
        "f1": 0.0,
        "TNR": 1.0,
        "TPR": 0.0,
        "sensitivity": 0.0,
        "specificity": 1.0,
        "balanced_acc": 0.5,
        "TN": 7,
        "FP": 0,
        "FN": 31,
        "TP": 0,
        "confusion_matrix": [
          [
            7,
            0
          ],
          [
            31,
            0
          ]
        ]
      }
    },
    {
      "threshold": "optimal",
      "threshold_value": 0.54,
      "val": {
        "threshold": 0.54,
        "accuracy": 0.26666666666666666,
        "precision": 1.0,
        "recall": 0.08333333333333333,
        "f1": 0.15384615384615385,
        "TNR": 1.0,
        "TPR": 0.08333333333333333,
        "sensitivity": 0.08333333333333333,
        "specificity": 1.0,
        "balanced_acc": 0.5416666666666666,
        "TN": 3,
        "FP": 0,
        "FN": 11,
        "TP": 1,