{
  "model_type": "cnn_lstm",
  "day": 26.0,
  "best_val_acc": 0.8888888888888888,
  "optimal_threshold": 0.61,
  "val_at_optimal": {
    "threshold": 0.61,
    "accuracy": 0.8888888888888888,
    "precision": 1.0,
    "recall": 0.8571428571428571,
    "f1": 0.9230769230769231,
    "TNR": 1.0,
    "TPR": 0.8571428571428571,
    "balanced_acc": 0.9285714285714286,
    "TN": 4,
    "FP": 0,
    "FN": 2,
    "TP": 12,
    "confusion_matrix": [
      [
        4,
        0
      ],
      [
        2,
        12
      ]
    ]
  },
  "test_at_optimal": {
    "threshold": 0.61,
    "accuracy": 0.75,
    "precision": 0.9285714285714286,
    "recall": 0.7428571428571429,
    "f1": 0.8253968253968254,
    "TNR": 0.7777777777777778,
    "TPR": 0.7428571428571429,
    "balanced_acc": 0.7603174603174603,
    "TN": 7,
    "FP": 2,
    "FN": 9,
    "TP": 26,
    "confusion_matrix": [
      [
        7,
        2
      ],
      [
        9,
        26
      ]
    ]
  },
  "val_at_0.5": {
    "threshold": 0.5,
    "accuracy": 0.8888888888888888,
    "precision": 0.875,
    "recall": 1.0,
    "f1": 0.9333333333333333,
    "TNR": 0.5,
    "TPR": 1.0,
    "balanced_acc": 0.75,
    "TN": 2,
    "FP": 2,
    "FN": 0,
    "TP": 14,
    "confusion_matrix": [
      [
        2,
        2
      ],
      [
        0,
        14
      ]
    ]
  },
  "test_at_0.5": {
    "threshold": 0.5,
    "accuracy": 0.7954545454545454,
    "precision": 0.8823529411764706,
    "recall": 0.8571428571428571,
    "f1": 0.8695652173913043,
    "TNR": 0.5555555555555556,
    "TPR": 0.8571428571428571,
    "balanced_acc": 0.7063492063492063,
    "TN": 5,
    "FP": 4,
    "FN": 5,
    "TP": 30,
    "confusion_matrix": [
      [
        5,
        4
      ],
      [
        5,
        30
      ]
    ]
  },
  "train_history": [
    {
      "epoch": 1,
      "train_loss": 0.6854251086711883,
      "train_acc": 0.6645161290322581,
      "val_loss": 0.6633689403533936,
      "val_acc": 0.8333333333333334,
      "val_precision": 0.8235294117647058,
      "val_recall": 1.0,
      "val_f1": 0.9032258064516129
    },
    {
      "epoch": 2,
      "train_loss": 0.6583105713129044,
      "train_acc": 0.8193548387096774,
      "val_loss": 0.6336633960405985,
      "val_acc": 0.8333333333333334,
      "val_precision": 0.8235294117647058,
      "val_recall": 1.0,
      "val_f1": 0.9032258064516129
    },
    {
      "epoch": 3,
      "train_loss": 0.6183083772659301,
      "train_acc": 0.8193548387096774,
      "val_loss": 0.5927794476350149,
      "val_acc": 0.8333333333333334,
      "val_precision": 0.8666666666666667,
      "val_recall": 0.9285714285714286,
      "val_f1": 0.896551724137931
    },
    {
      "epoch": 4,
      "train_loss": 0.5597121194005013,
      "train_acc": 0.8451612903225807,
      "val_loss": 0.5358369449774424,
      "val_acc": 0.7777777777777778,
      "val_precision": 0.8571428571428571,
      "val_recall": 0.8571428571428571,
      "val_f1": 0.8571428571428571
    },
    {
      "epoch": 5,
      "train_loss": 0.4769447982311249,
      "train_acc": 0.864516129032258,
      "val_loss": 0.44168779253959656,
      "val_acc": 0.8888888888888888,
      "val_precision": 0.875,
      "val_recall": 1.0,
      "val_f1": 0.9333333333333333
    },
    {
      "epoch": 6,
      "train_loss": 0.4378785707056522,
      "train_acc": 0.9096774193548387,
      "val_loss": 0.46581727266311646,
      "val_acc": 0.8333333333333334,
      "val_precision": 0.9230769230769231,
      "val_recall": 0.8571428571428571,
      "val_f1": 0.8888888888888888
    },
    {
      "epoch": 7,
      "train_loss": 0.3496967636048794,
      "train_acc": 0.8580645161290322,
      "val_loss": 0.730238139629364,
      "val_acc": 0.7777777777777778,
      "val_precision": 0.8125,
      "val_recall": 0.9285714285714286,
      "val_f1": 0.8666666666666667
    },
    {
      "epoch": 8,
      "train_loss": 0.29538110494613645,
      "train_acc": 0.9483870967741935,
      "val_loss": 0.5422073503335317,
      "val_acc": 0.8333333333333334,
      "val_precision": 0.9230769230769231,
      "val_recall": 0.8571428571428571,
      "val_f1": 0.8888888888888888
    },
    {
      "epoch": 9,
      "train_loss": 0.27222436033189296,
      "train_acc": 0.9225806451612903,
      "val_loss": 0.6495150129000345,
      "val_acc": 0.8333333333333334,
      "val_precision": 0.9230769230769231,
      "val_recall": 0.8571428571428571,
      "val_f1": 0.8888888888888888
    },
    {
      "epoch": 10,
      "train_loss": 0.11768030868843198,
      "train_acc": 0.9612903225806452,
      "val_loss": 0.7964246844251951,
      "val_acc": 0.7777777777777778,
      "val_precision": 0.8125,
      "val_recall": 0.9285714285714286,
      "val_f1": 0.8666666666666667
    },
    {
      "epoch": 11,
      "train_loss": 0.17843193616718053,
      "train_acc": 0.9161290322580645,
      "val_loss": 0.9912328900148472,
      "val_acc": 0.7777777777777778,
      "val_precision": 0.8125,
      "val_recall": 0.9285714285714286,
      "val_f1": 0.8666666666666667
    },
    {
      "epoch": 12,
      "train_loss": 0.25219750897958876,
      "train_acc": 0.9225806451612903,
      "val_loss": 0.9533806443214417,
      "val_acc": 0.7777777777777778,
      "val_precision": 0.8125,
      "val_recall": 0.9285714285714286,
      "val_f1": 0.8666666666666667
    },
    {
      "epoch": 13,
      "train_loss": 0.15836170380935072,
      "train_acc": 0.9290322580645162,
      "val_loss": 0.758305549621582,
      "val_acc": 0.8333333333333334,
      "val_precision": 0.8666666666666667,
      "val_recall": 0.9285714285714286,
      "val_f1": 0.896551724137931
    },
    {
      "epoch": 14,
      "train_loss": 0.09843696150928735,
      "train_acc": 0.9483870967741935,
      "val_loss": 0.7976808498303095,
      "val_acc": 0.8333333333333334,
      "val_precision": 0.8666666666666667,
      "val_recall": 0.9285714285714286,
      "val_f1": 0.896551724137931
    },
    {
      "epoch": 15,
      "train_loss": 0.06648402158170938,
      "train_acc": 0.967741935483871,
      "val_loss": 1.231073906024297,
      "val_acc": 0.7777777777777778,
      "val_precision": 0.8125,
      "val_recall": 0.9285714285714286,
      "val_f1": 0.8666666666666667
    },
    {
      "epoch": 16,
      "train_loss": 0.08414186933077872,
      "train_acc": 0.9935483870967742,
      "val_loss": 0.7817065815130869,
      "val_acc": 0.7777777777777778,
      "val_precision": 0.9166666666666666,
      "val_recall": 0.7857142857142857,
      "val_f1": 0.8461538461538461
    },
    {
      "epoch": 17,
      "train_loss": 0.09336040392518044,
      "train_acc": 0.9548387096774194,
      "val_loss": 1.080390768746535,
      "val_acc": 0.7777777777777778,
      "val_precision": 0.8125,
      "val_recall": 0.9285714285714286,
      "val_f1": 0.8666666666666667
    },
    {
      "epoch": 18,
      "train_loss": 0.04952242765575647,
      "train_acc": 0.9741935483870968,
      "val_loss": 1.0347466170787811,
      "val_acc": 0.8333333333333334,
      "val_precision": 0.8666666666666667,
      "val_recall": 0.9285714285714286,
      "val_f1": 0.896551724137931
    },
    {
      "epoch": 19,
      "train_loss": 0.04617974758148193,
      "train_acc": 0.9741935483870968,
      "val_loss": 1.4302530493587255,
      "val_acc": 0.7777777777777778,
      "val_precision": 0.8125,
      "val_recall": 0.9285714285714286,
      "val_f1": 0.8666666666666667
    },
    {
      "epoch": 20,
      "train_loss": 0.051221427507698536,
      "train_acc": 0.9741935483870968,
      "val_loss": 1.1133714318275452,
      "val_acc": 0.7222222222222222,
      "val_precision": 0.8461538461538461,
      "val_recall": 0.7857142857142857,
      "val_f1": 0.8148148148148148
    }
  ],
  "model_path": "/home/tonyluo/amanda_temporal/comparison_runs/per_day_study_overlay/cnn_lstm/day_26_0/best_model.pth"
}