{
  "day": "Dy24",
  "day_no": 24,
  "split": "test",
  "accuracy": 0.7586206896551724,
  "f1": 0.8372093023255814,
  "roc_auc": 0.7166666666666667,
  "pr_auc": 0.8044226066343781,
  "val_accuracy_for_selection": 0.9310344827586207,
  "val_n": 29,
  "test_n": 29,
  "actual_good": 20,
  "predicted_good": 23,
  "batch_size_train": 16,
  "batch_size_valtest": 16,
  "backbone_key": "vit",
  "input_key": "overlay_path",
  "use_mask": true
}