{
  "day": "Dy6",
  "day_no": 600,
  "split": "test",
  "brier": 0.18510180711746216,
  "rmse": 0.4302345812320709,
  "corr": 0.4844350814819336,
  "acc@0.5": 0.8148148148148148,
  "f1@0.5": 0.8837209302325582,
  "actual_good@0.5": 19,
  "predicted_good@0.5": 24,
  "acc@t*": 0.8148148148148148,
  "f1@t*": 0.8837209302325582,
  "bal_acc@t*": 0.6875,
  "roc_auc": 0.7302631578947368,
  "pr_auc": 0.8713282358244134,
  "threshold_used": 0.582,
  "threshold_method": "max_f1",
  "min_precision": null,
  "val_brier_for_selection": 0.060515742748975754,
  "val_n": 27,
  "test_n": 27,
  "batch_size_train": 16,
  "batch_size_valtest": 16,
  "backbone_key": "efficientnet"
}