{
  "day": "Dy6",
  "split": "val",
  "brier": 0.060515742748975754,
  "rmse": 0.24599947035312653,
  "acc@0.5": 0.8888888888888888,
  "f1@0.5": 0.9302325581395349,
  "corr": 0.8600407242774963,
  "roc_auc": 0.9857142857142858,
  "pr_auc": 0.9951190476190477,
  "chosen_threshold": 0.582,
  "threshold_method": "max_f1",
  "min_precision": null,
  "n": 27,
  "batch_size": 16
}