{
  "model_type": "effnet_ts",
  "day": 17,
  "best_val_acc": 0.8823529481887817,
  "optimal_threshold": 0.89,
  "val_at_optimal": {
    "threshold": 0.89,
    "accuracy": 0.6470588235294118,
    "precision": 0.9,
    "recall": 0.6428571428571429,
    "f1": 0.75,
    "TNR": 0.6666666666666666,
    "TPR": 0.6428571428571429,
    "sensitivity": 0.6428571428571429,
    "specificity": 0.6666666666666666,
    "balanced_acc": 0.6547619047619048,
    "TN": 2,
    "FP": 1,
    "FN": 5,
    "TP": 9,
    "confusion_matrix": [
      [
        2,
        1
      ],
      [
        5,
        9
      ]
    ]
  },
  "test_at_optimal": {
    "threshold": 0.89,
    "accuracy": 0.6756756756756757,
    "precision": 0.8518518518518519,
    "recall": 0.7419354838709677,
    "f1": 0.7931034482758621,
    "TNR": 0.3333333333333333,
    "TPR": 0.7419354838709677,
    "sensitivity": 0.7419354838709677,
    "specificity": 0.3333333333333333,
    "balanced_acc": 0.5376344086021505,
    "TN": 2,
    "FP": 4,
    "FN": 8,
    "TP": 23,
    "confusion_matrix": [
      [
        2,
        4
      ],
      [
        8,
        23
      ]
    ]
  },
  "val_at_0.5": {
    "threshold": 0.5,
    "accuracy": 0.8823529411764706,
    "precision": 0.875,
    "recall": 1.0,
    "f1": 0.9333333333333333,
    "TNR": 0.3333333333333333,
    "TPR": 1.0,
    "sensitivity": 1.0,
    "specificity": 0.3333333333333333,
    "balanced_acc": 0.6666666666666666,
    "TN": 1,
    "FP": 2,
    "FN": 0,
    "TP": 14,
    "confusion_matrix": [
      [
        1,
        2
      ],
      [
        0,
        14
      ]
    ]
  },
  "test_at_0.5": {
    "threshold": 0.5,
    "accuracy": 0.8378378378378378,
    "precision": 0.8787878787878788,
    "recall": 0.9354838709677419,
    "f1": 0.90625,
    "TNR": 0.3333333333333333,
    "TPR": 0.9354838709677419,
    "sensitivity": 0.9354838709677419,
    "specificity": 0.3333333333333333,
    "balanced_acc": 0.6344086021505376,
    "TN": 2,
    "FP": 4,
    "FN": 2,
    "TP": 29,
    "confusion_matrix": [
      [
        2,
        4
      ],
      [
        2,
        29
      ]
    ]
  },
  "threshold_results": [
    {
      "threshold": "fixed",
      "threshold_value": 0.5,
      "val": {
        "threshold": 0.5,
        "accuracy": 0.8823529411764706,
        "precision": 0.875,
        "recall": 1.0,
        "f1": 0.9333333333333333,
        "TNR": 0.3333333333333333,
        "TPR": 1.0,
        "sensitivity": 1.0,
        "specificity": 0.3333333333333333,
        "balanced_acc": 0.6666666666666666,
        "TN": 1,
        "FP": 2,
        "FN": 0,
        "TP": 14,
        "confusion_matrix": [
          [
            1,
            2
          ],
          [
            0,
            14
          ]
        ]
      },
      "test": {
        "threshold": 0.5,
        "accuracy": 0.8378378378378378,
        "precision": 0.8787878787878788,
        "recall": 0.9354838709677419,
        "f1": 0.90625,
        "TNR": 0.3333333333333333,
        "TPR": 0.9354838709677419,
        "sensitivity": 0.9354838709677419,
        "specificity": 0.3333333333333333,
        "balanced_acc": 0.6344086021505376,
        "TN": 2,
        "FP": 4,
        "FN": 2,
        "TP": 29,
        "confusion_matrix": [
          [
            2,
            4
          ],
          [
            2,
            29
          ]
        ]
      }
    },
    {
      "threshold": "fixed",
      "threshold_value": 0.6,
      "val": {
        "threshold": 0.6,
        "accuracy": 0.8235294117647058,
        "precision": 0.8666666666666667,
        "recall": 0.9285714285714286,
        "f1": 0.896551724137931,
        "TNR": 0.3333333333333333,
        "TPR": 0.9285714285714286,
        "sensitivity": 0.9285714285714286,
        "specificity": 0.3333333333333333,
        "balanced_acc": 0.6309523809523809,
        "TN": 1,
        "FP": 2,
        "FN": 1,
        "TP": 13,
        "confusion_matrix": [
          [
            1,
            2
          ],
          [
            1,
            13
          ]
        ]
      },
      "test": {
        "threshold": 0.6,
        "accuracy": 0.8378378378378378,
        "precision": 0.8787878787878788,
        "recall": 0.9354838709677419,
        "f1": 0.90625,
        "TNR": 0.3333333333333333,
        "TPR": 0.9354838709677419,
        "sensitivity": 0.9354838709677419,
        "specificity": 0.3333333333333333,
        "balanced_acc": 0.6344086021505376,
        "TN": 2,
        "FP": 4,
        "FN": 2,
        "TP": 29,
        "confusion_matrix": [
          [
            2,
            4
          ],
          [
            2,
            29
          ]
        ]
      }
    },
    {
      "threshold": "fixed",
      "threshold_value": 0.7,
      "val": {
        "threshold": 0.7,
        "accuracy": 0.7058823529411765,
        "precision": 0.8461538461538461,
        "recall": 0.7857142857142857,
        "f1": 0.8148148148148148,
        "TNR": 0.3333333333333333,
        "TPR": 0.7857142857142857,
        "sensitivity": 0.7857142857142857,
        "specificity": 0.3333333333333333,
        "balanced_acc": 0.5595238095238095,
        "TN": 1,
        "FP": 2,
        "FN": 3,
        "TP": 11,
        "confusion_matrix": [
          [
            1,
            2
          ],
          [
            3,
            11
          ]
        ]
      },
      "test": {
        "threshold": 0.7,
        "accuracy": 0.7837837837837838,
        "precision": 0.8709677419354839,
        "recall": 0.8709677419354839,
        "f1": 0.8709677419354839,
        "TNR": 0.3333333333333333,
        "TPR": 0.8709677419354839,
        "sensitivity": 0.8709677419354839,
        "specificity": 0.3333333333333333,
        "balanced_acc": 0.6021505376344086,
        "TN": 2,
        "FP": 4,
        "FN": 4,
        "TP": 27,
        "confusion_matrix": [
          [
            2,
            4
          ],
          [
            4,
            27
          ]
        ]
      }
    },
    {
      "threshold": "fixed",
      "threshold_value": 0.8,
      "val": {
        "threshold": 0.8,
        "accuracy": 0.6470588235294118,
        "precision": 0.8333333333333334,
        "recall": 0.7142857142857143,
        "f1": 0.7692307692307693,
        "TNR": 0.3333333333333333,
        "TPR": 0.7142857142857143,
        "sensitivity": 0.7142857142857143,
        "specificity": 0.3333333333333333,
        "balanced_acc": 0.5238095238095238,
        "TN": 1,
        "FP": 2,
        "FN": 4,
        "TP": 10,
        "confusion_matrix": [
          [
            1,
            2
          ],
          [
            4,
            10
          ]
        ]
      },
      "test": {
        "threshold": 0.8,
        "accuracy": 0.7297297297297297,
        "precision": 0.8620689655172413,
        "recall": 0.8064516129032258,
        "f1": 0.8333333333333334,
        "TNR": 0.3333333333333333,
        "TPR": 0.8064516129032258,
        "sensitivity": 0.8064516129032258,
        "specificity": 0.3333333333333333,
        "balanced_acc": 0.5698924731182795,
        "TN": 2,
        "FP": 4,
        "FN": 6,
        "TP": 25,
        "confusion_matrix": [
          [
            2,
            4
          ],
          [
            6,
            25
          ]
        ]
      }
    },
    {
      "threshold": "fixed",
      "threshold_value": 0.9,
      "val": {
        "threshold": 0.9,
        "accuracy": 0.6470588235294118,
        "precision": 0.9,
        "recall": 0.6428571428571429,
        "f1": 0.75,
        "TNR": 0.6666666666666666,
        "TPR": 0.6428571428571429,
        "sensitivity": 0.6428571428571429,
        "specificity": 0.6666666666666666,
        "balanced_acc": 0.6547619047619048,
        "TN": 2,
        "FP": 1,
        "FN": 5,
        "TP": 9,
        "confusion_matrix": [
          [
            2,
            1
          ],
          [
            5,
            9
          ]
        ]
      },
      "test": {
        "threshold": 0.9,