{
  "day": "Dy24",
  "day_no": 24,
  "n_metabolite_features": 12,
  "n_image_features": 12,
  "n_total_features": 24,
  "test_accuracy": 0.8837209302325582,
  "test_f1_acceptable": 0.9295774647887324,
  "test_f1_notacceptable": 0.6666666666666666,
  "test_recall_acceptable": 0.9705882352941176,
  "test_recall_notacceptable": 0.5555555555555556,
  "test_precision_acceptable": 0.8918918918918919,
  "test_precision_notacceptable": 0.8333333333333334,
  "test_specificity": 0.5555555555555556,
  "test_pr_auc": 0.9834828048020402,
  "best_params": {
    "colsample_bytree": 0.8,
    "learning_rate": 0.05,
    "max_depth": 3,
    "min_child_samples": 10,
    "n_estimators": 200,
    "num_leaves": 31,
    "subsample": 0.8
  },
  "cv_score": 0.5964912280701754,
  "pca_explained_variance": 0.5221850872039795,
  "confusion_matrix": {
    "TP": 33,
    "FP": 4,
    "TN": 5,
    "FN": 1
  }
}