{
  "n_components": 12,
  "explained_variance_ratio": [
    0.14395061135292053,
    0.08988454937934875,
    0.0491393506526947,
    0.038691263645887375,
    0.03675951436161995,
    0.03528814762830734,
    0.028310326859354973,
    0.02462897077202797,
    0.020245036110281944,
    0.01890583150088787,
    0.018697263672947884,
    0.017684247344732285
  ],
  "total_explained_variance": 0.5221850872039795
}