{
  "day": "Dy15",
  "split": "val",
  "accuracy": 0.8518518518518519,
  "f1": 0.9047619047619048,
  "roc_auc": 0.7714285714285714,
  "pr_auc": 0.8976031449057766,
  "n": 27,
  "batch_size": 16
}