{
  "day": "Dy3",
  "split": "val",
  "accuracy": 0.7586206896551724,
  "f1": 0.8292682926829268,
  "roc_auc": 0.7777777777777778,
  "pr_auc": 0.9086887294656767,
  "n": 29,
  "batch_size": 16,
  "input_key": "img_path",
  "use_mask": true
}