{
  "day": "Dy6",
  "split": "val",
  "brier": 0.12284545600414276,
  "rmse": 0.3504931628704071,
  "acc@0.5": 0.7407407407407407,
  "f1@0.5": 0.8444444444444444,
  "corr": 0.7302490472793579,
  "roc_auc": 0.95,
  "pr_auc": 0.9870370370370372,
  "chosen_threshold": 0.76,
  "threshold_method": "max_f1",
  "min_precision": null,
  "n": 27,
  "batch_size": 16
}