{
  "day": "Dy6",
  "day_no": 600,
  "split": "test",
  "brier": 0.19867312908172607,
  "rmse": 0.4457276463508606,
  "corr": 0.4436480700969696,
  "acc@0.5": 0.7037037037037037,
  "f1@0.5": 0.8260869565217391,
  "actual_good@0.5": 19,
  "predicted_good@0.5": 27,
  "acc@t*": 0.7407407407407407,
  "f1@t*": 0.8205128205128205,
  "bal_acc@t*": 0.6710526315789473,
  "roc_auc": 0.7631578947368421,
  "pr_auc": 0.886861227718005,
  "threshold_used": 0.76,
  "threshold_method": "max_f1",
  "min_precision": null,
  "val_brier_for_selection": 0.12284545600414276,
  "val_n": 27,
  "test_n": 27,
  "batch_size_train": 16,
  "batch_size_valtest": 16,
  "backbone_key": "resnet"
}