{
  "model_type": "effnet_ts",
  "day": 10,
  "best_val_acc": 0.8823529481887817,
  "optimal_threshold": 0.76,
  "val_at_optimal": {
    "threshold": 0.76,
    "accuracy": 0.8235294117647058,
    "precision": 0.9230769230769231,
    "recall": 0.8571428571428571,
    "f1": 0.8888888888888888,
    "TNR": 0.6666666666666666,
    "TPR": 0.8571428571428571,
    "sensitivity": 0.8571428571428571,
    "specificity": 0.6666666666666666,
    "balanced_acc": 0.7619047619047619,
    "TN": 2,
    "FP": 1,
    "FN": 2,
    "TP": 12,
    "confusion_matrix": [
      [
        2,
        1
      ],
      [
        2,
        12
      ]
    ]
  },
  "test_at_optimal": {
    "threshold": 0.76,
    "accuracy": 0.8918918918918919,
    "precision": 0.8857142857142857,
    "recall": 1.0,
    "f1": 0.9393939393939394,
    "TNR": 0.3333333333333333,
    "TPR": 1.0,
    "sensitivity": 1.0,
    "specificity": 0.3333333333333333,
    "balanced_acc": 0.6666666666666666,
    "TN": 2,
    "FP": 4,
    "FN": 0,
    "TP": 31,
    "confusion_matrix": [
      [
        2,
        4
      ],
      [
        0,
        31
      ]
    ]
  },
  "val_at_0.5": {
    "threshold": 0.5,
    "accuracy": 0.8823529411764706,
    "precision": 0.875,
    "recall": 1.0,
    "f1": 0.9333333333333333,
    "TNR": 0.3333333333333333,
    "TPR": 1.0,
    "sensitivity": 1.0,
    "specificity": 0.3333333333333333,
    "balanced_acc": 0.6666666666666666,
    "TN": 1,
    "FP": 2,
    "FN": 0,
    "TP": 14,
    "confusion_matrix": [
      [
        1,
        2
      ],
      [
        0,
        14
      ]
    ]
  },
  "test_at_0.5": {
    "threshold": 0.5,
    "accuracy": 0.8648648648648649,
    "precision": 0.8611111111111112,
    "recall": 1.0,
    "f1": 0.9253731343283582,
    "TNR": 0.16666666666666666,
    "TPR": 1.0,
    "sensitivity": 1.0,
    "specificity": 0.16666666666666666,
    "balanced_acc": 0.5833333333333334,
    "TN": 1,
    "FP": 5,
    "FN": 0,
    "TP": 31,
    "confusion_matrix": [
      [
        1,
        5
      ],
      [
        0,
        31
      ]
    ]
  },
  "threshold_results": [
    {
      "threshold": "fixed",
      "threshold_value": 0.5,
      "val": {
        "threshold": 0.5,
        "accuracy": 0.8823529411764706,
        "precision": 0.875,
        "recall": 1.0,
        "f1": 0.9333333333333333,
        "TNR": 0.3333333333333333,
        "TPR": 1.0,
        "sensitivity": 1.0,
        "specificity": 0.3333333333333333,
        "balanced_acc": 0.6666666666666666,
        "TN": 1,
        "FP": 2,
        "FN": 0,
        "TP": 14,
        "confusion_matrix": [
          [
            1,
            2
          ],
          [
            0,
            14
          ]
        ]
      },
      "test": {
        "threshold": 0.5,
        "accuracy": 0.8648648648648649,
        "precision": 0.8611111111111112,
        "recall": 1.0,
        "f1": 0.9253731343283582,
        "TNR": 0.16666666666666666,
        "TPR": 1.0,
        "sensitivity": 1.0,
        "specificity": 0.16666666666666666,
        "balanced_acc": 0.5833333333333334,
        "TN": 1,
        "FP": 5,
        "FN": 0,
        "TP": 31,
        "confusion_matrix": [
          [
            1,
            5
          ],
          [
            0,
            31
          ]
        ]
      }
    },
    {
      "threshold": "fixed",
      "threshold_value": 0.6,
      "val": {
        "threshold": 0.6,
        "accuracy": 0.8823529411764706,
        "precision": 0.875,
        "recall": 1.0,
        "f1": 0.9333333333333333,
        "TNR": 0.3333333333333333,
        "TPR": 1.0,
        "sensitivity": 1.0,
        "specificity": 0.3333333333333333,
        "balanced_acc": 0.6666666666666666,
        "TN": 1,
        "FP": 2,
        "FN": 0,
        "TP": 14,
        "confusion_matrix": [
          [
            1,
            2
          ],
          [
            0,
            14
          ]
        ]
      },
      "test": {
        "threshold": 0.6,
        "accuracy": 0.8648648648648649,
        "precision": 0.8611111111111112,
        "recall": 1.0,
        "f1": 0.9253731343283582,
        "TNR": 0.16666666666666666,
        "TPR": 1.0,
        "sensitivity": 1.0,
        "specificity": 0.16666666666666666,
        "balanced_acc": 0.5833333333333334,
        "TN": 1,
        "FP": 5,
        "FN": 0,
        "TP": 31,
        "confusion_matrix": [
          [
            1,
            5
          ],
          [
            0,
            31
          ]
        ]
      }
    },
    {
      "threshold": "fixed",
      "threshold_value": 0.7,
      "val": {
        "threshold": 0.7,
        "accuracy": 0.8823529411764706,
        "precision": 0.875,
        "recall": 1.0,
        "f1": 0.9333333333333333,
        "TNR": 0.3333333333333333,
        "TPR": 1.0,
        "sensitivity": 1.0,
        "specificity": 0.3333333333333333,
        "balanced_acc": 0.6666666666666666,
        "TN": 1,
        "FP": 2,
        "FN": 0,
        "TP": 14,
        "confusion_matrix": [
          [
            1,
            2
          ],
          [
            0,
            14
          ]
        ]
      },
      "test": {
        "threshold": 0.7,
        "accuracy": 0.8648648648648649,
        "precision": 0.8611111111111112,
        "recall": 1.0,
        "f1": 0.9253731343283582,
        "TNR": 0.16666666666666666,
        "TPR": 1.0,
        "sensitivity": 1.0,
        "specificity": 0.16666666666666666,
        "balanced_acc": 0.5833333333333334,
        "TN": 1,
        "FP": 5,
        "FN": 0,
        "TP": 31,
        "confusion_matrix": [
          [
            1,
            5
          ],
          [
            0,
            31
          ]
        ]
      }
    },
    {
      "threshold": "fixed",
      "threshold_value": 0.8,
      "val": {
        "threshold": 0.8,
        "accuracy": 0.7647058823529411,
        "precision": 0.9166666666666666,
        "recall": 0.7857142857142857,
        "f1": 0.8461538461538461,
        "TNR": 0.6666666666666666,
        "TPR": 0.7857142857142857,
        "sensitivity": 0.7857142857142857,
        "specificity": 0.6666666666666666,
        "balanced_acc": 0.7261904761904762,
        "TN": 2,
        "FP": 1,
        "FN": 3,
        "TP": 11,
        "confusion_matrix": [
          [
            2,
            1
          ],
          [
            3,
            11
          ]
        ]
      },
      "test": {
        "threshold": 0.8,
        "accuracy": 0.7837837837837838,
        "precision": 0.896551724137931,
        "recall": 0.8387096774193549,
        "f1": 0.8666666666666667,
        "TNR": 0.5,
        "TPR": 0.8387096774193549,
        "sensitivity": 0.8387096774193549,
        "specificity": 0.5,
        "balanced_acc": 0.6693548387096775,
        "TN": 3,
        "FP": 3,
        "FN": 5,
        "TP": 26,
        "confusion_matrix": [
          [
            3,
            3
          ],
          [
            5,
            26
          ]
        ]
      }
    },
    {
      "threshold": "fixed",
      "threshold_value": 0.9,
      "val": {
        "threshold": 0.9,
        "accuracy": 0.17647058823529413,
        "precision": 0.0,
        "recall": 0.0,
        "f1": 0.0,
        "TNR": 1.0,
        "TPR": 0.0,
        "sensitivity": 0.0,
        "specificity": 1.0,
        "balanced_acc": 0.5,
        "TN": 3,
        "FP": 0,
        "FN": 14,
        "TP": 0,
        "confusion_matrix": [
          [
            3,
            0
          ],
          [
            14,
            0
          ]
        ]
      },
      "test": {
        "threshold": 0.9,
        "accuracy": 0.16216216216216217,
        "precision": 0.0,
        "recall": 0.0,
        "f1": 0.0,
        "TNR": 1.0,
        "TPR": 0.0,
        "sensitivity": 0.0,
        "specificity": 1.0,
        "balanced_acc": 0.5,
        "TN": 6,
        "FP": 0,
        "FN": 31,
        "TP": 0,