{
  "day": "Dy28",
  "split": "val",
  "accuracy": 0.9629629629629629,
  "f1": 0.975609756097561,
  "roc_auc": 0.9714285714285715,
  "pr_auc": 0.9897096908939016,
  "n": 27,
  "batch_size": 16
}