{
  "day": "Dy6",
  "split": "val",
  "accuracy": 0.7241379310344828,
  "f1": 0.8,
  "roc_auc": 0.6833333333333333,
  "pr_auc": 0.8237876279394318,
  "n": 29,
  "batch_size": 16,
  "input_key": "img_path",
  "use_mask": true
}