{
  "day": "Dy24",
  "split": "val",
  "accuracy": 0.9629629629629629,
  "f1": 0.9743589743589743,
  "n": 27,
  "batch_size": 16
}