{
  "day": "Dy17",
  "split": "val",
  "accuracy": 0.8148148148148148,
  "f1": 0.8780487804878049,
  "n": 27,
  "batch_size": 16
}