{
  "day": "Dy24",
  "split": "val",
  "accuracy": 0.896551724137931,
  "f1": 0.9302325581395349,
  "roc_auc": 0.8666666666666667,
  "pr_auc": 0.913828725463451,
  "n": 29,
  "batch_size": 16,
  "input_key": "img_path",
  "use_mask": false
}