{
  "day": "Dy24",
  "day_no": 24,
  "split": "test",
  "accuracy": 0.7586206896551724,
  "f1": 0.8108108108108109,
  "roc_auc": 0.8277777777777777,
  "pr_auc": 0.9144437429055146,
  "val_accuracy_for_selection": 0.896551724137931,
  "val_n": 29,
  "test_n": 29,
  "actual_good": 20,
  "predicted_good": 17,
  "batch_size_train": 16,
  "batch_size_valtest": 16,
  "backbone_key": "vit",
  "input_key": "img_path",
  "use_mask": false
}