{
  "n_components": 12,
  "explained_variance_ratio": [
    0.12623269855976105,
    0.0775599479675293,
    0.06731506437063217,
    0.042391110211610794,
    0.035531267523765564,
    0.031083445996046066,
    0.028430229052901268,
    0.024268757551908493,
    0.021239066496491432,
    0.020680950954556465,
    0.017410701140761375,
    0.01708674244582653
  ],
  "total_explained_variance": 0.5092299580574036
}