{
  "day": "Dy3",
  "day_no": 300,
  "split": "test",
  "brier": 0.1980976015329361,
  "rmse": 0.44508156180381775,
  "corr": 0.28747379779815674,
  "acc@0.5": 0.7037037037037037,
  "f1@0.5": 0.8181818181818182,
  "actual_good@0.5": 19,
  "predicted_good@0.5": 25,
  "acc@t*": 0.7037037037037037,
  "f1@t*": 0.8095238095238095,
  "bal_acc@t*": 0.5723684210526316,
  "roc_auc": 0.6973684210526315,
  "pr_auc": 0.8681884298404017,
  "threshold_used": 0.644,
  "threshold_method": "max_f1",
  "min_precision": null,
  "val_brier_for_selection": 0.13595427572727203,
  "val_n": 27,
  "test_n": 27,
  "batch_size_train": 16,
  "batch_size_valtest": 16,
  "backbone_key": "resnet"
}