{
  "day": "Dy3",
  "split": "val",
  "brier": 0.13595427572727203,
  "rmse": 0.36871978640556335,
  "acc@0.5": 0.7777777777777778,
  "f1@0.5": 0.8695652173913043,
  "corr": 0.6012730002403259,
  "roc_auc": 0.8785714285714286,
  "pr_auc": 0.9632572040962135,
  "chosen_threshold": 0.644,
  "threshold_method": "max_f1",
  "min_precision": null,
  "n": 27,
  "batch_size": 16
}