{
  "day": "Dy13",
  "split": "val",
  "accuracy": 0.7931034482758621,
  "f1": 0.8695652173913043,
  "n": 29,
  "batch_size": 16
}