{
  "per_model": {
    "vit": {
      "per_day": {
        "Dy3": {
          "day_no": 3,
          "test_accuracy": 0.6551724137931034,
          "test_f1": 0.7916666666666666,
          "test_roc_auc": 0.7678571428571428,
          "val_accuracy": 0.7931034482758621,
          "val_roc_auc": 0.7055555555555556,
          "test_num": 29
        },
        "Dy6": {
          "day_no": 6,
          "test_accuracy": 0.6206896551724138,
          "test_f1": 0.7441860465116279,
          "test_roc_auc": 0.5535714285714285,
          "val_accuracy": 0.7931034482758621,
          "val_roc_auc": 0.75,
          "test_num": 29
        },
        "Dy8": {
          "day_no": 8,
          "test_accuracy": 0.4827586206896552,
          "test_f1": 0.5161290322580645,
          "test_roc_auc": 0.5595238095238095,
          "val_accuracy": 0.6896551724137931,
          "val_roc_auc": 0.711111111111111,
          "test_num": 29
        },
        "Dy10": {
          "day_no": 10,
          "test_accuracy": 0.5172413793103449,
          "test_f1": 0.631578947368421,
          "test_roc_auc": 0.5714285714285714,
          "val_accuracy": 0.7931034482758621,
          "val_roc_auc": 0.6944444444444444,
          "test_num": 29
        },
        "Dy13": {
          "day_no": 13,
          "test_accuracy": 0.5862068965517241,
          "test_f1": 0.7391304347826086,
          "test_roc_auc": 0.3571428571428571,
          "val_accuracy": 0.7241379310344828,
          "val_roc_auc": 0.5833333333333333,
          "test_num": 29
        },
        "Dy15": {
          "day_no": 15,
          "test_accuracy": 0.5172413793103449,
          "test_f1": 0.6818181818181818,
          "test_roc_auc": 0.6071428571428571,
          "val_accuracy": 0.7241379310344828,
          "val_roc_auc": 0.55,
          "test_num": 29
        },
        "Dy17": {
          "day_no": 17,
          "test_accuracy": 0.7586206896551724,
          "test_f1": 0.8372093023255814,
          "test_roc_auc": 0.6488095238095237,
          "val_accuracy": 0.7586206896551724,
          "val_roc_auc": 0.6777777777777778,
          "test_num": 29
        },
        "Dy20_5": {
          "day_no": 20,
          "test_accuracy": 0.7931034482758621,
          "test_f1": 0.8636363636363636,
          "test_roc_auc": 0.7202380952380952,
          "val_accuracy": 0.8620689655172413,
          "val_roc_auc": 0.6964285714285714,
          "test_num": 29
        },
        "Dy24": {
          "day_no": 24,
          "test_accuracy": 0.7931034482758621,
          "test_f1": 0.8571428571428571,
          "test_roc_auc": 0.7222222222222223,
          "val_accuracy": 0.9310344827586207,
          "val_roc_auc": 0.8833333333333333,
          "test_num": 29
        },
        "Dy28": {
          "day_no": 28,
          "test_accuracy": 0.8333333333333334,
          "test_f1": 0.8837209302325582,
          "test_roc_auc": 0.8941798941798942,
          "val_accuracy": 0.9,
          "val_roc_auc": 0.7936507936507937,
          "test_num": 30
        },
        "Dy30": {
          "day_no": 30,
          "test_accuracy": 0.9333333333333333,
          "test_f1": 0.9545454545454546,
          "test_roc_auc": 0.9629629629629629,
          "val_accuracy": 0.9333333333333333,
          "val_roc_auc": 0.8518518518518519,
          "test_num": 30
        }
      }
    },
    "resnet": {
      "per_day": {
        "Dy3": {
          "day_no": 3,
          "test_accuracy": 0.6551724137931034,
          "test_f1": 0.7368421052631579,
          "test_roc_auc": 0.6666666666666667,
          "val_accuracy": 0.7931034482758621,
          "val_roc_auc": 0.7944444444444445,
          "test_num": 29
        },
        "Dy6": {
          "day_no": 6,
          "test_accuracy": 0.6206896551724138,
          "test_f1": 0.717948717948718,
          "test_roc_auc": 0.6369047619047619,
          "val_accuracy": 0.6896551724137931,
          "val_roc_auc": 0.6722222222222223,
          "test_num": 29
        },
        "Dy8": {
          "day_no": 8,
          "test_accuracy": 0.6206896551724138,
          "test_f1": 0.7441860465116279,
          "test_roc_auc": 0.7202380952380952,
          "val_accuracy": 0.7931034482758621,
          "val_roc_auc": 0.7722222222222223,
          "test_num": 29
        },
        "Dy10": {
          "day_no": 10,
          "test_accuracy": 0.5862068965517241,
          "test_f1": 0.7142857142857143,
          "test_roc_auc": 0.636904761904762,
          "val_accuracy": 0.7241379310344828,
          "val_roc_auc": 0.7,
          "test_num": 29
        },
        "Dy13": {
          "day_no": 13,
          "test_accuracy": 0.5517241379310345,
          "test_f1": 0.6666666666666666,
          "test_roc_auc": 0.5059523809523809,
          "val_accuracy": 0.7241379310344828,
          "val_roc_auc": 0.6055555555555555,
          "test_num": 29
        },
        "Dy15": {
          "day_no": 15,
          "test_accuracy": 0.7241379310344828,
          "test_f1": 0.84,
          "test_roc_auc": 0.5059523809523809,
          "val_accuracy": 0.7586206896551724,
          "val_roc_auc": 0.48888888888888893,
          "test_num": 29
        },
        "Dy17": {
          "day_no": 17,
          "test_accuracy": 0.7241379310344828,
          "test_f1": 0.84,
          "test_roc_auc": 0.744047619047619,
          "val_accuracy": 0.6896551724137931,
          "val_roc_auc": 0.5777777777777777,
          "test_num": 29
        },
        "Dy20_5": {
          "day_no": 20,
          "test_accuracy": 0.7931034482758621,
          "test_f1": 0.85,
          "test_roc_auc": 0.7559523809523809,
          "val_accuracy": 0.896551724137931,
          "val_roc_auc": 0.7321428571428571,
          "test_num": 29
        },
        "Dy24": {
          "day_no": 24,
          "test_accuracy": 0.7931034482758621,
          "test_f1": 0.85,
          "test_roc_auc": 0.7277777777777779,
          "val_accuracy": 0.9310344827586207,
          "val_roc_auc": 0.9111111111111111,
          "test_num": 29
        },
        "Dy28": {
          "day_no": 28,
          "test_accuracy": 0.7666666666666667,
          "test_f1": 0.8444444444444444,
          "test_roc_auc": 0.91005291005291,
          "val_accuracy": 0.9,
          "val_roc_auc": 0.8412698412698414,
          "test_num": 30
        },
        "Dy30": {
          "day_no": 30,
          "test_accuracy": 0.8666666666666667,
          "test_f1": 0.9130434782608695,
          "test_roc_auc": 0.888888888888889,
          "val_accuracy": 0.9333333333333333,
          "val_roc_auc": 0.91005291005291,
          "test_num": 30
        }
      }
    },
    "cnn": {
      "per_day": {
        "Dy3": {
          "day_no": 3,
          "test_accuracy": 0.6206896551724138,
          "test_f1": 0.7027027027027027,
          "test_roc_auc": 0.7083333333333334,
          "val_accuracy": 0.6896551724137931,
          "val_roc_auc": 0.6888888888888889,
          "test_num": 29
        },
        "Dy6": {
          "day_no": 6,
          "test_accuracy": 0.8620689655172413,
          "test_f1": 0.9047619047619048,
          "test_roc_auc": 0.8571428571428571,
          "val_accuracy": 0.8275862068965517,
          "val_roc_auc": 0.8555555555555555,
          "test_num": 29
        },
        "Dy8": {
          "day_no": 8,
          "test_accuracy": 0.7241379310344828,
          "test_f1": 0.84,
          "test_roc_auc": 0.4345238095238095,
          "val_accuracy": 0.6896551724137931,
          "val_roc_auc": 0.5722222222222222,
          "test_num": 29
        },
        "Dy10": {
          "day_no": 10,
          "test_accuracy": 0.6896551724137931,
          "test_f1": 0.7804878048780488,
          "test_roc_auc": 0.6190476190476191,
          "val_accuracy": 0.7931034482758621,
          "val_roc_auc": 0.6666666666666667,
          "test_num": 29
        },
        "Dy13": {
          "day_no": 13,
          "test_accuracy": 0.7241379310344828,
          "test_f1": 0.84,