{
  "day": "Dy30",
  "day_no": 3000,
  "split": "test",
  "brier": 0.18003033101558685,
  "rmse": 0.42429980635643005,
  "corr": 0.5273116230964661,
  "acc@0.5": 0.7777777777777778,
  "f1@0.5": 0.85,
  "actual_good@0.5": 19,
  "predicted_good@0.5": 21,
  "acc@t*": 0.7407407407407407,
  "f1@t*": 0.8292682926829268,
  "bal_acc@t*": 0.6348684210526316,
  "roc_auc": 0.888157894736842,
  "pr_auc": 0.9553005945087653,
  "threshold_used": 0.121,
  "threshold_method": "max_f1",
  "min_precision": null,
  "val_brier_for_selection": 0.0005406130803748965,
  "val_n": 27,
  "test_n": 27,
  "batch_size_train": 16,
  "batch_size_valtest": 16,
  "backbone_key": "vit"
}