{
  "day": "Dy30",
  "split": "val",
  "brier": 0.0005406130803748965,
  "rmse": 0.023251088336110115,
  "acc@0.5": 1.0,
  "f1@0.5": 1.0,
  "corr": 0.9987561702728271,
  "roc_auc": 1.0,
  "pr_auc": 1.0,
  "chosen_threshold": 0.121,
  "threshold_method": "max_f1",
  "min_precision": null,
  "n": 27,
  "batch_size": 16
}