{
  "day": "Dy10",
  "split": "val",
  "accuracy": 0.8275862068965517,
  "f1": 0.8888888888888888,
  "roc_auc": 0.7888888888888889,
  "pr_auc": 0.8526615923075743,
  "n": 29,
  "batch_size": 16,
  "input_key": "overlay_path",
  "use_mask": true
}