{
  "n_components": 12,
  "explained_variance_ratio": [
    0.18888600170612335,
    0.08250238001346588,
    0.07125568389892578,
    0.05228850618004799,
    0.04420096427202225,
    0.04036618024110794,
    0.031611666083335876,
    0.02526349574327469,
    0.02472364716231823,
    0.0206159520894289,
    0.017512837424874306,
    0.01681867055594921
  ],
  "total_explained_variance": 0.6160459518432617
}