{
  "day": "Dy6",
  "split": "val",
  "accuracy": 0.6896551724137931,
  "f1": 0.7804878048780488,
  "n": 29,
  "batch_size": 16
}