{
  "model_type": "per_day",
  "day": 28,
  "best_val_acc": 0.8888888955116272,
  "optimal_threshold": 0.69,
  "val_at_optimal": {
    "threshold": 0.69,
    "accuracy": 0.7222222222222222,
    "precision": 1.0,
    "recall": 0.6428571428571429,
    "f1": 0.782608695652174,
    "TNR": 1.0,
    "TPR": 0.6428571428571429,
    "sensitivity": 0.6428571428571429,
    "specificity": 1.0,
    "balanced_acc": 0.8214285714285714,
    "TN": 4,
    "FP": 0,
    "FN": 5,
    "TP": 9,
    "confusion_matrix": [
      [
        4,
        0
      ],
      [
        5,
        9
      ]
    ]
  },
  "test_at_optimal": {
    "threshold": 0.69,
    "accuracy": 0.5454545454545454,
    "precision": 0.9411764705882353,
    "recall": 0.45714285714285713,
    "f1": 0.6153846153846154,
    "TNR": 0.8888888888888888,
    "TPR": 0.45714285714285713,
    "sensitivity": 0.45714285714285713,
    "specificity": 0.8888888888888888,
    "balanced_acc": 0.673015873015873,
    "TN": 8,
    "FP": 1,
    "FN": 19,
    "TP": 16,
    "confusion_matrix": [
      [
        8,
        1
      ],
      [
        19,
        16
      ]
    ]
  },
  "val_at_0.5": {
    "threshold": 0.5,
    "accuracy": 0.8888888888888888,
    "precision": 0.875,
    "recall": 1.0,
    "f1": 0.9333333333333333,
    "TNR": 0.5,
    "TPR": 1.0,
    "sensitivity": 1.0,
    "specificity": 0.5,
    "balanced_acc": 0.75,
    "TN": 2,
    "FP": 2,
    "FN": 0,
    "TP": 14,
    "confusion_matrix": [
      [
        2,
        2
      ],
      [
        0,
        14
      ]
    ]
  },
  "test_at_0.5": {
    "threshold": 0.5,
    "accuracy": 0.7727272727272727,
    "precision": 0.9032258064516129,
    "recall": 0.8,
    "f1": 0.8484848484848485,
    "TNR": 0.6666666666666666,
    "TPR": 0.8,
    "sensitivity": 0.8,
    "specificity": 0.6666666666666666,
    "balanced_acc": 0.7333333333333334,
    "TN": 6,
    "FP": 3,
    "FN": 7,
    "TP": 28,
    "confusion_matrix": [
      [
        6,
        3
      ],
      [
        7,
        28
      ]
    ]
  },
  "threshold_results": [
    {
      "threshold": "fixed",
      "threshold_value": 0.5,
      "val": {
        "threshold": 0.5,
        "accuracy": 0.8888888888888888,
        "precision": 0.875,
        "recall": 1.0,
        "f1": 0.9333333333333333,
        "TNR": 0.5,
        "TPR": 1.0,
        "sensitivity": 1.0,
        "specificity": 0.5,
        "balanced_acc": 0.75,
        "TN": 2,
        "FP": 2,
        "FN": 0,
        "TP": 14,
        "confusion_matrix": [
          [
            2,
            2
          ],
          [
            0,
            14
          ]
        ]
      },
      "test": {
        "threshold": 0.5,
        "accuracy": 0.7727272727272727,
        "precision": 0.9032258064516129,
        "recall": 0.8,
        "f1": 0.8484848484848485,
        "TNR": 0.6666666666666666,
        "TPR": 0.8,
        "sensitivity": 0.8,
        "specificity": 0.6666666666666666,
        "balanced_acc": 0.7333333333333334,
        "TN": 6,
        "FP": 3,
        "FN": 7,
        "TP": 28,
        "confusion_matrix": [
          [
            6,
            3
          ],
          [
            7,
            28
          ]
        ]
      }
    },
    {
      "threshold": "fixed",
      "threshold_value": 0.6,
      "val": {
        "threshold": 0.6,
        "accuracy": 0.7777777777777778,
        "precision": 0.8571428571428571,
        "recall": 0.8571428571428571,
        "f1": 0.8571428571428571,
        "TNR": 0.5,
        "TPR": 0.8571428571428571,
        "sensitivity": 0.8571428571428571,
        "specificity": 0.5,
        "balanced_acc": 0.6785714285714286,
        "TN": 2,
        "FP": 2,
        "FN": 2,
        "TP": 12,
        "confusion_matrix": [
          [
            2,
            2
          ],
          [
            2,
            12
          ]
        ]
      },
      "test": {
        "threshold": 0.6,
        "accuracy": 0.6136363636363636,
        "precision": 0.9090909090909091,
        "recall": 0.5714285714285714,
        "f1": 0.7017543859649122,
        "TNR": 0.7777777777777778,
        "TPR": 0.5714285714285714,
        "sensitivity": 0.5714285714285714,
        "specificity": 0.7777777777777778,
        "balanced_acc": 0.6746031746031746,
        "TN": 7,
        "FP": 2,
        "FN": 15,
        "TP": 20,
        "confusion_matrix": [
          [
            7,
            2
          ],
          [
            15,
            20
          ]
        ]
      }
    },
    {
      "threshold": "fixed",
      "threshold_value": 0.7,
      "val": {
        "threshold": 0.7,
        "accuracy": 0.6666666666666666,
        "precision": 1.0,
        "recall": 0.5714285714285714,
        "f1": 0.7272727272727273,
        "TNR": 1.0,
        "TPR": 0.5714285714285714,
        "sensitivity": 0.5714285714285714,
        "specificity": 1.0,
        "balanced_acc": 0.7857142857142857,
        "TN": 4,
        "FP": 0,
        "FN": 6,
        "TP": 8,
        "confusion_matrix": [
          [
            4,
            0
          ],
          [
            6,
            8
          ]
        ]
      },
      "test": {
        "threshold": 0.7,
        "accuracy": 0.5454545454545454,
        "precision": 0.9411764705882353,
        "recall": 0.45714285714285713,
        "f1": 0.6153846153846154,
        "TNR": 0.8888888888888888,
        "TPR": 0.45714285714285713,
        "sensitivity": 0.45714285714285713,
        "specificity": 0.8888888888888888,
        "balanced_acc": 0.673015873015873,
        "TN": 8,
        "FP": 1,
        "FN": 19,
        "TP": 16,
        "confusion_matrix": [
          [
            8,
            1
          ],
          [
            19,
            16
          ]
        ]
      }
    },
    {
      "threshold": "fixed",
      "threshold_value": 0.8,
      "val": {
        "threshold": 0.8,
        "accuracy": 0.3888888888888889,
        "precision": 1.0,
        "recall": 0.21428571428571427,
        "f1": 0.35294117647058826,
        "TNR": 1.0,
        "TPR": 0.21428571428571427,
        "sensitivity": 0.21428571428571427,
        "specificity": 1.0,
        "balanced_acc": 0.6071428571428571,
        "TN": 4,
        "FP": 0,
        "FN": 11,
        "TP": 3,
        "confusion_matrix": [
          [
            4,
            0
          ],
          [
            11,
            3
          ]
        ]
      },
      "test": {
        "threshold": 0.8,
        "accuracy": 0.29545454545454547,
        "precision": 1.0,
        "recall": 0.11428571428571428,
        "f1": 0.20512820512820512,
        "TNR": 1.0,
        "TPR": 0.11428571428571428,
        "sensitivity": 0.11428571428571428,
        "specificity": 1.0,
        "balanced_acc": 0.5571428571428572,
        "TN": 9,
        "FP": 0,
        "FN": 31,
        "TP": 4,
        "confusion_matrix": [
          [
            9,
            0
          ],
          [
            31,
            4
          ]
        ]
      }
    },
    {
      "threshold": "fixed",
      "threshold_value": 0.9,
      "val": {
        "threshold": 0.9,
        "accuracy": 0.2222222222222222,
        "precision": 0.0,
        "recall": 0.0,
        "f1": 0.0,
        "TNR": 1.0,
        "TPR": 0.0,
        "sensitivity": 0.0,
        "specificity": 1.0,
        "balanced_acc": 0.5,
        "TN": 4,
        "FP": 0,
        "FN": 14,
        "TP": 0,
        "confusion_matrix": [
          [
            4,
            0
          ],
          [
            14,
            0
          ]
        ]
      },
      "test": {
        "threshold": 0.9,
        "accuracy": 0.20454545454545456,
        "precision": 0.0,
        "recall": 0.0,
        "f1": 0.0,
        "TNR": 1.0,
        "TPR": 0.0,
        "sensitivity": 0.0,
        "specificity": 1.0,
        "balanced_acc": 0.5,
        "TN": 9,
        "FP": 0,
        "FN": 35,
        "TP": 0,