{
  "day": "Dy24",
  "day_no": 24,
  "split": "test",
  "accuracy": 0.7777777777777778,
  "f1": 0.8571428571428571,
  "roc_auc": 0.7828947368421053,
  "pr_auc": 0.8921935123471774,
  "val_accuracy_for_selection": 1.0,
  "val_n": 27,
  "test_n": 27,
  "actual_good": 19,
  "predicted_good": 23,
  "batch_size_train": 16,
  "batch_size_valtest": 16,
  "backbone_key": "resnet"
}