{
  "n_components": 12,
  "explained_variance_ratio": [
    0.13568760454654694,
    0.10789081454277039,
    0.08486369252204895,
    0.0487564392387867,
    0.046754881739616394,
    0.04046814516186714,
    0.029664142057299614,
    0.02491079457104206,
    0.022960904985666275,
    0.020294461399316788,
    0.018645279109477997,
    0.017208881676197052
  ],
  "total_explained_variance": 0.5981060266494751
}