{
  "day": "Dy8",
  "split": "val",
  "accuracy": 0.7241379310344828,
  "f1": 0.8260869565217391,
  "roc_auc": 0.6222222222222222,
  "pr_auc": 0.8436848097160474,
  "n": 29,
  "batch_size": 16,
  "input_key": "img_path",
  "use_mask": true
}