{
  "day": "Dy6",
  "day_no": 600,
  "split": "test",
  "brier": 0.17113417387008667,
  "rmse": 0.4136836528778076,
  "corr": 0.4580061137676239,
  "acc@0.5": 0.7407407407407407,
  "f1@0.5": 0.8444444444444444,
  "actual_good@0.5": 19,
  "predicted_good@0.5": 26,
  "acc@t*": 0.7407407407407407,
  "f1@t*": 0.8205128205128205,
  "bal_acc@t*": 0.6710526315789473,
  "roc_auc": 0.7697368421052632,
  "pr_auc": 0.887193446239078,
  "threshold_used": 0.605,
  "threshold_method": "max_f1",
  "min_precision": null,
  "val_brier_for_selection": 0.12365048378705978,
  "val_n": 27,
  "test_n": 27,
  "batch_size_train": 16,
  "batch_size_valtest": 16,
  "backbone_key": "resnet"
}