{
  "day": "Dy6",
  "split": "val",
  "brier": 0.12365048378705978,
  "rmse": 0.3516397178173065,
  "acc@0.5": 0.7037037037037037,
  "f1@0.5": 0.8181818181818182,
  "corr": 0.621098518371582,
  "roc_auc": 0.9071428571428571,
  "pr_auc": 0.9738299595141702,
  "chosen_threshold": 0.605,
  "threshold_method": "max_f1",
  "min_precision": null,
  "n": 27,
  "batch_size": 16
}