{
  "day": "Dy20_5",
  "split": "val",
  "brier": 0.03868763893842697,
  "rmse": 0.19669173657894135,
  "acc@0.5": 0.9629629629629629,
  "f1@0.5": 0.9743589743589743,
  "corr": 0.9025759696960449,
  "roc_auc": 0.9928571428571429,
  "pr_auc": 0.9976190476190476,
  "chosen_threshold": 0.403,
  "threshold_method": "max_f1",
  "min_precision": null,
  "n": 27,
  "batch_size": 16
}