{
  "day": "Dy20_5",
  "day_no": 2050,
  "split": "test",
  "brier": 0.15766915678977966,
  "rmse": 0.39707574248313904,
  "corr": 0.5386682748794556,
  "acc@0.5": 0.8148148148148148,
  "f1@0.5": 0.8717948717948718,
  "actual_good@0.5": 19,
  "predicted_good@0.5": 20,
  "acc@t*": 0.8148148148148148,
  "f1@t*": 0.8717948717948718,
  "bal_acc@t*": 0.7598684210526316,
  "roc_auc": 0.8092105263157894,
  "pr_auc": 0.9107929415421745,
  "threshold_used": 0.403,
  "threshold_method": "max_f1",
  "min_precision": null,
  "val_brier_for_selection": 0.03868763893842697,
  "val_n": 27,
  "test_n": 27,
  "batch_size_train": 16,
  "batch_size_valtest": 16,
  "backbone_key": "vit"
}