{
  "day": "Dy8",
  "split": "val",
  "accuracy": 0.7241379310344828,
  "f1": 0.8,
  "roc_auc": 0.7722222222222223,
  "pr_auc": 0.8696654788566553,
  "n": 29,
  "batch_size": 16,
  "input_key": "img_path",
  "use_mask": false
}