{
  "day": "Dy13",
  "day_no": 13,
  "n_metabolite_features": 12,
  "n_image_features": 12,
  "n_total_features": 24,
  "test_accuracy": 0.8421052631578947,
  "test_f1_acceptable": 0.9117647058823529,
  "test_f1_notacceptable": 0.25,
  "test_recall_acceptable": 0.96875,
  "test_recall_notacceptable": 0.16666666666666666,
  "test_precision_acceptable": 0.8611111111111112,
  "test_precision_notacceptable": 0.5,
  "test_specificity": 0.16666666666666666,
  "test_pr_auc": 0.9579606275427253,
  "best_params": {
    "colsample_bytree": 0.8,
    "learning_rate": 0.1,
    "max_depth": 3,
    "min_child_samples": 10,
    "n_estimators": 200,
    "num_leaves": 31,
    "subsample": 0.8
  },
  "cv_score": 0.3790849673202614,
  "pca_explained_variance": 0.4983419179916382,
  "confusion_matrix": {
    "TP": 31,
    "FP": 5,
    "TN": 1,
    "FN": 1
  }
}