{
  "n_components": 12,
  "explained_variance_ratio": [
    0.12348365783691406,
    0.08078815788030624,
    0.05348523333668709,
    0.03890018165111542,
    0.0356292761862278,
    0.032832033932209015,
    0.028714532032608986,
    0.02575194463133812,
    0.021226821467280388,
    0.020175689831376076,
    0.019214292988181114,
    0.018140092492103577
  ],
  "total_explained_variance": 0.4983419179916382
}