{
  "day": "Dy10",
  "day_no": 10,
  "split": "test",
  "accuracy": 0.5517241379310345,
  "f1": 0.6829268292682927,
  "roc_auc": 0.5654761904761905,
  "pr_auc": 0.8087914803771583,
  "val_accuracy_for_selection": 0.7931034482758621,
  "val_n": 29,
  "test_n": 29,
  "actual_good": 21,
  "predicted_good": 20,
  "batch_size_train": 16,
  "batch_size_valtest": 16,
  "backbone_key": "resnet",
  "input_key": "overlay_path",
  "use_mask": false
}