{
  "day": "Dy8",
  "split": "val",
  "accuracy": 0.7931034482758621,
  "f1": 0.8571428571428571,
  "roc_auc": 0.7833333333333332,
  "pr_auc": 0.9022759652628076,
  "n": 29,
  "batch_size": 16,
  "input_key": "overlay_path",
  "use_mask": false
}