{
  "day": "Dy10",
  "split": "val",
  "accuracy": 0.7407407407407407,
  "f1": 0.8372093023255814,
  "n": 27,
  "batch_size": 16
}