{
  "day": "Dy10",
  "day_no": 10,
  "split": "test",
  "accuracy": 0.48148148148148145,
  "f1": 0.6111111111111112,
  "val_accuracy_for_selection": 0.7407407407407407,
  "val_n": 27,
  "test_n": 27,
  "actual_good": 19,
  "predicted_good": 17,
  "batch_size_train": 16,
  "batch_size_valtest": 16,
  "backbone_key": "vit"
}