{
  "day": "Dy30",
  "day_no": 30,
  "split": "test",
  "accuracy": 0.9333333333333333,
  "f1": 0.9545454545454546,
  "roc_auc": 0.9629629629629629,
  "pr_auc": 0.9822578925243679,
  "val_accuracy_for_selection": 0.9333333333333333,
  "val_n": 30,
  "test_n": 30,
  "actual_good": 21,
  "predicted_good": 23,
  "batch_size_train": 16,
  "batch_size_valtest": 16,
  "backbone_key": "vit",
  "input_key": "img_path",
  "use_mask": true
}