{
  "day": "Dy20_5",
  "day_no": 20,
  "split": "test",
  "accuracy": 0.8275862068965517,
  "f1": 0.8837209302325582,
  "roc_auc": 0.7083333333333333,
  "pr_auc": 0.8176470370178905,
  "val_accuracy_for_selection": 0.8275862068965517,
  "val_n": 29,
  "test_n": 29,
  "actual_good": 21,
  "predicted_good": 22,
  "batch_size_train": 16,
  "batch_size_valtest": 16,
  "backbone_key": "cnn",
  "input_key": "overlay_path",
  "use_mask": true
}