{
  "model_type": "cnn_lstm",
  "day": 8.0,
  "best_val_acc": 0.8823529411764706,
  "optimal_threshold": 0.89,
  "val_at_optimal": {
    "threshold": 0.89,
    "accuracy": 0.5882352941176471,
    "precision": 1.0,
    "recall": 0.5,
    "f1": 0.6666666666666666,
    "TNR": 1.0,
    "TPR": 0.5,
    "balanced_acc": 0.75,
    "TN": 3,
    "FP": 0,
    "FN": 7,
    "TP": 7,
    "confusion_matrix": [
      [
        3,
        0
      ],
      [
        7,
        7
      ]
    ]
  },
  "test_at_optimal": {
    "threshold": 0.89,
    "accuracy": 0.4594594594594595,
    "precision": 0.8235294117647058,
    "recall": 0.45161290322580644,
    "f1": 0.5833333333333334,
    "TNR": 0.5,
    "TPR": 0.45161290322580644,
    "balanced_acc": 0.47580645161290325,
    "TN": 3,
    "FP": 3,
    "FN": 17,
    "TP": 14,
    "confusion_matrix": [
      [
        3,
        3
      ],
      [
        17,
        14
      ]
    ]
  },
  "val_at_0.5": {
    "threshold": 0.5,
    "accuracy": 0.8823529411764706,
    "precision": 0.875,
    "recall": 1.0,
    "f1": 0.9333333333333333,
    "TNR": 0.3333333333333333,
    "TPR": 1.0,
    "balanced_acc": 0.6666666666666666,
    "TN": 1,
    "FP": 2,
    "FN": 0,
    "TP": 14,
    "confusion_matrix": [
      [
        1,
        2
      ],
      [
        0,
        14
      ]
    ]
  },
  "test_at_0.5": {
    "threshold": 0.5,
    "accuracy": 0.8648648648648649,
    "precision": 0.8611111111111112,
    "recall": 1.0,
    "f1": 0.9253731343283582,
    "TNR": 0.16666666666666666,
    "TPR": 1.0,
    "balanced_acc": 0.5833333333333334,
    "TN": 1,
    "FP": 5,
    "FN": 0,
    "TP": 31,
    "confusion_matrix": [
      [
        1,
        5
      ],
      [
        0,
        31
      ]
    ]
  },
  "train_history": [
    {
      "epoch": 1,
      "train_loss": 0.6836001343197293,
      "train_acc": 0.823943661971831,
      "val_loss": 0.649252732594808,
      "val_acc": 0.8235294117647058,
      "val_precision": 0.8235294117647058,
      "val_recall": 1.0,
      "val_f1": 0.9032258064516129
    },
    {
      "epoch": 2,
      "train_loss": 0.6428433292441897,
      "train_acc": 0.823943661971831,
      "val_loss": 0.6124865710735321,
      "val_acc": 0.8235294117647058,
      "val_precision": 0.8666666666666667,
      "val_recall": 0.9285714285714286,
      "val_f1": 0.896551724137931
    },
    {
      "epoch": 3,
      "train_loss": 0.5991728040907118,
      "train_acc": 0.8802816901408451,
      "val_loss": 0.6054358929395676,
      "val_acc": 0.8235294117647058,
      "val_precision": 0.8666666666666667,
      "val_recall": 0.9285714285714286,
      "val_f1": 0.896551724137931
    },
    {
      "epoch": 4,
      "train_loss": 0.5436010393831465,
      "train_acc": 0.8732394366197183,
      "val_loss": 0.613840140402317,
      "val_acc": 0.7647058823529411,
      "val_precision": 0.8571428571428571,
      "val_recall": 0.8571428571428571,
      "val_f1": 0.8571428571428571
    },
    {
      "epoch": 5,
      "train_loss": 0.4222082503967815,
      "train_acc": 0.9436619718309859,
      "val_loss": 0.6302803084254265,
      "val_acc": 0.7647058823529411,
      "val_precision": 0.8571428571428571,
      "val_recall": 0.8571428571428571,
      "val_f1": 0.8571428571428571
    },
    {
      "epoch": 6,
      "train_loss": 0.34437360655930305,
      "train_acc": 0.9366197183098591,
      "val_loss": 0.8639883920550346,
      "val_acc": 0.7647058823529411,
      "val_precision": 0.8571428571428571,
      "val_recall": 0.8571428571428571,
      "val_f1": 0.8571428571428571
    },
    {
      "epoch": 7,
      "train_loss": 0.2762603378958172,
      "train_acc": 0.9507042253521126,
      "val_loss": 0.6236292024453481,
      "val_acc": 0.8823529411764706,
      "val_precision": 0.875,
      "val_recall": 1.0,
      "val_f1": 0.9333333333333333
    },
    {
      "epoch": 8,
      "train_loss": 0.16745729309817156,
      "train_acc": 0.9859154929577465,
      "val_loss": 0.930030512313048,
      "val_acc": 0.7058823529411765,
      "val_precision": 0.8461538461538461,
      "val_recall": 0.7857142857142857,
      "val_f1": 0.8148148148148148
    },
    {
      "epoch": 9,
      "train_loss": 0.11537676599497597,
      "train_acc": 0.9859154929577465,
      "val_loss": 0.8944788438578447,
      "val_acc": 0.7058823529411765,
      "val_precision": 0.8461538461538461,
      "val_recall": 0.7857142857142857,
      "val_f1": 0.8148148148148148
    },
    {
      "epoch": 10,
      "train_loss": 0.07236452540382743,
      "train_acc": 1.0,
      "val_loss": 0.8630474762370189,
      "val_acc": 0.6470588235294118,
      "val_precision": 0.9,
      "val_recall": 0.6428571428571429,
      "val_f1": 0.75
    },
    {
      "epoch": 11,
      "train_loss": 0.040421028000613056,
      "train_acc": 1.0,
      "val_loss": 1.0862957858480513,
      "val_acc": 0.8235294117647058,
      "val_precision": 0.8666666666666667,
      "val_recall": 0.9285714285714286,
      "val_f1": 0.896551724137931
    },
    {
      "epoch": 12,
      "train_loss": 0.029514683798576396,
      "train_acc": 1.0,
      "val_loss": 0.8970125031967958,
      "val_acc": 0.8235294117647058,
      "val_precision": 0.8666666666666667,
      "val_recall": 0.9285714285714286,
      "val_f1": 0.896551724137931
    },
    {
      "epoch": 13,
      "train_loss": 0.026075157776681915,
      "train_acc": 1.0,
      "val_loss": 0.9696933329105377,
      "val_acc": 0.8823529411764706,
      "val_precision": 0.875,
      "val_recall": 1.0,
      "val_f1": 0.9333333333333333
    },
    {
      "epoch": 14,
      "train_loss": 0.0570059206802398,
      "train_acc": 0.971830985915493,
      "val_loss": 1.0813285931944847,
      "val_acc": 0.5882352941176471,
      "val_precision": 0.8888888888888888,
      "val_recall": 0.5714285714285714,
      "val_f1": 0.6956521739130435
    },
    {
      "epoch": 15,
      "train_loss": 0.026045967773016956,
      "train_acc": 0.9929577464788732,
      "val_loss": 1.1390049457550049,
      "val_acc": 0.7647058823529411,
      "val_precision": 0.9166666666666666,
      "val_recall": 0.7857142857142857,
      "val_f1": 0.8461538461538461
    },
    {
      "epoch": 16,
      "train_loss": 0.05443756788089457,
      "train_acc": 0.9859154929577465,
      "val_loss": 1.083617369333903,
      "val_acc": 0.7647058823529411,
      "val_precision": 0.9166666666666666,
      "val_recall": 0.7857142857142857,
      "val_f1": 0.8461538461538461
    },
    {
      "epoch": 17,
      "train_loss": 0.019597671926021576,
      "train_acc": 1.0,
      "val_loss": 1.0104157825311024,
      "val_acc": 0.7647058823529411,
      "val_precision": 0.9166666666666666,
      "val_recall": 0.7857142857142857,
      "val_f1": 0.8461538461538461
    },
    {
      "epoch": 18,
      "train_loss": 0.026022031489345763,
      "train_acc": 1.0,
      "val_loss": 1.0870424037178357,
      "val_acc": 0.7647058823529411,
      "val_precision": 0.9166666666666666,
      "val_recall": 0.7857142857142857,
      "val_f1": 0.8461538461538461
    },
    {
      "epoch": 19,
      "train_loss": 0.008994418545626104,
      "train_acc": 1.0,
      "val_loss": 1.1056248508393764,
      "val_acc": 0.7058823529411765,
      "val_precision": 0.9090909090909091,
      "val_recall": 0.7142857142857143,
      "val_f1": 0.8
    },
    {
      "epoch": 20,
      "train_loss": 0.030795113338778417,
      "train_acc": 0.9929577464788732,
      "val_loss": 1.0732179532448451,
      "val_acc": 0.7647058823529411,
      "val_precision": 0.8571428571428571,
      "val_recall": 0.8571428571428571,
      "val_f1": 0.8571428571428571
    }
  ],
  "model_path": "/home/tonyluo/amanda_temporal/comparison_runs/per_day_study_overlay/cnn_lstm/day_8_0/best_model.pth"
}