{
  "day": "Dy24",
  "day_no": 24,
  "n_metabolite_features": 12,
  "n_image_features": 12,
  "n_total_features": 24,
  "test_accuracy": 0.8372093023255814,
  "test_f1_acceptable": 0.9014084507042254,
  "test_f1_notacceptable": 0.5333333333333333,
  "test_recall_acceptable": 0.9411764705882353,
  "test_recall_notacceptable": 0.4444444444444444,
  "test_precision_acceptable": 0.8648648648648649,
  "test_precision_notacceptable": 0.6666666666666666,
  "test_specificity": 0.4444444444444444,
  "test_pr_auc": 0.9498784840409021,
  "best_params": {
    "colsample_bytree": 0.8,
    "learning_rate": 0.1,
    "max_depth": 3,
    "min_child_samples": 10,
    "n_estimators": 200,
    "num_leaves": 31,
    "subsample": 0.8
  },
  "cv_score": 0.5792229935452441,
  "pca_explained_variance": 0.518913984298706,
  "confusion_matrix": {
    "TP": 32,
    "FP": 5,
    "TN": 4,
    "FN": 2
  }
}