{
  "n_components": 12,
  "explained_variance_ratio": [
    0.14653946459293365,
    0.08188818395137787,
    0.050694890320301056,
    0.03985510393977165,
    0.036318253725767136,
    0.035861365497112274,
    0.027215611189603806,
    0.025530340149998665,
    0.020536888390779495,
    0.019343487918376923,
    0.01822294294834137,
    0.016907434910535812
  ],
  "total_explained_variance": 0.518913984298706
}