{
  "model_type": "effnet_tchange",
  "day": 13,
  "best_val_acc": 0.8235294222831726,
  "optimal_threshold": 0.59,
  "val_at_optimal": {
    "threshold": 0.59,
    "accuracy": 0.7058823529411765,
    "precision": 0.9090909090909091,
    "recall": 0.7142857142857143,
    "f1": 0.8,
    "TNR": 0.6666666666666666,
    "TPR": 0.7142857142857143,
    "sensitivity": 0.7142857142857143,
    "specificity": 0.6666666666666666,
    "balanced_acc": 0.6904761904761905,
    "TN": 2,
    "FP": 1,
    "FN": 4,
    "TP": 10,
    "confusion_matrix": [
      [
        2,
        1
      ],
      [
        4,
        10
      ]
    ]
  },
  "test_at_optimal": {
    "threshold": 0.59,
    "accuracy": 0.4864864864864865,
    "precision": 0.75,
    "recall": 0.5806451612903226,
    "f1": 0.6545454545454545,
    "TNR": 0.0,
    "TPR": 0.5806451612903226,
    "sensitivity": 0.5806451612903226,
    "specificity": 0.0,
    "balanced_acc": 0.2903225806451613,
    "TN": 0,
    "FP": 6,
    "FN": 13,
    "TP": 18,
    "confusion_matrix": [
      [
        0,
        6
      ],
      [
        13,
        18
      ]
    ]
  },
  "val_at_0.5": {
    "threshold": 0.5,
    "accuracy": 0.8235294117647058,
    "precision": 0.8235294117647058,
    "recall": 1.0,
    "f1": 0.9032258064516129,
    "TNR": 0.0,
    "TPR": 1.0,
    "sensitivity": 1.0,
    "specificity": 0.0,
    "balanced_acc": 0.5,
    "TN": 0,
    "FP": 3,
    "FN": 0,
    "TP": 14,
    "confusion_matrix": [
      [
        0,
        3
      ],
      [
        0,
        14
      ]
    ]
  },
  "test_at_0.5": {
    "threshold": 0.5,
    "accuracy": 0.8378378378378378,
    "precision": 0.8378378378378378,
    "recall": 1.0,
    "f1": 0.9117647058823529,
    "TNR": 0.0,
    "TPR": 1.0,
    "sensitivity": 1.0,
    "specificity": 0.0,
    "balanced_acc": 0.5,
    "TN": 0,
    "FP": 6,
    "FN": 0,
    "TP": 31,
    "confusion_matrix": [
      [
        0,
        6
      ],
      [
        0,
        31
      ]
    ]
  },
  "threshold_results": [
    {
      "threshold": "fixed",
      "threshold_value": 0.5,
      "val": {
        "threshold": 0.5,
        "accuracy": 0.8235294117647058,
        "precision": 0.8235294117647058,
        "recall": 1.0,
        "f1": 0.9032258064516129,
        "TNR": 0.0,
        "TPR": 1.0,
        "sensitivity": 1.0,
        "specificity": 0.0,
        "balanced_acc": 0.5,
        "TN": 0,
        "FP": 3,
        "FN": 0,
        "TP": 14,
        "confusion_matrix": [
          [
            0,
            3
          ],
          [
            0,
            14
          ]
        ]
      },
      "test": {
        "threshold": 0.5,
        "accuracy": 0.8378378378378378,
        "precision": 0.8378378378378378,
        "recall": 1.0,
        "f1": 0.9117647058823529,
        "TNR": 0.0,
        "TPR": 1.0,
        "sensitivity": 1.0,
        "specificity": 0.0,
        "balanced_acc": 0.5,
        "TN": 0,
        "FP": 6,
        "FN": 0,
        "TP": 31,
        "confusion_matrix": [
          [
            0,
            6
          ],
          [
            0,
            31
          ]
        ]
      }
    },
    {
      "threshold": "fixed",
      "threshold_value": 0.6,
      "val": {
        "threshold": 0.6,
        "accuracy": 0.35294117647058826,
        "precision": 0.8,
        "recall": 0.2857142857142857,
        "f1": 0.42105263157894735,
        "TNR": 0.6666666666666666,
        "TPR": 0.2857142857142857,
        "sensitivity": 0.2857142857142857,
        "specificity": 0.6666666666666666,
        "balanced_acc": 0.47619047619047616,
        "TN": 2,
        "FP": 1,
        "FN": 10,
        "TP": 4,
        "confusion_matrix": [
          [
            2,
            1
          ],
          [
            10,
            4
          ]
        ]
      },
      "test": {
        "threshold": 0.6,
        "accuracy": 0.35135135135135137,
        "precision": 0.7692307692307693,
        "recall": 0.3225806451612903,
        "f1": 0.45454545454545453,
        "TNR": 0.5,
        "TPR": 0.3225806451612903,
        "sensitivity": 0.3225806451612903,
        "specificity": 0.5,
        "balanced_acc": 0.41129032258064513,
        "TN": 3,
        "FP": 3,
        "FN": 21,
        "TP": 10,
        "confusion_matrix": [
          [
            3,
            3
          ],
          [
            21,
            10
          ]
        ]
      }
    },
    {
      "threshold": "fixed",
      "threshold_value": 0.7,
      "val": {
        "threshold": 0.7,
        "accuracy": 0.17647058823529413,
        "precision": 0.0,
        "recall": 0.0,
        "f1": 0.0,
        "TNR": 1.0,
        "TPR": 0.0,
        "sensitivity": 0.0,
        "specificity": 1.0,
        "balanced_acc": 0.5,
        "TN": 3,
        "FP": 0,
        "FN": 14,
        "TP": 0,
        "confusion_matrix": [
          [
            3,
            0
          ],
          [
            14,
            0
          ]
        ]
      },
      "test": {
        "threshold": 0.7,
        "accuracy": 0.16216216216216217,
        "precision": 0.0,
        "recall": 0.0,
        "f1": 0.0,
        "TNR": 1.0,
        "TPR": 0.0,
        "sensitivity": 0.0,
        "specificity": 1.0,
        "balanced_acc": 0.5,
        "TN": 6,
        "FP": 0,
        "FN": 31,
        "TP": 0,
        "confusion_matrix": [
          [
            6,
            0
          ],
          [
            31,
            0
          ]
        ]
      }
    },
    {
      "threshold": "fixed",
      "threshold_value": 0.8,
      "val": {
        "threshold": 0.8,
        "accuracy": 0.17647058823529413,
        "precision": 0.0,
        "recall": 0.0,
        "f1": 0.0,
        "TNR": 1.0,
        "TPR": 0.0,
        "sensitivity": 0.0,
        "specificity": 1.0,
        "balanced_acc": 0.5,
        "TN": 3,
        "FP": 0,
        "FN": 14,
        "TP": 0,
        "confusion_matrix": [
          [
            3,
            0
          ],
          [
            14,
            0
          ]
        ]
      },
      "test": {
        "threshold": 0.8,
        "accuracy": 0.16216216216216217,
        "precision": 0.0,
        "recall": 0.0,
        "f1": 0.0,
        "TNR": 1.0,
        "TPR": 0.0,
        "sensitivity": 0.0,
        "specificity": 1.0,
        "balanced_acc": 0.5,
        "TN": 6,
        "FP": 0,
        "FN": 31,
        "TP": 0,
        "confusion_matrix": [
          [
            6,
            0
          ],
          [
            31,
            0
          ]
        ]
      }
    },
    {
      "threshold": "fixed",
      "threshold_value": 0.9,
      "val": {
        "threshold": 0.9,
        "accuracy": 0.17647058823529413,
        "precision": 0.0,
        "recall": 0.0,
        "f1": 0.0,
        "TNR": 1.0,
        "TPR": 0.0,
        "sensitivity": 0.0,
        "specificity": 1.0,
        "balanced_acc": 0.5,
        "TN": 3,
        "FP": 0,
        "FN": 14,
        "TP": 0,
        "confusion_matrix": [
          [
            3,
            0
          ],
          [
            14,
            0
          ]
        ]
      },
      "test": {
        "threshold": 0.9,
        "accuracy": 0.16216216216216217,
        "precision": 0.0,
        "recall": 0.0,
        "f1": 0.0,
        "TNR": 1.0,
        "TPR": 0.0,
        "sensitivity": 0.0,
        "specificity": 1.0,
        "balanced_acc": 0.5,
        "TN": 6,
        "FP": 0,
        "FN": 31,
        "TP": 0,
        "confusion_matrix": [
          [
            6,
            0
          ],
          [
            31,
            0
          ]
        ]
      }
    },
    {
      "threshold": "optimal",
      "threshold_value": 0.59,
      "val": {
        "threshold": 0.59,
        "accuracy": 0.7058823529411765,
        "precision": 0.9090909090909091,
        "recall": 0.7142857142857143,
        "f1": 0.8,
        "TNR": 0.6666666666666666,
        "TPR": 0.7142857142857143,
        "sensitivity": 0.7142857142857143,