{
  "day": "Dy20_5",
  "split": "val",
  "accuracy": 0.8275862068965517,
  "f1": 0.8888888888888888,
  "roc_auc": 0.6607142857142857,
  "pr_auc": 0.7812873120867372,
  "n": 29,
  "batch_size": 16,
  "input_key": "img_path",
  "use_mask": true
}