{
  "day": "Dy24",
  "split": "val",
  "accuracy": 0.8620689655172413,
  "f1": 0.9090909090909091,
  "roc_auc": 0.9444444444444444,
  "pr_auc": 0.974357800137599,
  "n": 29,
  "batch_size": 16,
  "input_key": "img_path",
  "use_mask": true
}