{
  "day": "Dy13",
  "day_no": 13,
  "split": "test",
  "accuracy": 0.5555555555555556,
  "f1": 0.6842105263157895,
  "val_accuracy_for_selection": 0.8148148148148148,
  "val_n": 27,
  "test_n": 27,
  "actual_good": 19,
  "predicted_good": 19,
  "batch_size_train": 16,
  "batch_size_valtest": 16,
  "backbone_key": "vit"
}