{
  "day": "Dy13",
  "split": "val",
  "accuracy": 0.6896551724137931,
  "f1": 0.7804878048780488,
  "roc_auc": 0.5611111111111112,
  "pr_auc": 0.6943616441114174,
  "n": 29,
  "batch_size": 16,
  "input_key": "overlay_path",
  "use_mask": false
}