{
  "day": "Dy28",
  "split": "val",
  "accuracy": 0.8666666666666667,
  "f1": 0.9130434782608695,
  "roc_auc": 0.7566137566137567,
  "pr_auc": 0.8125075419779573,
  "n": 30,
  "batch_size": 16,
  "input_key": "img_path",
  "use_mask": true
}