{
  "day": "Dy28",
  "day_no": 28,
  "split": "test",
  "accuracy": 0.8666666666666667,
  "f1": 0.9130434782608695,
  "roc_auc": 0.8201058201058202,
  "pr_auc": 0.8382933302548516,
  "val_accuracy_for_selection": 0.8666666666666667,
  "val_n": 30,
  "test_n": 30,
  "actual_good": 21,
  "predicted_good": 25,
  "batch_size_train": 16,
  "batch_size_valtest": 16,
  "backbone_key": "resnet",
  "input_key": "img_path",
  "use_mask": true
}