{
  "day": "Dy20_5",
  "split": "val",
  "accuracy": 0.896551724137931,
  "f1": 0.9302325581395349,
  "n": 29,
  "batch_size": 16
}