{
  "day": "Dy15",
  "day_no": 15,
  "split": "test",
  "accuracy": 0.5172413793103449,
  "f1": 0.6818181818181818,
  "roc_auc": 0.6071428571428571,
  "pr_auc": 0.86740489861505,
  "val_accuracy_for_selection": 0.7241379310344828,
  "val_n": 29,
  "test_n": 29,
  "actual_good": 21,
  "predicted_good": 23,
  "batch_size_train": 16,
  "batch_size_valtest": 16,
  "backbone_key": "vit",
  "input_key": "img_path",
  "use_mask": true
}