{
  "day": "Dy13",
  "split": "val",
  "accuracy": 0.6551724137931034,
  "f1": 0.782608695652174,
  "n": 29,
  "batch_size": 16
}