{
  "day": "Dy3",
  "day_no": 3,
  "split": "test",
  "accuracy": 0.7777777777777778,
  "f1": 0.8571428571428571,
  "roc_auc": 0.5921052631578947,
  "pr_auc": 0.7487240423305346,
  "val_accuracy_for_selection": 0.9259259259259259,
  "val_n": 27,
  "test_n": 27,
  "actual_good": 19,
  "predicted_good": 23,
  "batch_size_train": 16,
  "batch_size_valtest": 16,
  "backbone_key": "resnet"
}