{
  "day": "Dy3",
  "split": "val",
  "accuracy": 0.9259259259259259,
  "f1": 0.9523809523809523,
  "roc_auc": 0.8285714285714286,
  "pr_auc": 0.8808374775808987,
  "n": 27,
  "batch_size": 16
}